customer_id,segment,country,onboarding_date,kyc_status
C000001,Consumer,India,2024-11-28,VERIFIED
C000002,Enterprise,Singapore,2025-08-25,PENDING
C000003,SME,India,2024-06-14,VERIFIED
C000004,Consumer,India,2024-06-09,VERIFIED
C000005,Consumer,India,2024-01-06,VERIFIED
C000006,Consumer,India,2025-10-14,VERIFIED
C000007,Consumer,India,2024-07-23,VERIFIED
C000008,SME,India,2025-06-15,VERIFIED
C000009,Consumer,India,2024-04-09,VERIFIED
C000010,SME,India,2025-11-07,VERIFIED
C000011,Consumer,India,2024-02-14,VERIFIED
C000012,Enterprise,India,2025-04-01,VERIFIED
C000013,SME,UAE,2026-04-28,VERIFIED
C000014,Consumer,India,2024-08-14,VERIFIED
C000015,Consumer,UAE,2024-11-10,PENDING
C000016,Consumer,UAE,2024-02-21,VERIFIED
C000017,Consumer,India,2024-05-25,VERIFIED
C000018,Consumer,Singapore,2024-10-07,VERIFIED
C000019,Consumer,India,2024-05-02,VERIFIED
C000020,Consumer,Singapore,2025-12-19,VERIFIED
C000021,Consumer,India,2025-04-15,VERIFIED
C000022,Consumer,UAE,2024-10-23,REJECTED
C000023,Consumer,India,2025-09-05,VERIFIED
C000024,Consumer,Singapore,2025-05-26,VERIFIED
C000025,Consumer,India,2026-02-24,VERIFIED
C000026,SME,UAE,2025-10-02,VERIFIED
C000027,Consumer,India,2025-05-16,VERIFIED
C000028,Consumer,Singapore,2025-11-09,VERIFIED
C000029,Consumer,India,2024-07-20,VERIFIED
C000030,Consumer,India,2025-02-18,PENDING
C000031,Consumer,Singapore,2025-09-05,VERIFIED
C000032,Consumer,UAE,2025-08-05,VERIFIED
C000033,Consumer,India,2025-02-25,PENDING
C000034,Enterprise,UAE,2025-06-03,VERIFIED
C000035,Enterprise,Singapore,2025-11-04,VERIFIED
C000036,SME,Singapore,2024-03-13,VERIFIED
C000037,Consumer,India,2024-12-10,REJECTED
C000038,Consumer,India,2024-01-27,VERIFIED
C000039,SME,UAE,2024-06-17,VERIFIED
C000040,Consumer,India,2026-02-13,VERIFIED
C000041,Consumer,India,2026-03-10,REJECTED
C000042,Consumer,India,2025-08-07,VERIFIED
C000043,Consumer,India,2024-07-27,VERIFIED
C000044,Enterprise,Singapore,2025-09-02,VERIFIED
C000045,Consumer,Singapore,2026-05-29,VERIFIED
C000046,SME,Singapore,2025-06-26,VERIFIED
C000047,Consumer,India,2026-04-27,VERIFIED
C000048,Consumer,India,2025-06-28,VERIFIED
C000049,Consumer,India,2025-12-25,VERIFIED
C000050,Consumer,India,2025-10-18,VERIFIED
C000051,Enterprise,UAE,2025-09-02,VERIFIED
C000052,SME,Singapore,2026-04-01,VERIFIED
C000053,Enterprise,India,2024-11-05,VERIFIED
C000054,SME,UAE,2024-06-28,VERIFIED
C000055,Consumer,India,2025-10-08,VERIFIED
C000056,Enterprise,Singapore,2025-03-13,VERIFIED
C000057,Consumer,India,2025-04-21,VERIFIED
C000058,Consumer,Singapore,2025-01-29,VERIFIED
C000059,Consumer,India,2025-12-02,PENDING
C000060,Consumer,India,2025-06-25,VERIFIED
C000061,Consumer,India,2025-08-16,VERIFIED
C000062,Consumer,India,2024-02-26,VERIFIED
C000063,SME,India,2024-06-22,VERIFIED
C000064,Consumer,India,2025-12-20,VERIFIED
C000065,Consumer,India,2024-11-21,VERIFIED
C000066,Consumer,Singapore,2024-11-17,VERIFIED
C000067,Consumer,India,2024-07-01,VERIFIED
C000068,SME,Singapore,2024-08-22,VERIFIED
C000069,Consumer,India,2025-09-10,VERIFIED
C000070,Enterprise,UAE,2024-07-04,VERIFIED
C000071,SME,UAE,2024-09-22,PENDING
C000072,Consumer,India,2025-10-05,VERIFIED
C000073,Consumer,Singapore,2026-04-21,VERIFIED
C000074,SME,India,2024-11-24,VERIFIED
C000075,SME,UAE,2026-04-09,VERIFIED
C000076,SME,India,2024-12-30,PENDING
C000077,SME,India,2025-11-13,REJECTED
C000078,Consumer,India,2026-03-20,VERIFIED
C000079,Consumer,India,2024-01-24,VERIFIED
C000080,Consumer,India,2024-09-17,VERIFIED
C000081,SME,Singapore,2024-12-20,VERIFIED
C000082,Consumer,India,2024-07-14,VERIFIED
C000083,Consumer,India,2025-09-02,VERIFIED
C000084,Consumer,India,2025-05-04,VERIFIED
C000085,Consumer,India,2024-11-28,VERIFIED
C000086,Consumer,India,2025-09-04,VERIFIED
C000087,SME,Singapore,2026-05-13,VERIFIED
C000088,SME,India,2025-09-23,VERIFIED
C000089,SME,Singapore,2024-11-16,VERIFIED
C000090,Consumer,India,2025-03-22,PENDING
C000091,Consumer,India,2025-01-11,VERIFIED
C000092,SME,Singapore,2024-07-21,VERIFIED
C000093,SME,India,2024-03-30,PENDING
C000094,Consumer,India,2025-12-07,VERIFIED
C000095,SME,Singapore,2024-06-25,VERIFIED
C000096,Consumer,India,2025-09-18,VERIFIED
C000097,Consumer,India,2026-04-24,PENDING
C000098,Consumer,India,2024-02-01,VERIFIED
C000099,Consumer,Singapore,2026-05-29,VERIFIED
C000100,Consumer,India,2025-12-27,VERIFIED
C000101,Consumer,India,2026-03-30,VERIFIED
C000102,SME,India,2026-03-01,VERIFIED
C000103,Consumer,India,2024-08-30,VERIFIED
C000104,Consumer,India,2026-03-08,VERIFIED
C000105,Enterprise,UAE,2024-03-10,VERIFIED
C000106,Consumer,UAE,2024-03-11,VERIFIED
C000107,Consumer,India,2025-09-14,VERIFIED
C000108,SME,India,2024-06-06,VERIFIED
C000109,Consumer,Singapore,2025-07-02,VERIFIED
C000110,Consumer,India,2026-03-26,VERIFIED
C000111,Consumer,Singapore,2024-11-21,VERIFIED
C000112,Consumer,Singapore,2024-02-04,VERIFIED
C000113,Enterprise,UAE,2025-04-24,VERIFIED
C000114,SME,India,2025-04-04,VERIFIED
C000115,SME,India,2026-04-15,VERIFIED
C000116,SME,UAE,2025-02-19,VERIFIED
C000117,SME,Singapore,2025-07-24,VERIFIED
C000118,Consumer,UAE,2025-02-22,VERIFIED
C000119,SME,India,2025-05-25,VERIFIED
C000120,Consumer,Singapore,2025-01-02,VERIFIED
C000121,SME,India,2024-07-25,VERIFIED
C000122,SME,India,2024-12-26,VERIFIED
C000123,Consumer,India,2025-03-11,VERIFIED
C000124,Consumer,Singapore,2025-07-31,VERIFIED
C000125,Consumer,India,2026-02-12,VERIFIED
C000126,Consumer,India,2024-09-26,VERIFIED
C000127,SME,Singapore,2024-08-20,VERIFIED
C000128,SME,India,2025-10-30,VERIFIED
C000129,Consumer,UAE,2024-04-15,VERIFIED
C000130,Consumer,India,2025-10-27,VERIFIED
C000131,Consumer,India,2024-01-18,VERIFIED
C000132,Consumer,UAE,2025-05-09,VERIFIED
C000133,Consumer,UAE,2024-09-16,VERIFIED
C000134,Consumer,India,2025-04-29,VERIFIED
C000135,Enterprise,Singapore,2024-11-08,VERIFIED
C000136,Consumer,India,2025-09-22,VERIFIED
C000137,Consumer,India,2026-03-31,VERIFIED
C000138,SME,India,2024-04-11,VERIFIED
C000139,Consumer,India,2025-06-20,VERIFIED
C000140,Enterprise,Singapore,2024-06-28,VERIFIED
C000141,Enterprise,Singapore,2025-05-24,VERIFIED
C000142,Consumer,UAE,2025-04-21,VERIFIED
C000143,Consumer,Singapore,2025-11-04,VERIFIED
C000144,Consumer,India,2025-02-03,VERIFIED
C000145,Consumer,Singapore,2024-12-15,VERIFIED
C000146,Consumer,UAE,2024-08-02,VERIFIED
C000147,Consumer,Singapore,2025-01-17,VERIFIED
C000148,Consumer,Singapore,2024-05-03,VERIFIED
C000149,Consumer,UAE,2024-10-18,VERIFIED
C000150,Consumer,India,2025-10-29,VERIFIED
C000151,Enterprise,Singapore,2025-12-05,VERIFIED
C000152,Consumer,UAE,2024-11-23,VERIFIED
C000153,Consumer,UAE,2025-07-18,VERIFIED
C000154,Consumer,India,2025-11-12,PENDING
C000155,Enterprise,India,2026-04-26,VERIFIED
C000156,Consumer,Singapore,2024-04-07,REJECTED
C000157,SME,India,2025-10-20,VERIFIED
C000158,SME,Singapore,2024-10-26,VERIFIED
C000159,Consumer,India,2024-01-30,VERIFIED
C000160,SME,India,2024-03-14,PENDING
C000161,Consumer,India,2024-06-20,VERIFIED
C000162,SME,India,2024-03-24,VERIFIED
C000163,SME,India,2025-08-07,VERIFIED
C000164,Consumer,India,2026-01-13,VERIFIED
C000165,Consumer,India,2024-10-16,VERIFIED
C000166,SME,India,2025-09-30,PENDING
C000167,Consumer,India,2024-03-25,VERIFIED
C000168,Consumer,India,2024-09-10,VERIFIED
C000169,Consumer,Singapore,2025-10-25,PENDING
C000170,Consumer,Singapore,2026-04-03,VERIFIED
C000171,SME,India,2025-06-02,VERIFIED
C000172,Consumer,India,2025-03-27,VERIFIED
C000173,Consumer,Singapore,2024-11-02,VERIFIED
C000174,Consumer,India,2025-10-09,VERIFIED
C000175,SME,UAE,2024-07-02,VERIFIED
C000176,Consumer,Singapore,2024-11-09,REJECTED
C000177,SME,India,2024-12-06,VERIFIED
C000178,Consumer,India,2024-08-14,VERIFIED
C000179,Enterprise,India,2026-04-16,VERIFIED
C000180,Consumer,India,2026-01-25,VERIFIED
C000181,Consumer,India,2024-09-20,VERIFIED
C000182,Consumer,India,2025-03-25,VERIFIED
C000183,Enterprise,Singapore,2024-09-07,VERIFIED
C000184,SME,India,2025-02-11,VERIFIED
C000185,Consumer,India,2024-06-18,VERIFIED
C000186,SME,Singapore,2025-07-19,VERIFIED
C000187,SME,India,2024-05-11,VERIFIED
C000188,Consumer,India,2026-04-06,VERIFIED
C000189,Consumer,India,2025-08-28,VERIFIED
C000190,Consumer,India,2024-02-15,VERIFIED
C000191,Consumer,UAE,2024-12-15,VERIFIED
C000192,SME,India,2024-04-08,VERIFIED
C000193,Enterprise,India,2026-01-15,VERIFIED
C000194,SME,India,2026-02-19,VERIFIED
C000195,Consumer,India,2024-02-06,VERIFIED
C000196,Consumer,India,2025-03-13,VERIFIED
C000197,SME,Singapore,2024-03-15,VERIFIED
C000198,SME,UAE,2024-02-27,VERIFIED
C000199,SME,India,2024-01-19,VERIFIED
C000200,SME,India,2025-02-05,VERIFIED
C000201,SME,Singapore,2024-07-06,VERIFIED
C000202,Consumer,India,2024-05-18,VERIFIED
C000203,Consumer,India,2024-05-22,VERIFIED
C000204,SME,India,2024-04-17,VERIFIED
C000205,Consumer,India,2024-08-08,VERIFIED
C000206,Consumer,India,2024-05-24,VERIFIED
C000207,Consumer,Singapore,2026-05-07,VERIFIED
C000208,SME,Singapore,2025-05-24,VERIFIED
C000209,Consumer,India,2025-01-10,VERIFIED
C000210,Consumer,India,2024-01-05,VERIFIED
C000211,Consumer,UAE,2025-01-22,VERIFIED
C000212,SME,India,2025-07-21,VERIFIED
C000213,SME,UAE,2026-02-05,VERIFIED
C000214,Consumer,India,2026-01-03,VERIFIED
C000215,SME,India,2026-05-21,VERIFIED
C000216,Consumer,India,2025-07-13,VERIFIED
C000217,Consumer,UAE,2026-03-26,VERIFIED
C000218,SME,India,2024-06-11,VERIFIED
C000219,SME,India,2026-01-17,VERIFIED
C000220,SME,India,2026-01-29,PENDING
C000221,SME,UAE,2024-12-30,PENDING
C000222,Consumer,UAE,2025-02-20,VERIFIED
C000223,Consumer,UAE,2025-05-23,VERIFIED
C000224,Consumer,UAE,2025-09-03,PENDING
C000225,Consumer,India,2024-01-21,VERIFIED
C000226,Consumer,India,2025-09-05,VERIFIED
C000227,Enterprise,India,2025-05-31,VERIFIED
C000228,Consumer,India,2024-07-15,VERIFIED
C000229,SME,UAE,2025-10-22,VERIFIED
C000230,SME,UAE,2024-12-10,VERIFIED
C000231,SME,India,2024-11-25,VERIFIED
C000232,Consumer,Singapore,2025-01-12,VERIFIED
C000233,Consumer,UAE,2024-07-29,PENDING
C000234,Consumer,India,2024-06-08,VERIFIED
C000235,Consumer,India,2025-10-19,VERIFIED
C000236,SME,India,2025-07-23,VERIFIED
C000237,Consumer,India,2024-12-19,VERIFIED
C000238,Consumer,India,2024-08-27,VERIFIED
C000239,SME,India,2024-03-19,VERIFIED
C000240,Consumer,India,2024-05-31,VERIFIED
C000241,Enterprise,UAE,2025-05-31,PENDING
C000242,Enterprise,India,2025-01-17,VERIFIED
C000243,Enterprise,India,2025-11-23,VERIFIED
C000244,Consumer,UAE,2024-12-17,VERIFIED
C000245,Consumer,India,2024-07-19,VERIFIED
C000246,Enterprise,India,2024-05-12,VERIFIED
C000247,Consumer,Singapore,2025-09-25,VERIFIED
C000248,Enterprise,India,2024-06-17,VERIFIED
C000249,Enterprise,Singapore,2026-05-15,VERIFIED
C000250,SME,India,2025-01-25,VERIFIED
C000251,Consumer,India,2026-05-07,VERIFIED
C000252,Consumer,India,2025-01-19,VERIFIED
C000253,SME,India,2026-03-30,VERIFIED
C000254,Consumer,Singapore,2024-04-07,VERIFIED
C000255,Consumer,Singapore,2026-03-04,PENDING
C000256,Consumer,UAE,2025-01-11,VERIFIED
C000257,Enterprise,Singapore,2026-02-18,VERIFIED
C000258,SME,India,2026-04-17,VERIFIED
C000259,Consumer,Singapore,2024-12-05,VERIFIED
C000260,Consumer,Singapore,2025-06-14,VERIFIED
C000261,Consumer,Singapore,2024-05-11,VERIFIED
C000262,Enterprise,UAE,2025-08-30,VERIFIED
C000263,Consumer,India,2024-07-28,PENDING
C000264,Consumer,India,2024-01-05,VERIFIED
C000265,SME,Singapore,2025-01-11,VERIFIED
C000266,SME,India,2025-10-01,VERIFIED
C000267,SME,India,2024-02-23,VERIFIED
C000268,SME,Singapore,2025-05-12,PENDING
C000269,Consumer,India,2024-07-16,REJECTED
C000270,Consumer,India,2025-03-16,VERIFIED
C000271,SME,India,2025-12-18,VERIFIED
C000272,SME,Singapore,2024-06-28,VERIFIED
C000273,SME,India,2024-08-28,VERIFIED
C000274,Enterprise,Singapore,2026-02-24,VERIFIED
C000275,Consumer,India,2024-11-15,REJECTED
C000276,Consumer,India,2025-05-15,VERIFIED
C000277,SME,India,2025-10-11,VERIFIED
C000278,SME,Singapore,2024-01-23,PENDING
C000279,SME,India,2025-09-23,VERIFIED
C000280,SME,UAE,2025-09-18,VERIFIED
C000281,SME,UAE,2025-08-16,VERIFIED
C000282,Consumer,UAE,2025-12-08,VERIFIED
C000283,Consumer,UAE,2024-06-28,VERIFIED
C000284,Consumer,India,2026-05-13,PENDING
C000285,Consumer,India,2024-06-23,VERIFIED
C000286,Consumer,Singapore,2024-07-16,PENDING
C000287,Consumer,Singapore,2025-06-21,VERIFIED
C000288,Consumer,UAE,2025-03-29,VERIFIED
C000289,Consumer,Singapore,2024-04-08,VERIFIED
C000290,Consumer,UAE,2026-01-14,VERIFIED
C000291,Consumer,India,2025-03-02,VERIFIED
C000292,Consumer,UAE,2025-03-28,PENDING
C000293,SME,Singapore,2024-07-09,VERIFIED
C000294,Consumer,Singapore,2025-07-31,VERIFIED
C000295,Consumer,India,2026-01-27,VERIFIED
C000296,Consumer,Singapore,2025-05-13,VERIFIED
C000297,SME,UAE,2025-09-07,VERIFIED
C000298,Consumer,India,2024-07-09,PENDING
C000299,Consumer,Singapore,2024-05-20,VERIFIED
C000300,Consumer,India,2025-11-21,VERIFIED
C000301,Consumer,UAE,2026-02-11,VERIFIED
C000302,Consumer,India,2024-06-23,VERIFIED
C000303,Consumer,India,2025-02-23,VERIFIED
C000304,SME,India,2025-11-06,VERIFIED
C000305,SME,Singapore,2025-03-09,VERIFIED
C000306,Enterprise,India,2025-03-15,VERIFIED
C000307,Consumer,Singapore,2025-06-14,PENDING
C000308,Consumer,UAE,2025-06-15,VERIFIED
C000309,SME,UAE,2026-03-09,VERIFIED
C000310,Consumer,India,2024-12-26,VERIFIED
C000311,Consumer,UAE,2026-01-20,PENDING
C000312,Consumer,Singapore,2025-03-21,PENDING
C000313,Consumer,India,2025-07-09,PENDING
C000314,Enterprise,India,2025-12-08,VERIFIED
C000315,SME,India,2025-12-07,VERIFIED
C000316,SME,UAE,2024-12-22,VERIFIED
C000317,Consumer,India,2026-05-06,VERIFIED
C000318,Consumer,India,2025-07-14,REJECTED
C000319,Consumer,Singapore,2024-02-28,VERIFIED
C000320,Consumer,Singapore,2025-10-05,VERIFIED
C000321,Consumer,Singapore,2024-06-15,VERIFIED
C000322,SME,Singapore,2025-10-08,VERIFIED
C000323,SME,India,2025-08-23,PENDING
C000324,Consumer,UAE,2026-02-21,VERIFIED
C000325,Enterprise,India,2024-09-19,VERIFIED
C000326,SME,India,2025-03-06,VERIFIED
C000327,Consumer,Singapore,2025-09-19,VERIFIED
C000328,Consumer,India,2024-07-14,VERIFIED
C000329,Consumer,UAE,2024-12-19,VERIFIED
C000330,Consumer,India,2025-09-11,VERIFIED
C000331,Consumer,India,2026-05-23,PENDING
C000332,SME,UAE,2024-02-16,VERIFIED
C000333,Consumer,Singapore,2026-01-22,VERIFIED
C000334,Consumer,Singapore,2024-11-04,PENDING
C000335,Consumer,India,2024-08-17,VERIFIED
C000336,Consumer,UAE,2025-02-14,VERIFIED
C000337,SME,India,2026-01-26,VERIFIED
C000338,SME,India,2024-11-11,VERIFIED
C000339,Consumer,India,2026-01-31,PENDING
C000340,Consumer,India,2024-03-17,VERIFIED
C000341,Consumer,Singapore,2024-03-02,VERIFIED
C000342,Consumer,India,2025-07-24,VERIFIED
C000343,Consumer,India,2024-08-25,VERIFIED
C000344,Consumer,India,2025-12-01,VERIFIED
C000345,Consumer,Singapore,2025-07-21,PENDING
C000346,Consumer,UAE,2024-03-18,PENDING
C000347,SME,India,2026-01-03,VERIFIED
C000348,Consumer,India,2025-07-12,VERIFIED
C000349,Consumer,India,2025-10-11,VERIFIED
C000350,Consumer,Singapore,2025-02-19,VERIFIED
C000351,Consumer,India,2024-01-24,VERIFIED
C000352,SME,India,2024-01-29,VERIFIED
C000353,SME,Singapore,2025-05-05,VERIFIED
C000354,Consumer,UAE,2024-05-14,VERIFIED
C000355,Consumer,India,2024-12-16,VERIFIED
C000356,SME,Singapore,2024-12-15,VERIFIED
C000357,Consumer,Singapore,2024-10-07,REJECTED
C000358,Consumer,UAE,2025-04-20,VERIFIED
C000359,Enterprise,India,2024-10-18,VERIFIED
C000360,Consumer,India,2024-07-07,VERIFIED
C000361,Consumer,UAE,2025-08-05,VERIFIED
C000362,SME,India,2025-02-22,VERIFIED
C000363,Consumer,India,2025-04-12,VERIFIED
C000364,Consumer,India,2024-07-24,VERIFIED
C000365,Enterprise,UAE,2024-08-29,VERIFIED
C000366,Consumer,India,2024-11-01,VERIFIED
C000367,Enterprise,UAE,2024-07-02,VERIFIED
C000368,Enterprise,India,2025-04-22,VERIFIED
C000369,Consumer,India,2025-05-18,VERIFIED
C000370,Consumer,India,2024-05-07,VERIFIED
C000371,Consumer,India,2025-03-24,VERIFIED
C000372,Consumer,Singapore,2024-08-17,VERIFIED
C000373,Consumer,Singapore,2024-02-10,VERIFIED
C000374,SME,India,2026-03-03,VERIFIED
C000375,Consumer,India,2025-11-04,VERIFIED
C000376,Consumer,Singapore,2025-01-26,VERIFIED
C000377,SME,UAE,2026-04-03,VERIFIED
C000378,Consumer,Singapore,2024-12-05,VERIFIED
C000379,SME,UAE,2025-10-31,PENDING
C000380,Consumer,India,2026-04-15,VERIFIED
C000381,Consumer,UAE,2024-01-21,VERIFIED
C000382,SME,India,2024-12-12,VERIFIED
C000383,Consumer,India,2024-01-10,VERIFIED
C000384,SME,UAE,2024-03-27,VERIFIED
C000385,SME,UAE,2025-06-28,VERIFIED
C000386,SME,Singapore,2026-05-22,PENDING
C000387,Consumer,India,2024-12-04,VERIFIED
C000388,Consumer,India,2025-12-15,VERIFIED
C000389,SME,India,2024-01-04,VERIFIED
C000390,SME,UAE,2024-01-23,VERIFIED
C000391,Enterprise,India,2024-07-15,VERIFIED
C000392,Consumer,UAE,2026-03-31,VERIFIED
C000393,Consumer,India,2026-05-30,VERIFIED
C000394,SME,Singapore,2025-05-12,VERIFIED
C000395,Consumer,UAE,2026-02-24,VERIFIED
C000396,Enterprise,India,2024-09-29,VERIFIED
C000397,SME,India,2025-03-26,VERIFIED
C000398,Consumer,Singapore,2024-04-16,VERIFIED
C000399,SME,India,2026-05-30,PENDING
C000400,SME,Singapore,2025-01-12,VERIFIED
C000401,Consumer,Singapore,2024-07-18,VERIFIED
C000402,Enterprise,India,2026-05-04,VERIFIED
C000403,Consumer,UAE,2025-12-27,VERIFIED
C000404,SME,India,2024-01-02,VERIFIED
C000405,Consumer,UAE,2024-04-30,VERIFIED
C000406,SME,India,2025-09-06,VERIFIED
C000407,Consumer,Singapore,2024-05-28,VERIFIED
C000408,Consumer,India,2024-05-31,VERIFIED
C000409,Enterprise,India,2025-07-18,VERIFIED
C000410,Consumer,India,2025-11-08,VERIFIED
C000411,Consumer,Singapore,2024-11-01,VERIFIED
C000412,Enterprise,India,2025-11-09,VERIFIED
C000413,Enterprise,UAE,2026-04-07,VERIFIED
C000414,Consumer,India,2026-05-31,VERIFIED
C000415,SME,Singapore,2025-04-19,VERIFIED
C000416,Consumer,Singapore,2024-12-29,VERIFIED
C000417,Consumer,India,2026-03-17,VERIFIED
C000418,Consumer,India,2024-03-11,VERIFIED
C000419,SME,India,2025-10-01,VERIFIED
C000420,SME,India,2024-02-02,VERIFIED
C000421,SME,India,2024-06-05,VERIFIED
C000422,SME,Singapore,2024-11-25,VERIFIED
C000423,Consumer,India,2026-02-16,VERIFIED
C000424,Consumer,Singapore,2025-12-16,VERIFIED
C000425,Consumer,UAE,2025-12-07,VERIFIED
C000426,Consumer,India,2025-01-21,VERIFIED
C000427,Consumer,Singapore,2025-09-12,VERIFIED
C000428,SME,India,2024-06-07,VERIFIED
C000429,Consumer,UAE,2026-03-05,VERIFIED
C000430,Consumer,India,2025-06-22,VERIFIED
C000431,Consumer,Singapore,2024-08-14,VERIFIED
C000432,SME,UAE,2024-09-08,VERIFIED
C000433,Consumer,Singapore,2025-01-01,VERIFIED
C000434,Consumer,Singapore,2026-02-15,VERIFIED
C000435,Consumer,India,2024-09-18,PENDING
C000436,SME,India,2025-10-07,VERIFIED
C000437,Consumer,Singapore,2025-06-21,VERIFIED
C000438,SME,India,2024-02-12,VERIFIED
C000439,SME,Singapore,2025-06-14,VERIFIED
C000440,Consumer,India,2024-01-16,VERIFIED
C000441,Consumer,UAE,2024-04-14,VERIFIED
C000442,Enterprise,India,2026-03-01,VERIFIED
C000443,Consumer,India,2024-07-21,VERIFIED
C000444,Consumer,Singapore,2025-12-20,VERIFIED
C000445,SME,India,2025-11-08,VERIFIED
C000446,Enterprise,India,2024-02-28,VERIFIED
C000447,Enterprise,India,2024-02-17,VERIFIED
C000448,SME,India,2025-10-21,VERIFIED
C000449,Consumer,India,2024-10-03,VERIFIED
C000450,Consumer,India,2025-02-15,VERIFIED
C000451,SME,India,2024-06-26,VERIFIED
C000452,Consumer,India,2026-03-11,REJECTED
C000453,Consumer,UAE,2024-04-23,VERIFIED
C000454,Enterprise,India,2024-10-22,VERIFIED
C000455,Consumer,India,2025-12-30,VERIFIED
C000456,Consumer,India,2025-03-13,VERIFIED
C000457,Consumer,UAE,2024-09-22,VERIFIED
C000458,Consumer,India,2024-06-10,VERIFIED
C000459,Consumer,Singapore,2026-04-20,VERIFIED
C000460,Consumer,India,2025-05-18,VERIFIED
C000461,Consumer,India,2024-02-05,VERIFIED
C000462,SME,Singapore,2025-08-09,PENDING
C000463,SME,India,2025-04-02,REJECTED
C000464,Consumer,India,2025-10-08,VERIFIED
C000465,Enterprise,UAE,2025-01-05,VERIFIED
C000466,Consumer,Singapore,2025-04-30,VERIFIED
C000467,Consumer,UAE,2024-09-28,VERIFIED
C000468,SME,Singapore,2024-06-27,VERIFIED
C000469,Consumer,Singapore,2025-04-24,PENDING
C000470,Enterprise,UAE,2024-06-07,VERIFIED
C000471,Consumer,India,2026-01-24,VERIFIED
C000472,Enterprise,Singapore,2026-03-23,VERIFIED
C000473,Consumer,Singapore,2024-07-22,VERIFIED
C000474,SME,India,2026-03-05,VERIFIED
C000475,Consumer,India,2024-10-04,VERIFIED
C000476,Enterprise,India,2024-05-22,VERIFIED
C000477,Consumer,Singapore,2025-06-03,PENDING
C000478,Consumer,India,2025-05-26,PENDING
C000479,Enterprise,UAE,2024-04-25,VERIFIED
C000480,Consumer,India,2025-01-26,VERIFIED
C000481,Consumer,Singapore,2024-12-08,VERIFIED
C000482,SME,India,2025-01-07,VERIFIED
C000483,Consumer,Singapore,2026-02-22,VERIFIED
C000484,Consumer,Singapore,2025-11-18,VERIFIED
C000485,Consumer,Singapore,2025-12-26,VERIFIED
C000486,Enterprise,Singapore,2025-01-03,VERIFIED
C000487,Consumer,UAE,2024-08-02,VERIFIED
C000488,Consumer,India,2025-05-25,VERIFIED
C000489,Enterprise,India,2025-07-22,REJECTED
C000490,SME,Singapore,2026-01-10,PENDING
C000491,Consumer,India,2026-03-22,VERIFIED
C000492,Consumer,India,2024-11-22,VERIFIED
C000493,Consumer,India,2024-02-06,VERIFIED
C000494,Consumer,India,2025-01-14,VERIFIED
C000495,Consumer,India,2026-03-06,VERIFIED
C000496,Consumer,Singapore,2025-05-26,VERIFIED
C000497,Consumer,India,2024-11-19,VERIFIED
C000498,Consumer,India,2025-01-03,VERIFIED
C000499,Enterprise,India,2024-08-11,VERIFIED
C000500,Enterprise,UAE,2026-03-24,VERIFIED
C000501,SME,UAE,2025-12-13,VERIFIED
C000502,Consumer,Singapore,2024-04-09,VERIFIED
C000503,Consumer,India,2026-03-04,VERIFIED
C000504,SME,UAE,2024-03-15,VERIFIED
C000505,SME,Singapore,2025-12-24,VERIFIED
C000506,Consumer,UAE,2025-03-12,VERIFIED
C000507,Enterprise,Singapore,2025-12-03,VERIFIED
C000508,SME,India,2025-01-02,VERIFIED
C000509,Enterprise,India,2024-03-03,VERIFIED
C000510,SME,India,2025-09-15,VERIFIED
C000511,Consumer,India,2025-10-16,VERIFIED
C000512,Consumer,Singapore,2024-04-08,VERIFIED
C000513,Enterprise,UAE,2026-02-15,VERIFIED
C000514,SME,Singapore,2024-08-12,VERIFIED
C000515,Consumer,India,2024-03-15,VERIFIED
C000516,Consumer,India,2026-02-28,VERIFIED
C000517,Consumer,India,2025-12-10,VERIFIED
C000518,SME,India,2024-07-02,VERIFIED
C000519,Enterprise,India,2024-10-19,VERIFIED
C000520,Consumer,Singapore,2024-02-26,VERIFIED
C000521,Consumer,India,2024-09-05,VERIFIED
C000522,Consumer,UAE,2025-09-17,VERIFIED
C000523,Enterprise,India,2025-04-13,VERIFIED
C000524,SME,UAE,2024-05-19,VERIFIED
C000525,SME,India,2024-12-24,VERIFIED
C000526,Consumer,India,2025-07-06,VERIFIED
C000527,Consumer,Singapore,2025-02-11,VERIFIED
C000528,Consumer,Singapore,2025-04-18,VERIFIED
C000529,Consumer,India,2025-10-26,VERIFIED
C000530,SME,India,2025-03-21,VERIFIED
C000531,SME,India,2024-08-19,VERIFIED
C000532,Enterprise,Singapore,2025-09-08,VERIFIED
C000533,Enterprise,UAE,2025-09-09,VERIFIED
C000534,Consumer,India,2024-10-26,VERIFIED
C000535,SME,India,2025-10-03,VERIFIED
C000536,Enterprise,UAE,2025-03-01,VERIFIED
C000537,SME,India,2024-06-09,VERIFIED
C000538,Consumer,Singapore,2025-02-04,VERIFIED
C000539,Consumer,India,2025-01-12,VERIFIED
C000540,Consumer,Singapore,2024-09-13,VERIFIED
C000541,Enterprise,India,2026-01-10,VERIFIED
C000542,Consumer,India,2026-05-11,VERIFIED
C000543,Consumer,India,2025-05-08,VERIFIED
C000544,SME,Singapore,2025-05-03,VERIFIED
C000545,Consumer,Singapore,2024-06-30,VERIFIED
C000546,Consumer,Singapore,2025-06-09,VERIFIED
C000547,Consumer,Singapore,2024-04-09,VERIFIED
C000548,SME,India,2026-01-06,VERIFIED
C000549,Consumer,India,2024-12-23,VERIFIED
C000550,SME,Singapore,2024-08-18,REJECTED
C000551,Consumer,India,2025-07-18,VERIFIED
C000552,SME,India,2024-01-06,VERIFIED
C000553,Consumer,India,2024-03-30,VERIFIED
C000554,Consumer,India,2024-03-04,VERIFIED
C000555,SME,India,2024-03-28,VERIFIED
C000556,Consumer,Singapore,2024-02-02,VERIFIED
C000557,Consumer,UAE,2024-03-12,VERIFIED
C000558,Consumer,UAE,2025-07-09,VERIFIED
C000559,SME,UAE,2024-09-09,VERIFIED
C000560,Consumer,UAE,2024-04-16,VERIFIED
C000561,SME,India,2026-03-12,VERIFIED
C000562,Consumer,India,2025-05-28,VERIFIED
C000563,Consumer,Singapore,2024-05-15,PENDING
C000564,Consumer,India,2025-09-20,VERIFIED
C000565,Consumer,India,2025-02-12,VERIFIED
C000566,Consumer,India,2024-04-30,VERIFIED
C000567,Consumer,India,2025-04-22,VERIFIED
C000568,Consumer,India,2026-03-10,PENDING
C000569,Enterprise,India,2026-04-03,PENDING
C000570,Consumer,India,2024-04-03,VERIFIED
C000571,Consumer,UAE,2025-05-19,VERIFIED
C000572,SME,India,2024-01-07,REJECTED
C000573,Consumer,UAE,2025-08-22,PENDING
C000574,Consumer,India,2025-11-24,VERIFIED
C000575,SME,India,2024-07-09,VERIFIED
C000576,Enterprise,India,2025-04-01,VERIFIED
C000577,Consumer,India,2025-12-20,VERIFIED
C000578,Enterprise,Singapore,2025-01-20,PENDING
C000579,Consumer,Singapore,2026-03-13,VERIFIED
C000580,Consumer,Singapore,2026-05-15,VERIFIED
C000581,Consumer,UAE,2024-10-04,VERIFIED
C000582,Enterprise,India,2025-03-23,VERIFIED
C000583,Consumer,India,2026-04-06,VERIFIED
C000584,Consumer,India,2024-02-21,VERIFIED
C000585,SME,India,2025-02-08,VERIFIED
C000586,Consumer,India,2025-01-30,VERIFIED
C000587,Consumer,India,2026-02-17,VERIFIED
C000588,Consumer,India,2026-01-25,VERIFIED
C000589,Consumer,India,2025-11-24,VERIFIED
C000590,Consumer,India,2024-07-29,VERIFIED
C000591,Consumer,Singapore,2025-12-10,VERIFIED
C000592,SME,Singapore,2024-09-26,VERIFIED
C000593,Consumer,Singapore,2025-06-28,VERIFIED
C000594,Consumer,Singapore,2025-09-05,VERIFIED
C000595,SME,India,2026-04-24,PENDING
C000596,Consumer,India,2024-10-08,VERIFIED
C000597,SME,India,2025-02-01,VERIFIED
C000598,Consumer,UAE,2026-01-18,VERIFIED
C000599,Consumer,Singapore,2024-08-03,VERIFIED
C000600,Consumer,India,2025-03-07,VERIFIED
C000601,Consumer,India,2024-11-16,VERIFIED
C000602,Consumer,UAE,2026-03-24,VERIFIED
C000603,Consumer,Singapore,2025-09-30,REJECTED
C000604,Consumer,Singapore,2025-05-07,VERIFIED
C000605,Consumer,India,2025-08-28,VERIFIED
C000606,Consumer,India,2025-08-08,VERIFIED
C000607,Consumer,Singapore,2024-05-07,VERIFIED
C000608,Consumer,Singapore,2024-03-14,VERIFIED
C000609,Consumer,Singapore,2025-04-20,VERIFIED
C000610,SME,India,2025-03-27,VERIFIED
C000611,Consumer,India,2025-04-06,VERIFIED
C000612,SME,Singapore,2025-03-13,VERIFIED
C000613,Consumer,India,2024-09-12,VERIFIED
C000614,Consumer,India,2025-03-23,VERIFIED
C000615,SME,UAE,2024-04-11,PENDING
C000616,Enterprise,India,2025-07-12,VERIFIED
C000617,Consumer,India,2025-11-07,VERIFIED
C000618,Consumer,Singapore,2026-02-06,PENDING
C000619,SME,UAE,2024-10-09,PENDING
C000620,SME,India,2026-01-29,VERIFIED
C000621,Consumer,India,2024-07-22,VERIFIED
C000622,Consumer,UAE,2024-03-26,VERIFIED
C000623,Consumer,Singapore,2024-11-19,VERIFIED
C000624,Consumer,Singapore,2024-06-12,VERIFIED
C000625,Consumer,India,2026-05-26,VERIFIED
C000626,Consumer,India,2024-02-26,VERIFIED
C000627,Consumer,Singapore,2024-07-24,VERIFIED
C000628,SME,UAE,2025-03-04,VERIFIED
C000629,Consumer,UAE,2024-05-27,VERIFIED
C000630,Consumer,India,2024-10-27,VERIFIED
C000631,SME,India,2026-03-01,VERIFIED
C000632,SME,India,2024-10-16,VERIFIED
C000633,Consumer,UAE,2024-01-21,VERIFIED
C000634,Consumer,Singapore,2024-05-16,VERIFIED
C000635,Consumer,India,2025-01-03,VERIFIED
C000636,Consumer,India,2025-06-05,VERIFIED
C000637,Consumer,India,2026-03-30,VERIFIED
C000638,Consumer,India,2025-07-10,VERIFIED
C000639,Consumer,UAE,2025-03-11,VERIFIED
C000640,Consumer,Singapore,2026-01-30,VERIFIED
C000641,Consumer,India,2024-01-30,VERIFIED
C000642,Consumer,India,2025-03-23,VERIFIED
C000643,Consumer,UAE,2024-08-12,VERIFIED
C000644,Consumer,India,2025-01-20,VERIFIED
C000645,Consumer,India,2025-11-19,VERIFIED
C000646,SME,UAE,2025-08-30,VERIFIED
C000647,Consumer,Singapore,2025-03-04,VERIFIED
C000648,SME,UAE,2025-06-12,VERIFIED
C000649,SME,India,2024-01-28,VERIFIED
C000650,Consumer,India,2024-05-05,VERIFIED
C000651,Consumer,India,2026-03-23,REJECTED
C000652,Consumer,India,2026-02-23,VERIFIED
C000653,Consumer,Singapore,2025-05-13,VERIFIED
C000654,SME,India,2024-07-05,VERIFIED
C000655,Consumer,Singapore,2025-10-15,VERIFIED
C000656,Consumer,India,2025-01-06,PENDING
C000657,Consumer,India,2024-05-17,VERIFIED
C000658,Consumer,UAE,2024-12-02,VERIFIED
C000659,SME,India,2026-01-10,VERIFIED
C000660,Consumer,India,2024-08-01,PENDING
C000661,Consumer,India,2026-02-24,VERIFIED
C000662,Enterprise,India,2024-10-17,VERIFIED
C000663,Consumer,India,2025-07-23,VERIFIED
C000664,Consumer,India,2025-01-05,VERIFIED
C000665,Consumer,Singapore,2025-06-13,VERIFIED
C000666,Consumer,Singapore,2025-11-22,VERIFIED
C000667,Consumer,India,2025-10-31,VERIFIED
C000668,Consumer,India,2026-02-06,VERIFIED
C000669,Consumer,Singapore,2025-07-02,VERIFIED
C000670,Consumer,India,2024-10-22,VERIFIED
C000671,Consumer,Singapore,2026-02-12,VERIFIED
C000672,SME,Singapore,2025-08-13,VERIFIED
C000673,Consumer,India,2025-02-22,REJECTED
C000674,Consumer,Singapore,2025-10-27,VERIFIED
C000675,Consumer,UAE,2024-12-26,VERIFIED
C000676,Enterprise,Singapore,2026-05-08,VERIFIED
C000677,Consumer,India,2024-06-06,VERIFIED
C000678,Consumer,Singapore,2024-03-15,VERIFIED
C000679,Enterprise,UAE,2025-01-06,VERIFIED
C000680,SME,India,2025-07-20,VERIFIED
C000681,SME,UAE,2025-12-18,VERIFIED
C000682,Consumer,India,2025-12-27,VERIFIED
C000683,Consumer,India,2025-06-04,PENDING
C000684,SME,Singapore,2024-04-15,VERIFIED
C000685,Enterprise,Singapore,2026-04-09,VERIFIED
C000686,Consumer,Singapore,2025-01-01,VERIFIED
C000687,Consumer,UAE,2025-02-05,VERIFIED
C000688,Consumer,India,2026-01-26,VERIFIED
C000689,SME,India,2026-03-29,VERIFIED
C000690,Consumer,UAE,2024-04-12,VERIFIED
C000691,Consumer,India,2026-02-25,VERIFIED
C000692,Consumer,Singapore,2024-11-20,VERIFIED
C000693,Consumer,India,2025-01-07,PENDING
C000694,Consumer,India,2024-12-03,VERIFIED
C000695,Consumer,India,2024-02-02,VERIFIED
C000696,Consumer,India,2024-04-17,VERIFIED
C000697,Consumer,UAE,2025-02-25,VERIFIED
C000698,Consumer,Singapore,2024-09-25,VERIFIED
C000699,Consumer,Singapore,2024-03-13,VERIFIED
C000700,Consumer,India,2026-05-07,VERIFIED
C000701,Consumer,India,2024-06-29,VERIFIED
C000702,Consumer,India,2026-02-18,VERIFIED
C000703,Consumer,India,2024-05-31,VERIFIED
C000704,Consumer,India,2025-05-26,VERIFIED
C000705,Consumer,India,2024-03-08,VERIFIED
C000706,Enterprise,India,2025-01-06,VERIFIED
C000707,Consumer,India,2024-12-13,VERIFIED
C000708,SME,India,2025-12-09,VERIFIED
C000709,Consumer,Singapore,2026-03-17,VERIFIED
C000710,SME,India,2024-02-01,VERIFIED
C000711,SME,India,2025-09-11,VERIFIED
C000712,Consumer,UAE,2024-03-19,VERIFIED
C000713,Consumer,India,2024-09-15,VERIFIED
C000714,Consumer,UAE,2025-05-11,VERIFIED
C000715,Consumer,India,2026-05-27,VERIFIED
C000716,Enterprise,UAE,2024-06-23,VERIFIED
C000717,SME,India,2025-01-01,VERIFIED
C000718,Enterprise,Singapore,2024-01-15,VERIFIED
C000719,Consumer,India,2024-02-20,VERIFIED
C000720,SME,Singapore,2024-04-16,VERIFIED
C000721,Enterprise,India,2025-12-22,VERIFIED
C000722,Consumer,India,2025-04-13,VERIFIED
C000723,Consumer,Singapore,2024-07-20,VERIFIED
C000724,SME,India,2026-02-27,VERIFIED
C000725,Consumer,UAE,2024-08-05,VERIFIED
C000726,SME,India,2024-02-10,PENDING
C000727,Consumer,India,2026-02-09,VERIFIED
C000728,SME,Singapore,2025-01-19,VERIFIED
C000729,Consumer,India,2025-12-15,VERIFIED
C000730,Consumer,India,2024-12-01,VERIFIED
C000731,Consumer,Singapore,2025-09-02,VERIFIED
C000732,SME,Singapore,2025-10-22,VERIFIED
C000733,SME,UAE,2024-04-14,VERIFIED
C000734,Consumer,India,2024-07-21,VERIFIED
C000735,Consumer,India,2025-05-24,VERIFIED
C000736,SME,India,2024-04-04,VERIFIED
C000737,Consumer,India,2024-06-25,VERIFIED
C000738,SME,Singapore,2024-03-05,VERIFIED
C000739,Consumer,India,2025-07-06,VERIFIED
C000740,Consumer,India,2024-08-11,VERIFIED
C000741,Consumer,India,2025-08-01,PENDING
C000742,Consumer,Singapore,2025-01-14,VERIFIED
C000743,SME,UAE,2024-09-11,VERIFIED
C000744,Consumer,Singapore,2024-10-24,VERIFIED
C000745,Consumer,India,2025-08-03,VERIFIED
C000746,SME,Singapore,2024-06-19,VERIFIED
C000747,Consumer,Singapore,2025-09-04,VERIFIED
C000748,Consumer,India,2025-10-13,VERIFIED
C000749,Enterprise,India,2025-12-18,VERIFIED
C000750,Consumer,India,2026-04-11,VERIFIED
C000751,Consumer,India,2024-12-29,VERIFIED
C000752,Enterprise,UAE,2026-03-29,VERIFIED
C000753,Consumer,India,2024-03-13,VERIFIED
C000754,Consumer,India,2024-02-29,VERIFIED
C000755,Consumer,UAE,2025-03-30,REJECTED
C000756,SME,UAE,2024-12-01,VERIFIED
C000757,Consumer,Singapore,2025-10-29,VERIFIED
C000758,Consumer,India,2024-05-03,VERIFIED
C000759,SME,India,2025-03-30,VERIFIED
C000760,SME,India,2024-01-14,VERIFIED
C000761,Consumer,India,2025-02-19,VERIFIED
C000762,Consumer,India,2026-02-14,VERIFIED
C000763,Consumer,India,2024-01-27,VERIFIED
C000764,SME,India,2026-01-26,VERIFIED
C000765,Consumer,India,2024-02-19,VERIFIED
C000766,Consumer,India,2024-07-05,VERIFIED
C000767,SME,Singapore,2024-02-26,VERIFIED
C000768,SME,Singapore,2026-02-09,VERIFIED
C000769,Consumer,India,2025-10-28,PENDING
C000770,SME,India,2024-02-03,VERIFIED
C000771,Consumer,India,2025-06-21,VERIFIED
C000772,SME,India,2026-01-31,VERIFIED
C000773,Consumer,India,2025-01-05,VERIFIED
C000774,Consumer,UAE,2024-03-26,VERIFIED
C000775,SME,UAE,2024-06-08,REJECTED
C000776,Consumer,Singapore,2025-02-28,VERIFIED
C000777,Consumer,UAE,2026-05-28,VERIFIED
C000778,SME,Singapore,2025-12-12,VERIFIED
C000779,SME,India,2024-04-15,VERIFIED
C000780,SME,UAE,2025-01-25,PENDING
C000781,SME,India,2025-05-26,VERIFIED
C000782,Consumer,Singapore,2024-10-01,VERIFIED
C000783,Consumer,India,2024-10-15,VERIFIED
C000784,Consumer,India,2024-09-14,VERIFIED
C000785,Consumer,Singapore,2024-08-07,VERIFIED
C000786,Enterprise,India,2025-06-10,VERIFIED
C000787,Consumer,India,2025-06-16,VERIFIED
C000788,Consumer,India,2026-04-25,VERIFIED
C000789,Consumer,India,2024-02-28,PENDING
C000790,Enterprise,UAE,2024-12-25,VERIFIED
C000791,Consumer,Singapore,2025-08-16,VERIFIED
C000792,Consumer,India,2025-09-21,VERIFIED
C000793,Consumer,India,2024-04-22,VERIFIED
C000794,Consumer,Singapore,2026-03-17,VERIFIED
C000795,Consumer,India,2024-10-02,VERIFIED
C000796,SME,India,2024-09-13,VERIFIED
C000797,Enterprise,India,2024-11-24,VERIFIED
C000798,Consumer,UAE,2026-02-15,VERIFIED
C000799,SME,India,2024-08-22,VERIFIED
C000800,Enterprise,India,2024-02-20,VERIFIED
C000801,SME,India,2025-11-08,VERIFIED
C000802,Consumer,India,2026-01-12,VERIFIED
C000803,Consumer,India,2024-08-08,VERIFIED
C000804,Consumer,India,2026-02-21,VERIFIED
C000805,Consumer,India,2025-08-18,VERIFIED
C000806,SME,India,2024-08-17,VERIFIED
C000807,Enterprise,India,2026-03-19,PENDING
C000808,Enterprise,UAE,2024-08-09,PENDING
C000809,Consumer,UAE,2025-10-27,PENDING
C000810,Consumer,India,2024-02-23,VERIFIED
C000811,Enterprise,India,2025-09-22,VERIFIED
C000812,SME,India,2025-12-10,PENDING
C000813,Consumer,Singapore,2024-09-29,VERIFIED
C000814,Enterprise,Singapore,2024-07-16,PENDING
C000815,SME,India,2024-05-07,VERIFIED
C000816,Consumer,Singapore,2025-08-26,PENDING
C000817,Consumer,Singapore,2024-01-09,VERIFIED
C000818,Consumer,UAE,2024-08-14,VERIFIED
C000819,Consumer,India,2025-07-11,VERIFIED
C000820,Consumer,India,2024-05-13,VERIFIED
C000821,SME,India,2024-01-16,VERIFIED
C000822,Consumer,UAE,2024-08-02,REJECTED
C000823,Consumer,Singapore,2024-04-21,VERIFIED
C000824,Consumer,India,2026-05-04,VERIFIED
C000825,Consumer,India,2024-06-05,VERIFIED
C000826,Enterprise,India,2025-02-28,VERIFIED
C000827,Consumer,India,2025-03-27,VERIFIED
C000828,Consumer,India,2024-11-13,VERIFIED
C000829,SME,India,2024-12-25,VERIFIED
C000830,Consumer,India,2025-01-10,VERIFIED
C000831,Consumer,Singapore,2024-10-22,VERIFIED
C000832,Consumer,India,2024-07-16,VERIFIED
C000833,Consumer,India,2025-07-23,VERIFIED
C000834,Consumer,India,2025-02-01,VERIFIED
C000835,Consumer,Singapore,2025-08-12,VERIFIED
C000836,Consumer,India,2024-08-29,VERIFIED
C000837,Enterprise,UAE,2025-03-04,VERIFIED
C000838,Consumer,India,2026-05-28,VERIFIED
C000839,Consumer,UAE,2025-09-02,VERIFIED
C000840,SME,UAE,2024-01-06,PENDING
C000841,Consumer,India,2026-03-01,VERIFIED
C000842,SME,UAE,2024-11-13,VERIFIED
C000843,Consumer,India,2024-07-30,VERIFIED
C000844,Enterprise,India,2024-09-29,REJECTED
C000845,Consumer,India,2024-03-24,VERIFIED
C000846,Consumer,Singapore,2025-09-15,VERIFIED
C000847,Consumer,Singapore,2025-12-10,VERIFIED
C000848,Enterprise,Singapore,2024-12-25,PENDING
C000849,Consumer,India,2025-01-15,VERIFIED
C000850,Consumer,India,2025-06-23,VERIFIED
C000851,Consumer,India,2024-05-20,VERIFIED
C000852,SME,Singapore,2025-05-24,VERIFIED
C000853,Consumer,India,2024-06-21,VERIFIED
C000854,SME,UAE,2024-01-20,VERIFIED
C000855,Consumer,India,2025-09-20,PENDING
C000856,Consumer,India,2025-05-17,VERIFIED
C000857,Consumer,UAE,2025-07-19,VERIFIED
C000858,Consumer,India,2024-08-14,PENDING
C000859,Consumer,India,2024-04-18,VERIFIED
C000860,Consumer,India,2026-01-12,VERIFIED
C000861,SME,India,2024-11-15,VERIFIED
C000862,Consumer,UAE,2024-11-03,PENDING
C000863,Consumer,Singapore,2026-01-10,VERIFIED
C000864,Consumer,India,2026-03-21,VERIFIED
C000865,Consumer,India,2024-03-27,VERIFIED
C000866,Consumer,India,2026-02-24,VERIFIED
C000867,Consumer,Singapore,2024-08-15,PENDING
C000868,Consumer,UAE,2026-05-01,VERIFIED
C000869,SME,UAE,2024-11-05,VERIFIED
C000870,Enterprise,India,2026-04-07,VERIFIED
C000871,Consumer,India,2025-01-13,VERIFIED
C000872,Consumer,India,2025-08-05,VERIFIED
C000873,SME,Singapore,2026-01-09,VERIFIED
C000874,Consumer,India,2025-01-19,REJECTED
C000875,Consumer,India,2024-04-22,VERIFIED
C000876,Consumer,UAE,2024-10-19,VERIFIED
C000877,SME,India,2024-10-31,VERIFIED
C000878,SME,India,2024-10-17,VERIFIED
C000879,Consumer,India,2024-04-14,VERIFIED
C000880,Consumer,India,2024-10-17,VERIFIED
C000881,Consumer,India,2025-04-21,VERIFIED
C000882,SME,India,2025-06-04,VERIFIED
C000883,Consumer,India,2025-11-07,VERIFIED
C000884,Consumer,India,2024-02-29,REJECTED
C000885,SME,Singapore,2024-11-07,VERIFIED
C000886,Consumer,India,2024-04-15,PENDING
C000887,SME,Singapore,2025-09-14,VERIFIED
C000888,Consumer,India,2024-03-29,VERIFIED
C000889,Consumer,India,2024-09-24,PENDING
C000890,Consumer,UAE,2026-01-11,VERIFIED
C000891,SME,India,2026-04-18,VERIFIED
C000892,SME,India,2025-08-05,VERIFIED
C000893,SME,UAE,2024-04-28,VERIFIED
C000894,Consumer,Singapore,2025-03-20,VERIFIED
C000895,SME,India,2025-03-04,VERIFIED
C000896,Consumer,India,2024-12-16,VERIFIED
C000897,Consumer,Singapore,2024-11-01,PENDING
C000898,SME,UAE,2025-09-06,PENDING
C000899,Consumer,India,2024-07-20,VERIFIED
C000900,Consumer,India,2024-01-23,VERIFIED
C000901,Consumer,India,2024-03-30,VERIFIED
C000902,Consumer,India,2025-04-15,VERIFIED
C000903,Consumer,India,2024-04-02,VERIFIED
C000904,Consumer,India,2026-02-14,VERIFIED
C000905,Consumer,India,2024-10-11,VERIFIED
C000906,SME,India,2025-11-13,VERIFIED
C000907,SME,UAE,2024-11-04,VERIFIED
C000908,Consumer,India,2026-01-02,VERIFIED
C000909,Consumer,India,2025-06-19,VERIFIED
C000910,Consumer,India,2025-01-10,VERIFIED
C000911,Consumer,UAE,2025-12-14,VERIFIED
C000912,Consumer,Singapore,2025-05-13,VERIFIED
C000913,Consumer,Singapore,2025-09-27,VERIFIED
C000914,Consumer,India,2024-05-21,PENDING
C000915,Consumer,UAE,2024-02-21,VERIFIED
C000916,Consumer,India,2024-03-10,PENDING
C000917,Consumer,India,2024-09-16,VERIFIED
C000918,Enterprise,India,2025-11-28,VERIFIED
C000919,SME,UAE,2025-12-19,VERIFIED
C000920,Consumer,Singapore,2024-10-19,VERIFIED
C000921,SME,UAE,2026-03-26,VERIFIED
C000922,Consumer,UAE,2025-01-12,PENDING
C000923,SME,India,2024-02-08,VERIFIED
C000924,SME,India,2024-12-13,VERIFIED
C000925,Consumer,India,2025-07-31,VERIFIED
C000926,Consumer,UAE,2025-06-08,VERIFIED
C000927,Consumer,India,2025-12-06,VERIFIED
C000928,Consumer,UAE,2026-04-07,VERIFIED
C000929,SME,India,2025-05-20,VERIFIED
C000930,Consumer,India,2025-01-16,VERIFIED
C000931,Consumer,India,2025-02-28,VERIFIED
C000932,SME,India,2026-03-10,VERIFIED
C000933,Enterprise,UAE,2025-03-11,VERIFIED
C000934,Consumer,India,2025-10-06,VERIFIED
C000935,Consumer,India,2025-12-07,VERIFIED
C000936,Consumer,India,2024-11-17,VERIFIED
C000937,Consumer,India,2025-08-12,VERIFIED
C000938,Enterprise,India,2024-09-06,VERIFIED
C000939,Consumer,India,2026-01-13,VERIFIED
C000940,Consumer,UAE,2024-06-28,PENDING
C000941,Consumer,India,2025-11-19,PENDING
C000942,Consumer,India,2024-01-29,VERIFIED
C000943,SME,Singapore,2025-05-10,VERIFIED
C000944,SME,India,2025-11-08,VERIFIED
C000945,Consumer,India,2024-11-21,VERIFIED
C000946,Consumer,India,2026-01-07,VERIFIED
C000947,Consumer,India,2025-10-09,VERIFIED
C000948,Enterprise,Singapore,2024-07-05,VERIFIED
C000949,SME,India,2024-02-24,VERIFIED
C000950,Consumer,Singapore,2026-05-27,PENDING
C000951,Consumer,UAE,2025-05-28,VERIFIED
C000952,SME,India,2025-02-13,VERIFIED
C000953,Consumer,India,2026-04-10,PENDING
C000954,Enterprise,India,2024-01-17,VERIFIED
C000955,Consumer,India,2025-07-24,PENDING
C000956,Consumer,Singapore,2024-03-28,VERIFIED
C000957,Consumer,Singapore,2024-08-10,PENDING
C000958,Consumer,India,2026-02-22,REJECTED
C000959,Consumer,India,2024-02-27,VERIFIED
C000960,SME,India,2025-12-04,VERIFIED
C000961,Consumer,India,2025-07-15,VERIFIED
C000962,Consumer,Singapore,2025-12-25,VERIFIED
C000963,Consumer,India,2024-08-17,VERIFIED
C000964,Consumer,India,2024-06-02,VERIFIED
C000965,Consumer,Singapore,2024-09-29,VERIFIED
C000966,Consumer,India,2026-05-31,VERIFIED
C000967,SME,India,2024-02-15,VERIFIED
C000968,Consumer,India,2026-05-23,VERIFIED
C000969,Consumer,India,2025-03-27,PENDING
C000970,Consumer,Singapore,2024-11-01,VERIFIED
C000971,SME,UAE,2025-03-02,VERIFIED
C000972,Enterprise,India,2024-04-27,VERIFIED
C000973,SME,UAE,2025-11-18,PENDING
C000974,Consumer,India,2025-08-02,VERIFIED
C000975,Consumer,Singapore,2024-09-07,VERIFIED
C000976,Consumer,UAE,2025-02-06,VERIFIED
C000977,Consumer,India,2026-01-11,VERIFIED
C000978,Consumer,UAE,2024-07-18,VERIFIED
C000979,Consumer,India,2024-05-25,VERIFIED
C000980,Consumer,India,2024-02-20,VERIFIED
C000981,Consumer,Singapore,2025-01-02,VERIFIED
C000982,SME,UAE,2025-11-28,VERIFIED
C000983,Consumer,UAE,2024-11-15,VERIFIED
C000984,Consumer,Singapore,2024-07-17,VERIFIED
C000985,SME,India,2025-03-16,VERIFIED
C000986,Consumer,India,2024-05-24,VERIFIED
C000987,SME,UAE,2024-02-28,VERIFIED
C000988,Consumer,India,2025-12-07,VERIFIED
C000989,Consumer,Singapore,2024-05-22,VERIFIED
C000990,SME,India,2024-08-10,VERIFIED
C000991,SME,Singapore,2024-04-09,VERIFIED
C000992,SME,India,2024-01-26,PENDING
C000993,Consumer,UAE,2025-03-07,VERIFIED
C000994,Consumer,India,2025-06-09,VERIFIED
C000995,Consumer,UAE,2024-05-01,VERIFIED
C000996,Consumer,India,2025-04-09,VERIFIED
C000997,Enterprise,India,2024-09-21,VERIFIED
C000998,Consumer,Singapore,2024-01-07,VERIFIED
C000999,Enterprise,Singapore,2025-12-31,VERIFIED
C001000,Consumer,UAE,2024-08-07,PENDING
C001001,Consumer,India,2025-11-25,VERIFIED
C001002,Consumer,India,2025-01-30,VERIFIED
C001003,SME,India,2025-04-01,PENDING
C001004,SME,India,2024-04-17,VERIFIED
C001005,SME,UAE,2025-05-06,VERIFIED
C001006,SME,India,2026-05-08,REJECTED
C001007,SME,India,2025-09-27,VERIFIED
C001008,SME,India,2025-11-12,VERIFIED
C001009,Consumer,India,2025-04-04,VERIFIED
C001010,Consumer,India,2026-02-07,VERIFIED
C001011,Consumer,India,2024-01-09,VERIFIED
C001012,Enterprise,India,2025-01-01,VERIFIED
C001013,Enterprise,India,2026-03-02,VERIFIED
C001014,Consumer,UAE,2024-05-04,VERIFIED
C001015,SME,India,2024-06-10,PENDING
C001016,Enterprise,India,2024-02-05,PENDING
C001017,Consumer,UAE,2024-01-04,VERIFIED
C001018,Consumer,Singapore,2025-02-16,VERIFIED
C001019,Enterprise,UAE,2024-03-27,VERIFIED
C001020,Consumer,UAE,2025-04-27,VERIFIED
C001021,SME,India,2026-02-14,VERIFIED
C001022,Consumer,Singapore,2025-08-25,PENDING
C001023,Enterprise,India,2026-03-17,VERIFIED
C001024,Enterprise,India,2024-02-27,VERIFIED
C001025,Enterprise,Singapore,2024-05-19,VERIFIED
C001026,Consumer,India,2024-06-20,VERIFIED
C001027,SME,Singapore,2024-09-16,VERIFIED
C001028,SME,Singapore,2025-05-09,VERIFIED
C001029,Consumer,India,2024-01-25,VERIFIED
C001030,SME,UAE,2024-07-16,VERIFIED
C001031,Consumer,India,2025-08-01,VERIFIED
C001032,Consumer,India,2025-02-26,VERIFIED
C001033,Consumer,UAE,2024-04-27,PENDING
C001034,Consumer,India,2026-03-02,VERIFIED
C001035,Consumer,Singapore,2024-01-06,VERIFIED
C001036,SME,India,2024-04-06,VERIFIED
C001037,Consumer,India,2024-03-12,VERIFIED
C001038,SME,Singapore,2025-03-07,VERIFIED
C001039,Consumer,Singapore,2025-01-14,VERIFIED
C001040,Consumer,India,2026-02-08,VERIFIED
C001041,Consumer,India,2025-07-03,VERIFIED
C001042,SME,UAE,2026-03-18,VERIFIED
C001043,Consumer,India,2024-02-25,VERIFIED
C001044,Consumer,UAE,2025-09-06,VERIFIED
C001045,SME,India,2024-04-12,VERIFIED
C001046,Consumer,Singapore,2024-08-03,VERIFIED
C001047,Consumer,UAE,2024-01-21,VERIFIED
C001048,Consumer,India,2025-09-18,VERIFIED
C001049,SME,India,2024-07-28,VERIFIED
C001050,Consumer,Singapore,2024-10-17,VERIFIED
C001051,SME,Singapore,2025-12-15,VERIFIED
C001052,Consumer,India,2026-04-14,VERIFIED
C001053,Enterprise,Singapore,2024-07-06,VERIFIED
C001054,SME,Singapore,2024-05-30,VERIFIED
C001055,Enterprise,UAE,2024-07-09,VERIFIED
C001056,Consumer,Singapore,2025-02-10,VERIFIED
C001057,SME,India,2024-08-01,VERIFIED
C001058,Consumer,UAE,2025-07-07,VERIFIED
C001059,Consumer,India,2025-04-22,VERIFIED
C001060,Consumer,India,2024-07-12,VERIFIED
C001061,SME,India,2024-09-06,VERIFIED
C001062,Enterprise,India,2025-08-15,VERIFIED
C001063,SME,India,2024-02-10,VERIFIED
C001064,Consumer,India,2025-01-04,VERIFIED
C001065,Consumer,India,2024-01-20,VERIFIED
C001066,SME,Singapore,2024-01-09,VERIFIED
C001067,Consumer,India,2026-04-04,VERIFIED
C001068,Consumer,India,2025-09-27,VERIFIED
C001069,Consumer,India,2024-07-21,VERIFIED
C001070,Consumer,India,2025-08-12,VERIFIED
C001071,Consumer,India,2025-12-22,VERIFIED
C001072,Consumer,India,2024-01-18,VERIFIED
C001073,Consumer,UAE,2026-01-17,VERIFIED
C001074,Consumer,UAE,2024-11-14,VERIFIED
C001075,Enterprise,UAE,2025-12-12,VERIFIED
C001076,Consumer,India,2026-05-10,VERIFIED
C001077,Consumer,India,2024-10-08,VERIFIED
C001078,SME,India,2025-04-20,VERIFIED
C001079,Consumer,Singapore,2024-09-08,VERIFIED
C001080,Enterprise,India,2024-12-05,VERIFIED
C001081,SME,India,2026-01-20,VERIFIED
C001082,Consumer,India,2025-04-06,VERIFIED
C001083,Consumer,India,2026-02-19,VERIFIED
C001084,SME,UAE,2025-09-22,VERIFIED
C001085,Enterprise,Singapore,2025-02-04,VERIFIED
C001086,Consumer,UAE,2025-01-05,VERIFIED
C001087,Consumer,India,2024-10-08,VERIFIED
C001088,Consumer,UAE,2025-01-24,VERIFIED
C001089,Enterprise,Singapore,2024-12-02,VERIFIED
C001090,Consumer,UAE,2024-12-10,VERIFIED
C001091,Enterprise,India,2025-06-02,VERIFIED
C001092,SME,Singapore,2024-09-29,REJECTED
C001093,Consumer,Singapore,2024-09-09,VERIFIED
C001094,Consumer,India,2026-05-03,VERIFIED
C001095,Consumer,UAE,2025-10-01,VERIFIED
C001096,Consumer,UAE,2025-01-08,VERIFIED
C001097,Consumer,India,2025-08-26,VERIFIED
C001098,Consumer,India,2026-03-28,VERIFIED
C001099,SME,India,2024-01-06,VERIFIED
C001100,Consumer,UAE,2025-02-17,PENDING
C001101,Consumer,Singapore,2025-08-08,PENDING
C001102,Enterprise,India,2025-05-12,VERIFIED
C001103,SME,India,2024-02-25,VERIFIED
C001104,Enterprise,India,2026-03-17,VERIFIED
C001105,Enterprise,Singapore,2025-02-01,VERIFIED
C001106,Consumer,India,2026-04-01,PENDING
C001107,Consumer,India,2024-08-25,VERIFIED
C001108,SME,Singapore,2025-05-04,VERIFIED
C001109,SME,India,2024-01-22,VERIFIED
C001110,Consumer,India,2025-03-16,PENDING
C001111,SME,India,2024-02-10,VERIFIED
C001112,Consumer,India,2026-05-07,VERIFIED
C001113,Consumer,India,2026-02-16,VERIFIED
C001114,Consumer,UAE,2024-09-14,VERIFIED
C001115,Consumer,UAE,2025-03-26,PENDING
C001116,Consumer,UAE,2024-02-17,VERIFIED
C001117,Consumer,UAE,2026-03-20,VERIFIED
C001118,SME,India,2025-05-17,REJECTED
C001119,Consumer,India,2024-05-18,VERIFIED
C001120,Consumer,India,2024-07-20,VERIFIED
C001121,SME,UAE,2025-10-13,VERIFIED
C001122,Enterprise,Singapore,2025-05-23,VERIFIED
C001123,SME,India,2025-10-15,VERIFIED
C001124,SME,India,2024-10-12,VERIFIED
C001125,SME,India,2024-08-20,VERIFIED
C001126,Consumer,India,2024-11-11,PENDING
C001127,Consumer,UAE,2025-04-05,VERIFIED
C001128,Consumer,India,2025-10-31,VERIFIED
C001129,Consumer,UAE,2025-07-03,PENDING
C001130,Consumer,India,2025-08-09,VERIFIED
C001131,SME,Singapore,2024-11-16,VERIFIED
C001132,Consumer,UAE,2024-06-23,VERIFIED
C001133,Consumer,UAE,2024-02-08,VERIFIED
C001134,Consumer,India,2025-03-08,VERIFIED
C001135,SME,India,2025-04-29,PENDING
C001136,Consumer,India,2025-08-07,VERIFIED
C001137,SME,India,2024-02-27,VERIFIED
C001138,Consumer,Singapore,2025-05-10,VERIFIED
C001139,Consumer,UAE,2026-05-24,VERIFIED
C001140,Consumer,India,2025-08-23,VERIFIED
C001141,SME,India,2026-02-23,VERIFIED
C001142,Consumer,India,2024-05-13,VERIFIED
C001143,SME,UAE,2025-10-16,VERIFIED
C001144,Consumer,UAE,2025-05-23,VERIFIED
C001145,Consumer,India,2025-08-29,VERIFIED
C001146,SME,India,2024-06-04,VERIFIED
C001147,SME,Singapore,2024-07-19,VERIFIED
C001148,SME,Singapore,2025-05-13,VERIFIED
C001149,SME,India,2025-02-05,VERIFIED
C001150,SME,UAE,2025-05-10,VERIFIED
C001151,SME,UAE,2025-05-02,VERIFIED
C001152,SME,India,2024-06-08,VERIFIED
C001153,SME,India,2024-07-29,VERIFIED
C001154,SME,India,2025-03-28,PENDING
C001155,Consumer,Singapore,2025-11-14,VERIFIED
C001156,SME,India,2024-03-10,VERIFIED
C001157,Consumer,India,2026-04-10,VERIFIED
C001158,SME,India,2024-11-09,VERIFIED
C001159,SME,India,2025-03-06,VERIFIED
C001160,Consumer,India,2025-01-16,VERIFIED
C001161,SME,India,2025-10-18,VERIFIED
C001162,Consumer,Singapore,2024-06-15,VERIFIED
C001163,Consumer,Singapore,2025-01-25,VERIFIED
C001164,SME,India,2024-11-14,VERIFIED
C001165,Consumer,India,2024-04-26,REJECTED
C001166,SME,UAE,2025-11-27,VERIFIED
C001167,SME,India,2025-05-26,VERIFIED
C001168,Consumer,UAE,2024-07-21,VERIFIED
C001169,Consumer,India,2024-06-10,PENDING
C001170,Consumer,Singapore,2026-03-31,VERIFIED
C001171,Consumer,India,2025-04-06,VERIFIED
C001172,Enterprise,Singapore,2026-04-29,VERIFIED
C001173,SME,UAE,2025-11-30,VERIFIED
C001174,Consumer,UAE,2025-07-08,VERIFIED
C001175,SME,UAE,2024-07-19,VERIFIED
C001176,Consumer,India,2024-08-18,VERIFIED
C001177,SME,India,2025-05-30,VERIFIED
C001178,Consumer,India,2026-01-21,VERIFIED
C001179,SME,India,2024-07-24,VERIFIED
C001180,Consumer,India,2024-11-26,VERIFIED
C001181,Enterprise,UAE,2025-08-28,VERIFIED
C001182,Consumer,UAE,2026-01-13,VERIFIED
C001183,SME,India,2026-05-24,VERIFIED
C001184,Enterprise,India,2024-12-12,VERIFIED
C001185,Consumer,India,2024-12-14,VERIFIED
C001186,Enterprise,Singapore,2024-06-08,VERIFIED
C001187,SME,India,2025-09-16,VERIFIED
C001188,Consumer,UAE,2024-09-08,VERIFIED
C001189,Consumer,Singapore,2024-08-09,PENDING
C001190,SME,Singapore,2026-05-07,REJECTED
C001191,Consumer,India,2025-08-28,VERIFIED
C001192,Consumer,India,2025-01-28,VERIFIED
C001193,Consumer,UAE,2025-01-30,VERIFIED
C001194,Consumer,Singapore,2024-06-15,VERIFIED
C001195,Consumer,UAE,2025-03-27,VERIFIED
C001196,SME,India,2024-05-17,VERIFIED
C001197,Enterprise,Singapore,2026-05-09,VERIFIED
C001198,Enterprise,India,2026-05-22,VERIFIED
C001199,SME,Singapore,2024-07-28,VERIFIED
C001200,Consumer,Singapore,2026-02-06,VERIFIED
C001201,SME,Singapore,2025-08-07,VERIFIED
C001202,Consumer,Singapore,2024-08-01,VERIFIED
C001203,Consumer,India,2026-02-16,VERIFIED
C001204,Consumer,UAE,2024-12-25,VERIFIED
C001205,Consumer,UAE,2025-10-24,VERIFIED
C001206,SME,India,2024-08-22,PENDING
C001207,SME,UAE,2025-12-28,VERIFIED
C001208,Consumer,India,2025-01-31,VERIFIED
C001209,Consumer,Singapore,2024-10-30,VERIFIED
C001210,Enterprise,India,2024-04-18,VERIFIED
C001211,Consumer,UAE,2026-05-06,VERIFIED
C001212,Consumer,India,2026-03-22,VERIFIED
C001213,Consumer,India,2026-05-10,VERIFIED
C001214,SME,India,2026-04-11,VERIFIED
C001215,SME,India,2026-03-18,VERIFIED
C001216,Consumer,Singapore,2025-01-24,VERIFIED
C001217,Consumer,India,2024-04-29,VERIFIED
C001218,SME,Singapore,2026-04-19,VERIFIED
C001219,SME,UAE,2025-09-01,VERIFIED
C001220,Consumer,Singapore,2024-07-28,VERIFIED
C001221,Enterprise,UAE,2025-03-02,PENDING
C001222,Consumer,India,2025-06-27,PENDING
C001223,Consumer,India,2024-11-25,VERIFIED
C001224,Enterprise,India,2024-08-13,VERIFIED
C001225,Consumer,India,2025-12-27,VERIFIED
C001226,SME,UAE,2025-09-26,VERIFIED
C001227,Consumer,India,2024-05-26,VERIFIED
C001228,Consumer,UAE,2024-12-05,VERIFIED
C001229,Enterprise,India,2025-07-17,PENDING
C001230,Consumer,UAE,2024-06-28,PENDING
C001231,SME,India,2024-10-16,VERIFIED
C001232,Consumer,India,2024-07-05,VERIFIED
C001233,Consumer,Singapore,2025-04-30,VERIFIED
C001234,Consumer,India,2024-12-02,VERIFIED
C001235,SME,Singapore,2024-04-17,VERIFIED
C001236,Consumer,India,2024-05-05,VERIFIED
C001237,SME,India,2026-02-11,VERIFIED
C001238,Consumer,UAE,2025-12-06,REJECTED
C001239,Enterprise,India,2026-03-19,VERIFIED
C001240,Consumer,Singapore,2024-02-03,VERIFIED
C001241,SME,India,2025-03-13,VERIFIED
C001242,SME,Singapore,2024-10-02,VERIFIED
C001243,SME,India,2025-05-08,VERIFIED
C001244,SME,India,2024-06-30,VERIFIED
C001245,SME,India,2024-08-26,VERIFIED
C001246,Consumer,India,2026-04-13,VERIFIED
C001247,Consumer,India,2024-12-13,VERIFIED
C001248,Consumer,Singapore,2024-05-25,VERIFIED
C001249,Enterprise,Singapore,2024-02-13,VERIFIED
C001250,Consumer,India,2026-05-20,VERIFIED
C001251,SME,India,2026-03-26,VERIFIED
C001252,Consumer,India,2025-05-13,VERIFIED
C001253,Consumer,India,2026-03-13,VERIFIED
C001254,Consumer,India,2026-05-28,VERIFIED
C001255,SME,India,2024-10-21,VERIFIED
C001256,Consumer,UAE,2026-02-09,VERIFIED
C001257,Consumer,Singapore,2025-06-14,VERIFIED
C001258,Consumer,India,2025-12-27,VERIFIED
C001259,Consumer,India,2024-07-29,VERIFIED
C001260,Consumer,Singapore,2025-02-05,VERIFIED
C001261,Consumer,India,2024-08-18,VERIFIED
C001262,SME,Singapore,2024-12-04,VERIFIED
C001263,Consumer,UAE,2024-01-05,VERIFIED
C001264,Consumer,Singapore,2024-11-06,VERIFIED
C001265,Consumer,India,2026-02-19,VERIFIED
C001266,Consumer,Singapore,2024-06-10,VERIFIED
C001267,Consumer,UAE,2024-08-03,VERIFIED
C001268,Consumer,Singapore,2026-02-24,PENDING
C001269,Consumer,Singapore,2026-04-15,VERIFIED
C001270,Consumer,India,2025-09-03,VERIFIED
C001271,SME,India,2024-06-19,VERIFIED
C001272,SME,Singapore,2024-09-08,VERIFIED
C001273,SME,UAE,2025-11-11,VERIFIED
C001274,Consumer,Singapore,2024-02-07,VERIFIED
C001275,Consumer,Singapore,2024-08-15,VERIFIED
C001276,Consumer,India,2025-09-28,VERIFIED
C001277,Consumer,India,2024-10-04,VERIFIED
C001278,Enterprise,India,2024-10-11,PENDING
C001279,Consumer,India,2025-05-24,REJECTED
C001280,Consumer,Singapore,2025-10-10,VERIFIED
C001281,Consumer,India,2024-12-31,VERIFIED
C001282,SME,Singapore,2025-09-11,VERIFIED
C001283,Consumer,Singapore,2024-03-08,VERIFIED
C001284,Consumer,India,2024-04-13,PENDING
C001285,Consumer,India,2025-02-04,VERIFIED
C001286,Consumer,Singapore,2024-09-02,VERIFIED
C001287,Consumer,UAE,2025-11-07,VERIFIED
C001288,Consumer,Singapore,2024-07-10,VERIFIED
C001289,Consumer,India,2025-12-07,VERIFIED
C001290,Consumer,India,2025-10-05,VERIFIED
C001291,Consumer,India,2024-10-22,VERIFIED
C001292,Consumer,India,2024-05-23,VERIFIED
C001293,Consumer,Singapore,2025-12-31,VERIFIED
C001294,SME,UAE,2024-01-26,VERIFIED
C001295,SME,India,2024-09-07,VERIFIED
C001296,Consumer,India,2025-08-29,VERIFIED
C001297,Consumer,India,2026-05-15,VERIFIED
C001298,Consumer,UAE,2025-12-12,VERIFIED
C001299,SME,India,2025-09-06,VERIFIED
C001300,SME,Singapore,2024-07-11,PENDING
C001301,Consumer,India,2025-01-15,VERIFIED
C001302,Enterprise,Singapore,2024-01-02,VERIFIED
C001303,Consumer,India,2026-01-28,PENDING
C001304,Consumer,India,2025-08-25,VERIFIED
C001305,SME,Singapore,2024-02-14,VERIFIED
C001306,SME,Singapore,2024-01-03,VERIFIED
C001307,SME,India,2026-04-27,VERIFIED
C001308,SME,India,2025-03-24,VERIFIED
C001309,Consumer,India,2025-07-29,VERIFIED
C001310,SME,India,2024-05-14,VERIFIED
C001311,Consumer,Singapore,2024-10-17,REJECTED
C001312,SME,UAE,2024-10-04,VERIFIED
C001313,Consumer,India,2024-06-24,VERIFIED
C001314,SME,India,2024-10-08,VERIFIED
C001315,Consumer,India,2024-04-29,VERIFIED
C001316,SME,India,2026-02-12,VERIFIED
C001317,Consumer,India,2024-06-22,VERIFIED
C001318,SME,Singapore,2025-03-14,VERIFIED
C001319,Consumer,India,2025-04-03,VERIFIED
C001320,Consumer,Singapore,2025-09-21,VERIFIED
C001321,Consumer,UAE,2024-12-06,VERIFIED
C001322,Consumer,UAE,2025-11-27,VERIFIED
C001323,SME,UAE,2026-01-24,VERIFIED
C001324,Consumer,Singapore,2025-12-26,VERIFIED
C001325,Enterprise,UAE,2024-04-30,VERIFIED
C001326,Consumer,India,2025-07-28,VERIFIED
C001327,Consumer,India,2025-10-22,PENDING
C001328,SME,India,2025-05-07,VERIFIED
C001329,SME,Singapore,2024-10-02,VERIFIED
C001330,Consumer,UAE,2024-01-29,VERIFIED
C001331,Consumer,India,2026-03-21,VERIFIED
C001332,SME,Singapore,2026-01-06,VERIFIED
C001333,Consumer,Singapore,2025-11-15,VERIFIED
C001334,Enterprise,UAE,2024-08-31,VERIFIED
C001335,Enterprise,Singapore,2024-11-16,PENDING
C001336,SME,UAE,2025-10-04,VERIFIED
C001337,Consumer,India,2024-12-17,VERIFIED
C001338,SME,India,2025-06-15,VERIFIED
C001339,Consumer,India,2024-03-21,VERIFIED
C001340,Consumer,India,2024-10-19,VERIFIED
C001341,Consumer,India,2024-10-20,VERIFIED
C001342,Consumer,Singapore,2025-05-11,PENDING
C001343,SME,Singapore,2025-04-02,VERIFIED
C001344,SME,Singapore,2026-01-16,VERIFIED
C001345,SME,India,2026-03-23,VERIFIED
C001346,Consumer,India,2026-01-02,VERIFIED
C001347,Consumer,India,2025-11-12,VERIFIED
C001348,Consumer,India,2025-07-11,VERIFIED
C001349,Enterprise,India,2024-02-29,VERIFIED
C001350,Consumer,India,2025-08-30,VERIFIED
C001351,SME,India,2026-02-19,VERIFIED
C001352,Consumer,Singapore,2025-06-26,VERIFIED
C001353,Consumer,India,2025-01-14,VERIFIED
C001354,SME,UAE,2024-11-19,VERIFIED
C001355,Consumer,India,2025-09-19,PENDING
C001356,SME,UAE,2024-03-02,VERIFIED
C001357,Enterprise,India,2024-05-25,VERIFIED
C001358,Consumer,Singapore,2026-04-22,VERIFIED
C001359,Consumer,India,2024-12-27,PENDING
C001360,Consumer,UAE,2024-02-22,PENDING
C001361,Enterprise,India,2025-02-05,VERIFIED
C001362,Consumer,India,2025-07-16,PENDING
C001363,Consumer,UAE,2025-11-11,VERIFIED
C001364,SME,India,2026-05-18,PENDING
C001365,SME,India,2026-05-18,VERIFIED
C001366,Consumer,India,2025-12-07,VERIFIED
C001367,SME,Singapore,2025-03-24,PENDING
C001368,Enterprise,India,2024-03-23,VERIFIED
C001369,Consumer,India,2025-01-13,PENDING
C001370,Consumer,India,2025-10-07,VERIFIED
C001371,Enterprise,Singapore,2025-04-02,VERIFIED
C001372,Consumer,Singapore,2026-02-18,VERIFIED
C001373,SME,India,2024-03-21,VERIFIED
C001374,Consumer,India,2025-12-31,PENDING
C001375,Consumer,India,2025-05-28,VERIFIED
C001376,SME,India,2024-11-04,VERIFIED
C001377,Consumer,India,2026-02-01,VERIFIED
C001378,Consumer,India,2025-05-08,VERIFIED
C001379,Consumer,India,2024-08-23,VERIFIED
C001380,Consumer,UAE,2025-10-29,VERIFIED
C001381,Consumer,India,2024-02-06,VERIFIED
C001382,Consumer,Singapore,2026-01-10,VERIFIED
C001383,Enterprise,India,2025-10-18,VERIFIED
C001384,Consumer,India,2024-11-20,VERIFIED
C001385,SME,UAE,2024-02-25,VERIFIED
C001386,Consumer,India,2024-04-30,VERIFIED
C001387,SME,India,2024-11-09,VERIFIED
C001388,Consumer,Singapore,2024-07-29,VERIFIED
C001389,Enterprise,India,2026-02-10,VERIFIED
C001390,Consumer,India,2024-04-12,VERIFIED
C001391,Consumer,India,2025-03-14,VERIFIED
C001392,Consumer,India,2026-03-27,VERIFIED
C001393,Consumer,Singapore,2026-01-16,VERIFIED
C001394,Consumer,India,2024-02-07,VERIFIED
C001395,Consumer,India,2026-03-23,VERIFIED
C001396,SME,India,2025-09-11,VERIFIED
C001397,Consumer,India,2025-02-17,VERIFIED
C001398,Consumer,UAE,2024-08-11,PENDING
C001399,Consumer,India,2024-10-19,PENDING
C001400,SME,UAE,2025-11-26,VERIFIED
C001401,Consumer,Singapore,2024-06-03,VERIFIED
C001402,Consumer,Singapore,2024-02-01,VERIFIED
C001403,Consumer,India,2024-08-21,VERIFIED
C001404,SME,India,2025-05-03,VERIFIED
C001405,SME,UAE,2026-01-31,VERIFIED
C001406,Consumer,UAE,2025-07-23,PENDING
C001407,SME,India,2024-11-28,PENDING
C001408,SME,India,2025-11-05,VERIFIED
C001409,Consumer,India,2024-01-17,PENDING
C001410,SME,UAE,2025-02-17,VERIFIED
C001411,Consumer,India,2026-02-04,VERIFIED
C001412,Consumer,Singapore,2025-10-19,VERIFIED
C001413,Consumer,Singapore,2026-01-10,VERIFIED
C001414,Consumer,Singapore,2024-08-27,PENDING
C001415,Consumer,India,2024-10-12,VERIFIED
C001416,Enterprise,India,2024-12-11,VERIFIED
C001417,Consumer,UAE,2025-01-09,VERIFIED
C001418,Consumer,Singapore,2024-01-16,PENDING
C001419,Consumer,Singapore,2025-08-09,REJECTED
C001420,Enterprise,India,2024-09-16,VERIFIED
C001421,Consumer,Singapore,2024-12-26,VERIFIED
C001422,Consumer,India,2025-02-02,PENDING
C001423,Consumer,India,2025-04-04,VERIFIED
C001424,Consumer,Singapore,2025-05-30,REJECTED
C001425,Enterprise,India,2026-02-01,PENDING
C001426,Enterprise,Singapore,2024-03-25,VERIFIED
C001427,Consumer,India,2024-03-03,VERIFIED
C001428,Enterprise,Singapore,2024-04-09,VERIFIED
C001429,SME,India,2026-04-13,VERIFIED
C001430,SME,Singapore,2026-01-24,VERIFIED
C001431,Consumer,India,2024-10-21,PENDING
C001432,Consumer,Singapore,2024-06-10,PENDING
C001433,Consumer,Singapore,2024-06-26,VERIFIED
C001434,SME,India,2025-03-19,VERIFIED
C001435,Consumer,India,2024-11-23,VERIFIED
C001436,Consumer,Singapore,2024-11-23,VERIFIED
C001437,Consumer,Singapore,2026-02-02,VERIFIED
C001438,SME,Singapore,2024-02-11,PENDING
C001439,Consumer,Singapore,2024-08-29,VERIFIED
C001440,SME,India,2024-12-07,VERIFIED
C001441,Enterprise,India,2024-03-31,VERIFIED
C001442,Consumer,India,2024-01-28,VERIFIED
C001443,SME,India,2025-04-03,VERIFIED
C001444,Consumer,Singapore,2025-10-28,PENDING
C001445,SME,India,2025-09-22,VERIFIED
C001446,Consumer,UAE,2025-01-19,VERIFIED
C001447,SME,UAE,2025-05-01,VERIFIED
C001448,SME,UAE,2024-08-07,VERIFIED
C001449,Enterprise,UAE,2026-05-08,VERIFIED
C001450,SME,India,2024-09-20,VERIFIED
C001451,Consumer,UAE,2024-04-30,PENDING
C001452,Consumer,India,2024-02-15,VERIFIED
C001453,SME,India,2024-10-06,VERIFIED
C001454,Consumer,Singapore,2024-04-24,VERIFIED
C001455,Consumer,India,2024-06-16,REJECTED
C001456,Enterprise,UAE,2025-03-10,VERIFIED
C001457,SME,Singapore,2024-09-02,VERIFIED
C001458,SME,Singapore,2025-04-28,VERIFIED
C001459,Consumer,India,2025-01-09,VERIFIED
C001460,SME,Singapore,2024-10-06,VERIFIED
C001461,Consumer,India,2026-01-15,PENDING
C001462,SME,UAE,2024-01-22,VERIFIED
C001463,Consumer,India,2025-12-14,VERIFIED
C001464,SME,Singapore,2024-03-08,VERIFIED
C001465,Enterprise,India,2025-10-09,VERIFIED
C001466,Consumer,India,2026-01-12,VERIFIED
C001467,Enterprise,India,2024-02-27,VERIFIED
C001468,Consumer,India,2025-06-10,VERIFIED
C001469,SME,Singapore,2024-09-20,VERIFIED
C001470,SME,India,2025-11-12,VERIFIED
C001471,Consumer,India,2025-02-26,VERIFIED
C001472,SME,India,2025-05-13,VERIFIED
C001473,SME,India,2024-10-17,VERIFIED
C001474,Consumer,India,2024-06-17,VERIFIED
C001475,Consumer,Singapore,2025-07-13,PENDING
C001476,SME,India,2025-04-06,VERIFIED
C001477,SME,India,2025-08-30,VERIFIED
C001478,SME,India,2026-04-18,VERIFIED
C001479,SME,India,2025-07-09,VERIFIED
C001480,Consumer,India,2024-12-18,VERIFIED
C001481,SME,India,2024-08-27,VERIFIED
C001482,Consumer,Singapore,2026-03-13,VERIFIED
C001483,Consumer,India,2024-10-09,VERIFIED
C001484,Consumer,India,2025-03-24,REJECTED
C001485,Consumer,India,2025-08-04,VERIFIED
C001486,Consumer,Singapore,2026-02-03,VERIFIED
C001487,Consumer,UAE,2024-03-06,VERIFIED
C001488,SME,India,2024-11-22,VERIFIED
C001489,Consumer,UAE,2025-03-31,VERIFIED
C001490,Consumer,India,2025-04-21,VERIFIED
C001491,Consumer,India,2026-04-27,VERIFIED
C001492,Consumer,India,2024-10-11,PENDING
C001493,Consumer,India,2024-01-31,VERIFIED
C001494,Consumer,India,2025-03-23,VERIFIED
C001495,Consumer,India,2024-08-01,VERIFIED
C001496,SME,India,2025-11-23,VERIFIED
C001497,Consumer,India,2025-12-14,VERIFIED
C001498,Consumer,India,2025-08-02,REJECTED
C001499,Consumer,India,2024-01-25,VERIFIED
C001500,SME,UAE,2026-01-29,VERIFIED
C001501,Consumer,India,2025-01-07,VERIFIED
C001502,Consumer,Singapore,2025-01-31,PENDING
C001503,Consumer,Singapore,2024-12-02,VERIFIED
C001504,Consumer,India,2026-05-04,VERIFIED
C001505,Consumer,India,2025-11-02,VERIFIED
C001506,Consumer,India,2024-10-06,VERIFIED
C001507,Consumer,Singapore,2026-02-07,VERIFIED
C001508,Consumer,India,2025-09-14,VERIFIED
C001509,Consumer,India,2025-07-12,VERIFIED
C001510,SME,India,2025-11-21,VERIFIED
C001511,SME,UAE,2025-07-01,VERIFIED
C001512,SME,India,2024-07-16,VERIFIED
C001513,Enterprise,Singapore,2025-07-07,PENDING
C001514,Consumer,India,2025-04-23,VERIFIED
C001515,Consumer,UAE,2026-04-23,VERIFIED
C001516,Consumer,India,2025-08-24,VERIFIED
C001517,SME,India,2026-05-06,VERIFIED
C001518,SME,UAE,2025-08-02,VERIFIED
C001519,Consumer,Singapore,2024-03-10,VERIFIED
C001520,Enterprise,India,2025-05-19,VERIFIED
C001521,Consumer,India,2024-04-19,VERIFIED
C001522,Enterprise,Singapore,2025-01-16,VERIFIED
C001523,Consumer,UAE,2025-01-31,PENDING
C001524,Consumer,India,2025-02-12,REJECTED
C001525,Consumer,India,2024-12-16,VERIFIED
C001526,Consumer,Singapore,2025-06-17,VERIFIED
C001527,Consumer,India,2025-05-15,PENDING
C001528,Consumer,Singapore,2026-02-27,PENDING
C001529,SME,India,2025-12-07,VERIFIED
C001530,Consumer,UAE,2025-02-24,VERIFIED
C001531,Consumer,Singapore,2025-07-10,VERIFIED
C001532,Consumer,Singapore,2024-04-20,VERIFIED
C001533,SME,India,2024-07-27,PENDING
C001534,Consumer,India,2026-01-11,VERIFIED
C001535,Consumer,India,2025-03-14,VERIFIED
C001536,Consumer,Singapore,2024-06-26,VERIFIED
C001537,Consumer,Singapore,2026-01-31,VERIFIED
C001538,SME,India,2025-02-28,VERIFIED
C001539,Consumer,Singapore,2024-11-23,VERIFIED
C001540,Consumer,Singapore,2024-01-11,VERIFIED
C001541,SME,India,2024-09-08,VERIFIED
C001542,Consumer,India,2026-05-05,VERIFIED
C001543,Consumer,Singapore,2024-08-22,VERIFIED
C001544,Consumer,India,2025-10-09,VERIFIED
C001545,Enterprise,Singapore,2024-09-10,VERIFIED
C001546,Consumer,India,2025-07-19,VERIFIED
C001547,SME,UAE,2025-04-22,VERIFIED
C001548,Consumer,India,2024-05-08,VERIFIED
C001549,Consumer,India,2026-01-07,VERIFIED
C001550,SME,India,2025-06-15,VERIFIED
C001551,Enterprise,India,2024-04-09,VERIFIED
C001552,Consumer,India,2024-10-16,VERIFIED
C001553,SME,India,2025-07-22,VERIFIED
C001554,SME,UAE,2024-08-13,VERIFIED
C001555,Consumer,UAE,2025-10-14,VERIFIED
C001556,Consumer,India,2024-05-04,VERIFIED
C001557,Consumer,Singapore,2025-03-13,VERIFIED
C001558,Consumer,India,2026-03-31,VERIFIED
C001559,SME,Singapore,2025-07-17,VERIFIED
C001560,Enterprise,Singapore,2025-10-07,VERIFIED
C001561,Consumer,India,2026-03-14,VERIFIED
C001562,Consumer,Singapore,2025-10-26,VERIFIED
C001563,SME,Singapore,2024-12-12,VERIFIED
C001564,Consumer,India,2025-11-28,VERIFIED
C001565,SME,UAE,2026-01-20,VERIFIED
C001566,Consumer,UAE,2024-07-01,VERIFIED
C001567,SME,India,2024-12-16,VERIFIED
C001568,Consumer,Singapore,2025-05-29,PENDING
C001569,Consumer,UAE,2026-03-06,VERIFIED
C001570,Consumer,India,2025-01-12,VERIFIED
C001571,Consumer,India,2025-12-08,VERIFIED
C001572,Consumer,India,2025-04-09,VERIFIED
C001573,SME,UAE,2025-11-08,VERIFIED
C001574,SME,Singapore,2026-03-12,VERIFIED
C001575,Consumer,India,2024-12-05,VERIFIED
C001576,Consumer,UAE,2024-05-20,PENDING
C001577,Consumer,Singapore,2024-04-20,VERIFIED
C001578,SME,UAE,2024-09-17,VERIFIED
C001579,Consumer,India,2024-07-06,PENDING
C001580,Consumer,India,2026-05-05,VERIFIED
C001581,Consumer,Singapore,2025-01-05,VERIFIED
C001582,Consumer,India,2024-12-23,VERIFIED
C001583,Consumer,Singapore,2024-09-29,VERIFIED
C001584,Consumer,Singapore,2025-11-27,VERIFIED
C001585,Enterprise,India,2026-03-09,VERIFIED
C001586,Consumer,UAE,2025-08-26,VERIFIED
C001587,SME,India,2025-03-24,VERIFIED
C001588,Consumer,India,2025-12-06,VERIFIED
C001589,Consumer,India,2025-02-20,VERIFIED
C001590,SME,India,2026-05-21,VERIFIED
C001591,SME,India,2026-05-10,VERIFIED
C001592,Enterprise,Singapore,2025-01-22,VERIFIED
C001593,Consumer,Singapore,2024-12-03,VERIFIED
C001594,Consumer,India,2024-11-06,VERIFIED
C001595,SME,Singapore,2024-11-24,PENDING
C001596,Consumer,India,2024-02-16,VERIFIED
C001597,Consumer,India,2025-10-17,VERIFIED
C001598,Consumer,Singapore,2024-05-28,PENDING
C001599,Consumer,Singapore,2024-12-15,REJECTED
C001600,SME,Singapore,2024-11-18,VERIFIED
C001601,Consumer,India,2026-05-14,PENDING
C001602,Consumer,Singapore,2024-04-29,VERIFIED
C001603,Consumer,Singapore,2025-02-01,VERIFIED
C001604,Consumer,UAE,2025-10-07,VERIFIED
C001605,Consumer,India,2024-07-15,VERIFIED
C001606,Consumer,India,2025-02-16,VERIFIED
C001607,Consumer,Singapore,2025-03-14,VERIFIED
C001608,SME,UAE,2024-02-06,PENDING
C001609,Consumer,India,2024-07-05,VERIFIED
C001610,Consumer,India,2025-02-23,VERIFIED
C001611,SME,India,2025-12-25,VERIFIED
C001612,SME,India,2025-04-04,REJECTED
C001613,Consumer,India,2024-04-19,VERIFIED
C001614,Consumer,India,2024-07-05,VERIFIED
C001615,Consumer,India,2025-04-15,VERIFIED
C001616,SME,India,2024-03-18,VERIFIED
C001617,Enterprise,India,2025-01-08,PENDING
C001618,SME,India,2026-03-20,VERIFIED
C001619,Consumer,India,2024-11-25,VERIFIED
C001620,SME,UAE,2024-05-04,VERIFIED
C001621,Consumer,Singapore,2024-11-11,PENDING
C001622,Consumer,Singapore,2024-11-15,REJECTED
C001623,Consumer,India,2025-04-19,VERIFIED
C001624,Enterprise,UAE,2025-05-03,VERIFIED
C001625,Consumer,India,2026-04-05,VERIFIED
C001626,SME,India,2025-05-28,VERIFIED
C001627,Consumer,India,2024-11-29,VERIFIED
C001628,Consumer,Singapore,2024-03-11,VERIFIED
C001629,Consumer,India,2025-04-09,VERIFIED
C001630,Consumer,India,2025-01-10,REJECTED
C001631,SME,India,2025-12-24,VERIFIED
C001632,Consumer,Singapore,2024-01-08,PENDING
C001633,SME,India,2025-11-26,VERIFIED
C001634,SME,India,2024-06-12,VERIFIED
C001635,Enterprise,India,2026-02-19,VERIFIED
C001636,Consumer,India,2024-10-21,REJECTED
C001637,Consumer,UAE,2024-12-23,VERIFIED
C001638,Consumer,India,2024-03-21,VERIFIED
C001639,Enterprise,India,2026-02-12,VERIFIED
C001640,Enterprise,UAE,2024-10-01,VERIFIED
C001641,Consumer,Singapore,2025-09-08,VERIFIED
C001642,SME,India,2026-03-31,VERIFIED
C001643,Consumer,UAE,2025-06-23,VERIFIED
C001644,Consumer,India,2024-02-16,VERIFIED
C001645,Consumer,India,2025-01-26,VERIFIED
C001646,SME,UAE,2026-04-04,PENDING
C001647,Consumer,UAE,2025-07-20,VERIFIED
C001648,SME,India,2024-03-19,PENDING
C001649,SME,India,2025-05-27,VERIFIED
C001650,SME,India,2025-11-10,VERIFIED
C001651,Consumer,India,2024-01-23,VERIFIED
C001652,Consumer,India,2024-08-15,VERIFIED
C001653,Consumer,India,2025-03-13,REJECTED
C001654,Consumer,UAE,2024-10-24,PENDING
C001655,Consumer,UAE,2024-09-16,VERIFIED
C001656,Enterprise,India,2026-02-14,VERIFIED
C001657,Consumer,India,2025-11-06,VERIFIED
C001658,Consumer,India,2024-01-10,VERIFIED
C001659,Consumer,India,2025-09-19,VERIFIED
C001660,Consumer,India,2024-06-06,VERIFIED
C001661,Consumer,Singapore,2026-05-17,VERIFIED
C001662,Consumer,India,2026-02-22,VERIFIED
C001663,Enterprise,UAE,2024-06-06,VERIFIED
C001664,Consumer,Singapore,2024-11-15,VERIFIED
C001665,Enterprise,India,2026-05-25,VERIFIED
C001666,SME,India,2024-07-20,VERIFIED
C001667,Consumer,Singapore,2024-04-30,VERIFIED
C001668,Enterprise,UAE,2024-05-18,VERIFIED
C001669,Consumer,Singapore,2025-11-04,VERIFIED
C001670,SME,India,2025-12-20,VERIFIED
C001671,Consumer,Singapore,2025-07-20,VERIFIED
C001672,SME,India,2024-12-04,VERIFIED
C001673,SME,UAE,2024-09-16,VERIFIED
C001674,SME,Singapore,2025-03-08,VERIFIED
C001675,SME,Singapore,2024-02-13,VERIFIED
C001676,Consumer,India,2024-06-07,VERIFIED
C001677,Consumer,Singapore,2026-03-26,VERIFIED
C001678,Consumer,India,2024-12-20,VERIFIED
C001679,Consumer,India,2024-04-07,VERIFIED
C001680,SME,India,2025-06-21,VERIFIED
C001681,Consumer,UAE,2026-05-20,VERIFIED
C001682,Enterprise,Singapore,2025-12-10,VERIFIED
C001683,SME,India,2025-08-31,VERIFIED
C001684,SME,UAE,2024-08-26,VERIFIED
C001685,Consumer,India,2025-04-19,VERIFIED
C001686,SME,India,2025-06-07,VERIFIED
C001687,Enterprise,India,2025-07-10,VERIFIED
C001688,Consumer,India,2025-01-26,VERIFIED
C001689,Consumer,India,2024-01-09,VERIFIED
C001690,SME,India,2025-05-27,PENDING
C001691,Consumer,Singapore,2025-01-23,VERIFIED
C001692,Consumer,India,2026-04-18,REJECTED
C001693,Consumer,Singapore,2024-07-28,VERIFIED
C001694,Consumer,India,2024-02-23,VERIFIED
C001695,Consumer,Singapore,2025-09-07,VERIFIED
C001696,Consumer,Singapore,2024-05-31,VERIFIED
C001697,Consumer,Singapore,2025-02-13,REJECTED
C001698,Consumer,India,2024-01-10,VERIFIED
C001699,Enterprise,Singapore,2025-07-05,VERIFIED
C001700,Consumer,India,2025-07-09,VERIFIED
C001701,Enterprise,UAE,2026-05-29,VERIFIED
C001702,Consumer,India,2024-09-24,REJECTED
C001703,Consumer,India,2026-02-28,PENDING
C001704,Consumer,India,2025-10-28,VERIFIED
C001705,Consumer,Singapore,2025-03-26,VERIFIED
C001706,Consumer,India,2025-08-16,PENDING
C001707,SME,UAE,2024-07-15,VERIFIED
C001708,Consumer,UAE,2025-02-01,VERIFIED
C001709,Consumer,Singapore,2024-02-21,VERIFIED
C001710,SME,India,2026-01-04,VERIFIED
C001711,Consumer,Singapore,2025-04-13,VERIFIED
C001712,Consumer,India,2025-01-02,VERIFIED
C001713,SME,India,2025-01-08,VERIFIED
C001714,Consumer,UAE,2024-02-28,VERIFIED
C001715,Consumer,UAE,2024-10-20,VERIFIED
C001716,Enterprise,UAE,2026-02-26,VERIFIED
C001717,Consumer,India,2026-04-25,VERIFIED
C001718,SME,India,2026-02-26,VERIFIED
C001719,Enterprise,India,2026-05-18,VERIFIED
C001720,Consumer,India,2024-04-19,VERIFIED
C001721,Consumer,India,2025-06-25,VERIFIED
C001722,Consumer,India,2024-04-16,VERIFIED
C001723,Consumer,Singapore,2024-10-23,VERIFIED
C001724,Consumer,Singapore,2026-05-01,VERIFIED
C001725,SME,Singapore,2026-04-18,VERIFIED
C001726,Consumer,Singapore,2026-04-10,VERIFIED
C001727,Consumer,India,2024-04-04,VERIFIED
C001728,Enterprise,India,2026-03-07,REJECTED
C001729,SME,Singapore,2025-12-19,VERIFIED
C001730,Consumer,India,2026-04-24,VERIFIED
C001731,Consumer,India,2025-11-14,VERIFIED
C001732,Consumer,India,2025-04-16,VERIFIED
C001733,Consumer,India,2024-03-19,VERIFIED
C001734,Consumer,Singapore,2024-09-06,VERIFIED
C001735,Consumer,UAE,2025-12-30,VERIFIED
C001736,SME,UAE,2024-12-04,VERIFIED
C001737,Consumer,India,2024-02-26,VERIFIED
C001738,Consumer,India,2024-05-26,PENDING
C001739,Consumer,UAE,2026-01-15,VERIFIED
C001740,Consumer,India,2024-01-17,VERIFIED
C001741,SME,India,2025-01-02,PENDING
C001742,SME,UAE,2025-12-09,VERIFIED
C001743,SME,Singapore,2024-07-07,VERIFIED
C001744,Consumer,UAE,2025-10-05,VERIFIED
C001745,Consumer,India,2024-09-04,VERIFIED
C001746,Consumer,India,2024-05-29,VERIFIED
C001747,Consumer,UAE,2025-12-14,VERIFIED
C001748,Consumer,India,2024-07-31,VERIFIED
C001749,SME,Singapore,2024-08-04,VERIFIED
C001750,Consumer,India,2024-01-06,VERIFIED
C001751,Consumer,Singapore,2025-10-31,VERIFIED
C001752,Consumer,Singapore,2026-05-10,VERIFIED
C001753,Consumer,India,2025-08-09,VERIFIED
C001754,Consumer,India,2025-01-29,PENDING
C001755,Enterprise,Singapore,2026-02-01,VERIFIED
C001756,SME,Singapore,2024-10-30,VERIFIED
C001757,Enterprise,India,2025-07-11,VERIFIED
C001758,Consumer,UAE,2025-02-14,VERIFIED
C001759,Consumer,India,2025-02-06,VERIFIED
C001760,Consumer,India,2026-05-03,PENDING
C001761,Consumer,India,2026-05-09,PENDING
C001762,SME,UAE,2026-04-06,VERIFIED
C001763,Consumer,India,2025-01-14,VERIFIED
C001764,Consumer,India,2025-03-27,VERIFIED
C001765,Consumer,Singapore,2024-08-16,VERIFIED
C001766,Consumer,India,2025-11-24,VERIFIED
C001767,SME,India,2025-05-19,PENDING
C001768,Consumer,India,2025-08-17,VERIFIED
C001769,Consumer,Singapore,2024-05-24,VERIFIED
C001770,Consumer,India,2024-02-19,VERIFIED
C001771,Consumer,UAE,2025-02-27,VERIFIED
C001772,SME,UAE,2024-04-09,VERIFIED
C001773,SME,Singapore,2024-12-08,PENDING
C001774,Enterprise,Singapore,2026-05-31,PENDING
C001775,SME,India,2026-01-01,VERIFIED
C001776,Consumer,India,2025-10-12,VERIFIED
C001777,SME,Singapore,2025-06-09,VERIFIED
C001778,Consumer,UAE,2024-01-13,VERIFIED
C001779,Consumer,India,2026-05-05,VERIFIED
C001780,SME,India,2026-01-31,VERIFIED
C001781,Consumer,India,2026-04-27,PENDING
C001782,Enterprise,India,2024-06-20,VERIFIED
C001783,Consumer,India,2025-05-03,VERIFIED
C001784,SME,India,2026-04-10,VERIFIED
C001785,SME,India,2024-12-24,PENDING
C001786,SME,Singapore,2024-04-15,VERIFIED
C001787,SME,India,2024-07-07,REJECTED
C001788,Consumer,Singapore,2025-06-12,VERIFIED
C001789,Consumer,UAE,2024-02-19,VERIFIED
C001790,Consumer,UAE,2024-09-05,PENDING
C001791,Consumer,Singapore,2025-02-13,VERIFIED
C001792,SME,India,2025-01-25,VERIFIED
C001793,Consumer,UAE,2025-01-13,VERIFIED
C001794,SME,Singapore,2024-08-14,VERIFIED
C001795,Consumer,India,2025-08-13,PENDING
C001796,Consumer,India,2026-02-22,VERIFIED
C001797,SME,India,2024-07-31,VERIFIED
C001798,Consumer,India,2025-06-12,PENDING
C001799,Consumer,India,2024-12-11,VERIFIED
C001800,Consumer,UAE,2025-02-22,VERIFIED
C001801,Enterprise,India,2026-02-01,VERIFIED
C001802,SME,Singapore,2026-05-01,VERIFIED
C001803,Consumer,UAE,2024-03-24,VERIFIED
C001804,Consumer,Singapore,2024-07-15,VERIFIED
C001805,Consumer,UAE,2026-02-15,VERIFIED
C001806,SME,UAE,2025-06-13,PENDING
C001807,SME,India,2024-08-08,VERIFIED
C001808,Consumer,UAE,2026-04-22,VERIFIED
C001809,Consumer,Singapore,2026-01-16,VERIFIED
C001810,Consumer,India,2024-06-24,VERIFIED
C001811,SME,Singapore,2025-08-06,VERIFIED
C001812,SME,Singapore,2025-08-25,VERIFIED
C001813,Consumer,UAE,2024-11-17,VERIFIED
C001814,Consumer,India,2025-06-18,VERIFIED
C001815,Consumer,Singapore,2025-12-25,REJECTED
C001816,Enterprise,India,2025-01-28,VERIFIED
C001817,Consumer,India,2026-03-16,VERIFIED
C001818,SME,India,2025-10-01,VERIFIED
C001819,Consumer,India,2025-07-24,VERIFIED
C001820,Consumer,Singapore,2024-11-19,VERIFIED
C001821,Consumer,India,2024-03-25,VERIFIED
C001822,Consumer,India,2026-01-10,VERIFIED
C001823,Consumer,India,2025-03-02,VERIFIED
C001824,SME,India,2024-09-24,VERIFIED
C001825,SME,India,2024-04-21,VERIFIED
C001826,Consumer,India,2025-09-19,VERIFIED
C001827,Consumer,Singapore,2026-01-19,VERIFIED
C001828,Enterprise,India,2025-02-01,VERIFIED
C001829,SME,India,2024-02-21,VERIFIED
C001830,Consumer,India,2024-03-24,VERIFIED
C001831,Enterprise,Singapore,2025-09-14,VERIFIED
C001832,Consumer,India,2025-12-12,VERIFIED
C001833,Consumer,India,2025-12-31,VERIFIED
C001834,SME,UAE,2026-01-10,VERIFIED
C001835,SME,Singapore,2026-04-08,VERIFIED
C001836,SME,India,2025-02-28,VERIFIED
C001837,Consumer,Singapore,2024-01-21,REJECTED
C001838,Consumer,Singapore,2025-11-18,REJECTED
C001839,Enterprise,India,2024-02-25,VERIFIED
C001840,Consumer,UAE,2024-10-17,VERIFIED
C001841,Consumer,UAE,2026-03-22,VERIFIED
C001842,Consumer,UAE,2026-03-17,VERIFIED
C001843,Consumer,UAE,2025-10-16,VERIFIED
C001844,Consumer,Singapore,2025-01-07,VERIFIED
C001845,Enterprise,Singapore,2026-01-07,VERIFIED
C001846,Consumer,Singapore,2024-01-08,VERIFIED
C001847,Consumer,Singapore,2024-05-03,VERIFIED
C001848,Consumer,Singapore,2026-01-27,PENDING
C001849,SME,India,2024-04-10,VERIFIED
C001850,SME,India,2026-04-14,VERIFIED
C001851,Consumer,UAE,2026-05-11,VERIFIED
C001852,SME,India,2024-04-02,VERIFIED
C001853,SME,Singapore,2025-01-19,VERIFIED
C001854,SME,UAE,2026-02-04,VERIFIED
C001855,Enterprise,Singapore,2024-03-20,VERIFIED
C001856,Consumer,UAE,2024-10-24,VERIFIED
C001857,SME,Singapore,2024-01-31,VERIFIED
C001858,Consumer,India,2025-01-12,VERIFIED
C001859,SME,UAE,2024-11-25,VERIFIED
C001860,SME,India,2024-10-25,VERIFIED
C001861,SME,India,2024-10-08,VERIFIED
C001862,SME,India,2024-01-12,VERIFIED
C001863,Consumer,India,2025-09-30,VERIFIED
C001864,Consumer,India,2026-05-21,VERIFIED
C001865,Enterprise,India,2025-11-29,VERIFIED
C001866,Enterprise,Singapore,2024-03-09,VERIFIED
C001867,Consumer,Singapore,2026-04-20,PENDING
C001868,Consumer,India,2025-06-06,VERIFIED
C001869,Consumer,India,2026-03-25,VERIFIED
C001870,SME,Singapore,2024-01-23,VERIFIED
C001871,SME,Singapore,2024-12-02,VERIFIED
C001872,Consumer,UAE,2025-03-02,VERIFIED
C001873,Consumer,India,2026-04-24,VERIFIED
C001874,SME,UAE,2024-07-27,VERIFIED
C001875,SME,India,2024-08-02,VERIFIED
C001876,Consumer,Singapore,2025-09-26,VERIFIED
C001877,Consumer,India,2025-02-26,VERIFIED
C001878,Consumer,India,2024-03-13,VERIFIED
C001879,Consumer,India,2025-12-22,VERIFIED
C001880,Consumer,India,2026-04-02,VERIFIED
C001881,SME,India,2026-02-24,VERIFIED
C001882,SME,Singapore,2025-08-28,VERIFIED
C001883,SME,Singapore,2026-01-17,VERIFIED
C001884,SME,Singapore,2025-10-27,VERIFIED
C001885,Consumer,India,2024-09-30,VERIFIED
C001886,Consumer,India,2025-12-25,VERIFIED
C001887,Consumer,UAE,2025-10-01,VERIFIED
C001888,Consumer,India,2024-08-20,VERIFIED
C001889,SME,India,2024-02-10,VERIFIED
C001890,Enterprise,India,2024-10-15,VERIFIED
C001891,Consumer,Singapore,2025-07-08,VERIFIED
C001892,Consumer,India,2024-09-26,VERIFIED
C001893,SME,India,2025-03-14,VERIFIED
C001894,Consumer,UAE,2024-11-09,VERIFIED
C001895,Consumer,Singapore,2025-05-24,VERIFIED
C001896,SME,Singapore,2025-01-28,VERIFIED
C001897,Consumer,India,2024-01-28,VERIFIED
C001898,Consumer,India,2024-09-26,VERIFIED
C001899,Consumer,UAE,2025-04-11,VERIFIED
C001900,SME,UAE,2024-03-14,VERIFIED
C001901,Consumer,India,2025-10-18,VERIFIED
C001902,Consumer,India,2025-11-04,VERIFIED
C001903,SME,India,2024-09-02,VERIFIED
C001904,Consumer,India,2026-02-20,VERIFIED
C001905,SME,Singapore,2025-02-13,VERIFIED
C001906,Consumer,UAE,2025-05-12,VERIFIED
C001907,Enterprise,India,2025-02-21,VERIFIED
C001908,Consumer,India,2024-07-29,VERIFIED
C001909,Consumer,UAE,2026-03-02,VERIFIED
C001910,Consumer,India,2024-08-10,VERIFIED
C001911,Consumer,UAE,2024-12-25,VERIFIED
C001912,SME,Singapore,2025-08-04,VERIFIED
C001913,Enterprise,UAE,2024-01-20,VERIFIED
C001914,Consumer,India,2025-02-26,VERIFIED
C001915,Consumer,India,2024-04-30,PENDING
C001916,SME,India,2024-06-21,VERIFIED
C001917,SME,India,2024-02-03,PENDING
C001918,Consumer,India,2024-03-11,VERIFIED
C001919,Consumer,UAE,2025-06-28,VERIFIED
C001920,Consumer,UAE,2026-02-12,VERIFIED
C001921,SME,Singapore,2026-02-22,VERIFIED
C001922,Consumer,India,2025-09-12,VERIFIED
C001923,Consumer,Singapore,2025-06-18,VERIFIED
C001924,Consumer,Singapore,2025-10-19,VERIFIED
C001925,SME,India,2024-01-14,VERIFIED
C001926,Consumer,UAE,2024-11-01,VERIFIED
C001927,Consumer,India,2026-04-08,VERIFIED
C001928,Consumer,India,2025-07-01,VERIFIED
C001929,SME,India,2024-09-27,VERIFIED
C001930,Consumer,Singapore,2026-02-11,VERIFIED
C001931,Consumer,Singapore,2024-02-22,VERIFIED
C001932,Consumer,India,2025-05-08,VERIFIED
C001933,Consumer,India,2025-07-13,VERIFIED
C001934,Consumer,India,2025-04-07,VERIFIED
C001935,SME,India,2025-06-06,VERIFIED
C001936,SME,India,2026-02-08,VERIFIED
C001937,Consumer,India,2026-05-04,PENDING
C001938,SME,India,2026-03-02,VERIFIED
C001939,Consumer,UAE,2025-12-22,VERIFIED
C001940,Consumer,India,2024-11-19,PENDING
C001941,Consumer,Singapore,2026-04-26,VERIFIED
C001942,Consumer,India,2025-06-07,VERIFIED
C001943,SME,India,2025-03-18,VERIFIED
C001944,SME,India,2024-09-07,VERIFIED
C001945,SME,India,2026-04-14,VERIFIED
C001946,Consumer,India,2024-06-08,VERIFIED
C001947,Consumer,UAE,2024-02-05,PENDING
C001948,Consumer,UAE,2025-10-22,VERIFIED
C001949,Consumer,India,2026-05-29,VERIFIED
C001950,Consumer,India,2024-07-16,VERIFIED
C001951,Consumer,UAE,2025-03-25,VERIFIED
C001952,Consumer,India,2025-01-12,VERIFIED
C001953,Consumer,Singapore,2024-09-02,VERIFIED
C001954,SME,UAE,2025-01-27,VERIFIED
C001955,Enterprise,UAE,2024-07-22,PENDING
C001956,Enterprise,India,2024-02-13,VERIFIED
C001957,SME,India,2024-11-10,VERIFIED
C001958,Consumer,India,2025-02-11,VERIFIED
C001959,SME,UAE,2026-04-10,VERIFIED
C001960,SME,UAE,2024-07-24,VERIFIED
C001961,Consumer,Singapore,2024-08-28,VERIFIED
C001962,Consumer,Singapore,2024-02-10,PENDING
C001963,SME,Singapore,2025-08-10,PENDING
C001964,Consumer,Singapore,2025-12-14,VERIFIED
C001965,Consumer,UAE,2024-12-28,PENDING
C001966,Consumer,Singapore,2024-04-04,VERIFIED
C001967,Consumer,India,2025-06-23,VERIFIED
C001968,Consumer,India,2024-05-23,VERIFIED
C001969,Consumer,Singapore,2024-02-28,VERIFIED
C001970,Consumer,India,2025-10-02,REJECTED
C001971,Consumer,India,2026-05-03,VERIFIED
C001972,SME,Singapore,2025-05-23,VERIFIED
C001973,Consumer,Singapore,2025-05-27,VERIFIED
C001974,Consumer,UAE,2026-03-09,VERIFIED
C001975,Consumer,India,2024-01-22,VERIFIED
C001976,Enterprise,Singapore,2026-01-07,VERIFIED
C001977,Consumer,India,2024-07-22,REJECTED
C001978,Consumer,UAE,2025-11-29,VERIFIED
C001979,SME,India,2025-04-15,VERIFIED
C001980,SME,Singapore,2024-10-10,VERIFIED
C001981,Consumer,Singapore,2025-01-06,VERIFIED
C001982,SME,India,2025-05-12,VERIFIED
C001983,Consumer,UAE,2024-11-27,VERIFIED
C001984,Consumer,UAE,2024-01-27,VERIFIED
C001985,Consumer,India,2026-05-04,VERIFIED
C001986,Consumer,India,2024-05-08,VERIFIED
C001987,SME,India,2025-01-14,PENDING
C001988,Consumer,India,2025-05-21,VERIFIED
C001989,Consumer,UAE,2026-05-24,VERIFIED
C001990,SME,UAE,2024-04-04,PENDING
C001991,SME,India,2025-07-31,VERIFIED
C001992,Consumer,India,2024-06-25,PENDING
C001993,Consumer,India,2025-04-17,PENDING
C001994,Consumer,India,2025-04-30,VERIFIED
C001995,SME,India,2024-10-01,VERIFIED
C001996,SME,India,2025-10-29,VERIFIED
C001997,Enterprise,India,2025-02-26,REJECTED
C001998,Consumer,Singapore,2025-06-14,VERIFIED
C001999,Consumer,Singapore,2024-11-15,VERIFIED
C002000,Consumer,India,2024-02-27,VERIFIED
C002001,Consumer,Singapore,2024-09-29,VERIFIED
C002002,Consumer,Singapore,2024-07-16,VERIFIED
C002003,Enterprise,UAE,2024-03-19,VERIFIED
C002004,Consumer,India,2024-02-10,VERIFIED
C002005,Consumer,UAE,2026-01-07,VERIFIED
C002006,SME,UAE,2026-02-11,VERIFIED
C002007,Consumer,India,2024-09-01,VERIFIED
C002008,SME,India,2024-01-23,VERIFIED
C002009,Consumer,UAE,2025-12-09,VERIFIED
C002010,Consumer,Singapore,2024-08-23,VERIFIED
C002011,Consumer,UAE,2024-05-05,VERIFIED
C002012,Consumer,Singapore,2026-02-16,VERIFIED
C002013,Enterprise,Singapore,2026-04-15,VERIFIED
C002014,Consumer,India,2024-05-19,REJECTED
C002015,Consumer,India,2026-05-28,VERIFIED
C002016,Consumer,UAE,2025-01-28,VERIFIED
C002017,Consumer,India,2026-04-07,VERIFIED
C002018,SME,India,2024-05-06,VERIFIED
C002019,Consumer,Singapore,2026-03-08,VERIFIED
C002020,SME,Singapore,2024-04-23,VERIFIED
C002021,Enterprise,India,2026-04-16,VERIFIED
C002022,Consumer,India,2025-06-08,VERIFIED
C002023,Enterprise,India,2024-08-15,VERIFIED
C002024,Consumer,India,2025-06-04,VERIFIED
C002025,Consumer,Singapore,2024-05-25,VERIFIED
C002026,Consumer,India,2024-06-11,VERIFIED
C002027,SME,UAE,2026-01-04,VERIFIED
C002028,Enterprise,Singapore,2025-12-28,VERIFIED
C002029,Consumer,Singapore,2024-06-17,VERIFIED
C002030,SME,India,2025-06-21,VERIFIED
C002031,Consumer,India,2024-05-04,VERIFIED
C002032,Consumer,India,2024-10-26,VERIFIED
C002033,Consumer,India,2024-09-06,VERIFIED
C002034,Enterprise,UAE,2025-06-05,VERIFIED
C002035,Consumer,India,2024-04-14,REJECTED
C002036,Consumer,UAE,2025-09-09,REJECTED
C002037,Consumer,India,2025-05-27,VERIFIED
C002038,Consumer,India,2025-11-24,VERIFIED
C002039,Consumer,UAE,2025-05-20,VERIFIED
C002040,Consumer,Singapore,2024-10-28,VERIFIED
C002041,SME,India,2025-10-14,VERIFIED
C002042,Consumer,India,2024-08-17,VERIFIED
C002043,Consumer,India,2024-03-04,VERIFIED
C002044,Consumer,Singapore,2025-08-12,VERIFIED
C002045,SME,India,2024-08-19,VERIFIED
C002046,SME,India,2025-08-21,REJECTED
C002047,Consumer,India,2024-07-01,VERIFIED
C002048,SME,UAE,2024-11-14,PENDING
C002049,Consumer,India,2025-10-19,VERIFIED
C002050,Consumer,India,2026-04-08,VERIFIED
C002051,Consumer,India,2024-04-01,PENDING
C002052,Consumer,India,2025-09-26,PENDING
C002053,Consumer,India,2026-02-26,VERIFIED
C002054,Enterprise,India,2024-03-04,VERIFIED
C002055,SME,India,2026-04-23,VERIFIED
C002056,SME,India,2024-08-06,VERIFIED
C002057,Consumer,India,2025-12-04,VERIFIED
C002058,Consumer,UAE,2025-09-10,VERIFIED
C002059,SME,Singapore,2024-09-03,VERIFIED
C002060,Consumer,India,2025-04-17,VERIFIED
C002061,Consumer,India,2024-02-26,VERIFIED
C002062,Consumer,Singapore,2024-02-14,PENDING
C002063,SME,UAE,2024-03-26,VERIFIED
C002064,Consumer,India,2024-02-07,VERIFIED
C002065,Consumer,Singapore,2024-06-30,VERIFIED
C002066,SME,India,2024-06-12,VERIFIED
C002067,Consumer,India,2026-01-26,VERIFIED
C002068,Consumer,UAE,2026-04-14,VERIFIED
C002069,Consumer,Singapore,2024-05-05,VERIFIED
C002070,Consumer,UAE,2024-07-25,VERIFIED
C002071,SME,India,2024-09-23,VERIFIED
C002072,Consumer,India,2024-12-19,VERIFIED
C002073,Consumer,Singapore,2025-02-14,VERIFIED
C002074,SME,India,2025-08-21,VERIFIED
C002075,SME,India,2025-10-18,VERIFIED
C002076,SME,India,2024-05-01,VERIFIED
C002077,Consumer,India,2025-05-22,VERIFIED
C002078,Consumer,India,2025-09-01,VERIFIED
C002079,Enterprise,Singapore,2025-04-13,VERIFIED
C002080,SME,UAE,2026-03-11,VERIFIED
C002081,Consumer,India,2024-05-12,VERIFIED
C002082,Consumer,Singapore,2025-01-13,VERIFIED
C002083,Consumer,India,2026-04-28,VERIFIED
C002084,Enterprise,UAE,2024-11-13,PENDING
C002085,Consumer,India,2025-07-30,VERIFIED
C002086,Consumer,Singapore,2025-12-11,VERIFIED
C002087,Consumer,Singapore,2024-05-04,VERIFIED
C002088,SME,India,2025-03-26,VERIFIED
C002089,SME,India,2026-05-07,VERIFIED
C002090,Consumer,UAE,2025-12-20,VERIFIED
C002091,SME,India,2024-07-26,VERIFIED
C002092,Enterprise,Singapore,2024-10-26,VERIFIED
C002093,Consumer,UAE,2025-05-03,VERIFIED
C002094,Consumer,India,2025-09-24,VERIFIED
C002095,Consumer,UAE,2024-05-21,PENDING
C002096,SME,UAE,2025-04-18,VERIFIED
C002097,Consumer,Singapore,2026-05-08,VERIFIED
C002098,SME,India,2025-07-22,PENDING
C002099,SME,India,2024-10-30,VERIFIED
C002100,Consumer,India,2025-10-18,VERIFIED
C002101,Enterprise,UAE,2025-07-09,VERIFIED
C002102,Consumer,UAE,2025-10-05,VERIFIED
C002103,Consumer,Singapore,2025-08-15,VERIFIED
C002104,SME,India,2026-05-14,VERIFIED
C002105,SME,India,2024-01-30,VERIFIED
C002106,Consumer,Singapore,2025-01-11,VERIFIED
C002107,SME,Singapore,2024-12-06,VERIFIED
C002108,Enterprise,UAE,2024-07-27,VERIFIED
C002109,Consumer,Singapore,2024-08-30,VERIFIED
C002110,Enterprise,UAE,2025-11-25,VERIFIED
C002111,Consumer,Singapore,2024-06-06,VERIFIED
C002112,Consumer,Singapore,2024-05-25,VERIFIED
C002113,Consumer,India,2024-12-05,VERIFIED
C002114,SME,UAE,2026-05-15,VERIFIED
C002115,SME,Singapore,2026-01-14,VERIFIED
C002116,Consumer,India,2024-04-01,VERIFIED
C002117,Consumer,India,2024-11-24,VERIFIED
C002118,Consumer,India,2024-06-20,VERIFIED
C002119,Consumer,India,2025-12-02,VERIFIED
C002120,SME,India,2024-01-31,VERIFIED
C002121,SME,India,2025-09-12,VERIFIED
C002122,Consumer,India,2024-09-28,REJECTED
C002123,Enterprise,India,2024-04-04,VERIFIED
C002124,Consumer,Singapore,2024-03-17,VERIFIED
C002125,Enterprise,India,2024-05-30,VERIFIED
C002126,SME,India,2024-05-21,VERIFIED
C002127,SME,India,2024-08-18,VERIFIED
C002128,Consumer,India,2026-02-08,VERIFIED
C002129,SME,India,2024-05-07,VERIFIED
C002130,Consumer,Singapore,2026-05-09,VERIFIED
C002131,Consumer,Singapore,2026-01-05,VERIFIED
C002132,Consumer,India,2025-11-26,VERIFIED
C002133,Consumer,Singapore,2025-05-11,VERIFIED
C002134,Consumer,India,2024-10-06,VERIFIED
C002135,SME,UAE,2026-03-15,VERIFIED
C002136,SME,UAE,2025-06-24,VERIFIED
C002137,Consumer,India,2026-03-20,VERIFIED
C002138,SME,Singapore,2025-06-13,VERIFIED
C002139,Consumer,Singapore,2024-05-10,VERIFIED
C002140,SME,Singapore,2025-04-05,VERIFIED
C002141,SME,Singapore,2024-09-25,VERIFIED
C002142,Consumer,UAE,2025-09-09,VERIFIED
C002143,SME,Singapore,2025-10-30,VERIFIED
C002144,Consumer,Singapore,2025-07-24,VERIFIED
C002145,Consumer,UAE,2025-08-26,VERIFIED
C002146,SME,Singapore,2024-09-16,VERIFIED
C002147,Consumer,Singapore,2024-02-20,VERIFIED
C002148,Consumer,India,2024-05-12,VERIFIED
C002149,Consumer,India,2025-11-09,VERIFIED
C002150,SME,India,2026-03-19,VERIFIED
C002151,Consumer,India,2024-01-05,VERIFIED
C002152,Consumer,India,2025-10-09,VERIFIED
C002153,SME,UAE,2026-01-07,VERIFIED
C002154,SME,Singapore,2025-05-16,VERIFIED
C002155,Consumer,Singapore,2024-07-02,PENDING
C002156,Consumer,India,2025-02-12,VERIFIED
C002157,Consumer,UAE,2024-03-31,VERIFIED
C002158,Consumer,Singapore,2025-03-11,VERIFIED
C002159,Consumer,Singapore,2026-03-30,VERIFIED
C002160,SME,India,2024-07-07,PENDING
C002161,SME,India,2025-04-24,VERIFIED
C002162,Consumer,Singapore,2026-03-25,PENDING
C002163,Consumer,Singapore,2025-01-17,VERIFIED
C002164,SME,UAE,2026-04-29,PENDING
C002165,Consumer,UAE,2024-11-17,VERIFIED
C002166,Enterprise,UAE,2025-03-18,VERIFIED
C002167,SME,Singapore,2025-05-04,VERIFIED
C002168,Consumer,UAE,2024-05-12,VERIFIED
C002169,SME,UAE,2025-11-14,VERIFIED
C002170,Consumer,India,2025-03-01,REJECTED
C002171,SME,India,2024-09-06,VERIFIED
C002172,Consumer,India,2024-03-01,VERIFIED
C002173,Consumer,India,2025-07-15,VERIFIED
C002174,SME,India,2025-02-25,VERIFIED
C002175,Consumer,India,2025-04-20,VERIFIED
C002176,SME,Singapore,2024-08-10,VERIFIED
C002177,Consumer,India,2025-03-13,VERIFIED
C002178,SME,India,2025-11-14,VERIFIED
C002179,SME,Singapore,2025-01-18,VERIFIED
C002180,Consumer,UAE,2024-11-14,VERIFIED
C002181,Consumer,UAE,2024-08-12,PENDING
C002182,Consumer,Singapore,2025-02-26,VERIFIED
C002183,Consumer,India,2024-07-09,VERIFIED
C002184,Consumer,India,2026-05-20,VERIFIED
C002185,SME,India,2026-02-15,VERIFIED
C002186,Enterprise,India,2026-01-25,REJECTED
C002187,SME,India,2024-03-19,PENDING
C002188,SME,UAE,2026-05-04,PENDING
C002189,SME,India,2024-12-30,VERIFIED
C002190,SME,India,2024-01-22,VERIFIED
C002191,Consumer,India,2025-07-01,VERIFIED
C002192,Enterprise,Singapore,2024-11-25,VERIFIED
C002193,SME,India,2024-06-04,VERIFIED
C002194,Consumer,India,2024-02-25,VERIFIED
C002195,Consumer,India,2026-05-16,VERIFIED
C002196,Consumer,India,2024-09-04,VERIFIED
C002197,Consumer,India,2024-09-17,VERIFIED
C002198,SME,India,2026-02-10,VERIFIED
C002199,Consumer,India,2025-03-10,VERIFIED
C002200,Consumer,Singapore,2025-06-10,VERIFIED
C002201,Enterprise,India,2025-04-22,PENDING
C002202,Consumer,Singapore,2025-11-30,VERIFIED
C002203,Consumer,India,2025-06-21,VERIFIED
C002204,Consumer,India,2025-06-18,VERIFIED
C002205,SME,India,2025-01-15,VERIFIED
C002206,Enterprise,India,2024-04-12,VERIFIED
C002207,Consumer,India,2024-01-29,VERIFIED
C002208,SME,India,2026-05-03,VERIFIED
C002209,Consumer,Singapore,2025-04-27,VERIFIED
C002210,Enterprise,UAE,2024-02-26,VERIFIED
C002211,SME,Singapore,2024-03-02,VERIFIED
C002212,SME,India,2024-02-17,VERIFIED
C002213,Consumer,Singapore,2025-01-01,VERIFIED
C002214,Enterprise,India,2025-06-30,VERIFIED
C002215,SME,Singapore,2025-07-11,VERIFIED
C002216,Consumer,India,2025-06-28,VERIFIED
C002217,SME,India,2024-11-22,VERIFIED
C002218,Consumer,UAE,2026-01-07,PENDING
C002219,SME,Singapore,2024-09-22,VERIFIED
C002220,Consumer,India,2025-12-28,VERIFIED
C002221,SME,India,2025-12-29,VERIFIED
C002222,Consumer,India,2024-06-24,PENDING
C002223,Consumer,UAE,2024-02-13,VERIFIED
C002224,Consumer,Singapore,2024-08-06,VERIFIED
C002225,Consumer,UAE,2024-05-05,REJECTED
C002226,Consumer,India,2026-05-31,VERIFIED
C002227,Consumer,India,2025-01-13,VERIFIED
C002228,Consumer,Singapore,2024-11-14,VERIFIED
C002229,Consumer,India,2024-10-31,VERIFIED
C002230,Consumer,India,2024-07-18,VERIFIED
C002231,SME,Singapore,2024-03-25,VERIFIED
C002232,Consumer,Singapore,2024-02-10,VERIFIED
C002233,Enterprise,Singapore,2025-12-23,VERIFIED
C002234,SME,Singapore,2026-05-15,VERIFIED
C002235,SME,Singapore,2025-07-04,VERIFIED
C002236,Consumer,Singapore,2024-12-28,PENDING
C002237,SME,India,2024-09-25,VERIFIED
C002238,Consumer,India,2024-12-27,VERIFIED
C002239,Consumer,Singapore,2025-01-01,VERIFIED
C002240,Consumer,UAE,2024-06-29,VERIFIED
C002241,SME,India,2024-08-18,REJECTED
C002242,Consumer,India,2024-03-10,VERIFIED
C002243,Consumer,India,2026-04-04,VERIFIED
C002244,Enterprise,India,2025-08-10,REJECTED
C002245,SME,India,2026-02-26,VERIFIED
C002246,Consumer,Singapore,2025-05-03,VERIFIED
C002247,Consumer,India,2024-08-21,VERIFIED
C002248,SME,Singapore,2026-04-09,VERIFIED
C002249,Consumer,Singapore,2025-03-04,VERIFIED
C002250,Consumer,UAE,2026-04-10,VERIFIED
C002251,Consumer,India,2025-10-09,VERIFIED
C002252,Enterprise,Singapore,2025-10-27,PENDING
C002253,SME,India,2024-10-20,VERIFIED
C002254,SME,India,2024-12-13,VERIFIED
C002255,SME,India,2024-04-08,VERIFIED
C002256,Consumer,Singapore,2026-05-25,VERIFIED
C002257,Consumer,India,2024-12-26,VERIFIED
C002258,Consumer,UAE,2026-05-24,PENDING
C002259,Consumer,Singapore,2024-12-23,VERIFIED
C002260,Consumer,Singapore,2024-05-09,VERIFIED
C002261,SME,Singapore,2025-06-02,VERIFIED
C002262,Consumer,India,2025-01-17,VERIFIED
C002263,SME,Singapore,2025-09-08,VERIFIED
C002264,Consumer,India,2026-03-29,PENDING
C002265,Consumer,UAE,2025-07-15,VERIFIED
C002266,SME,India,2026-01-05,VERIFIED
C002267,Consumer,India,2024-03-04,VERIFIED
C002268,SME,India,2025-01-30,VERIFIED
C002269,Consumer,India,2024-06-29,VERIFIED
C002270,Consumer,India,2025-08-09,VERIFIED
C002271,Consumer,India,2026-02-16,VERIFIED
C002272,Consumer,UAE,2024-07-07,VERIFIED
C002273,Consumer,India,2024-07-01,VERIFIED
C002274,SME,India,2026-05-16,VERIFIED
C002275,Enterprise,India,2025-05-06,VERIFIED
C002276,Consumer,India,2025-08-02,VERIFIED
C002277,SME,India,2024-06-18,VERIFIED
C002278,Consumer,Singapore,2024-11-17,VERIFIED
C002279,SME,India,2024-06-20,VERIFIED
C002280,Consumer,India,2024-10-10,VERIFIED
C002281,Consumer,India,2025-09-10,PENDING
C002282,Consumer,India,2024-12-31,REJECTED
C002283,Consumer,India,2024-04-20,VERIFIED
C002284,Consumer,Singapore,2024-03-18,REJECTED
C002285,Consumer,India,2025-11-28,VERIFIED
C002286,Consumer,India,2024-09-09,VERIFIED
C002287,Enterprise,Singapore,2024-08-23,VERIFIED
C002288,Consumer,India,2024-04-02,VERIFIED
C002289,Consumer,Singapore,2025-10-03,VERIFIED
C002290,Consumer,India,2025-11-25,PENDING
C002291,Consumer,India,2024-02-03,VERIFIED
C002292,Consumer,Singapore,2025-04-25,VERIFIED
C002293,Consumer,India,2025-02-07,VERIFIED
C002294,Consumer,UAE,2026-03-25,VERIFIED
C002295,Consumer,India,2024-08-09,PENDING
C002296,Consumer,Singapore,2025-05-04,VERIFIED
C002297,Consumer,UAE,2026-03-04,VERIFIED
C002298,Consumer,Singapore,2024-12-05,VERIFIED
C002299,Consumer,Singapore,2025-05-27,VERIFIED
C002300,Consumer,Singapore,2025-08-31,VERIFIED
C002301,SME,India,2025-08-21,VERIFIED
C002302,Consumer,India,2026-04-22,VERIFIED
C002303,Consumer,India,2024-09-08,REJECTED
C002304,Consumer,India,2024-12-29,VERIFIED
C002305,Enterprise,UAE,2025-06-10,VERIFIED
C002306,Consumer,India,2024-05-21,VERIFIED
C002307,Consumer,India,2024-11-06,VERIFIED
C002308,Consumer,Singapore,2025-01-19,VERIFIED
C002309,Consumer,India,2026-03-11,VERIFIED
C002310,Consumer,India,2025-08-04,VERIFIED
C002311,Consumer,Singapore,2024-11-07,PENDING
C002312,SME,Singapore,2024-10-05,VERIFIED
C002313,Consumer,Singapore,2025-07-19,VERIFIED
C002314,SME,India,2024-12-11,REJECTED
C002315,Enterprise,India,2025-01-21,VERIFIED
C002316,Consumer,Singapore,2024-10-28,VERIFIED
C002317,Consumer,India,2026-02-02,VERIFIED
C002318,Consumer,Singapore,2025-05-21,REJECTED
C002319,Consumer,UAE,2024-09-03,VERIFIED
C002320,Consumer,India,2025-10-07,VERIFIED
C002321,Enterprise,India,2025-05-02,VERIFIED
C002322,SME,India,2026-01-25,VERIFIED
C002323,Consumer,Singapore,2024-08-26,PENDING
C002324,Consumer,India,2025-06-12,VERIFIED
C002325,SME,India,2024-12-14,VERIFIED
C002326,Enterprise,Singapore,2026-03-01,VERIFIED
C002327,SME,India,2026-01-14,VERIFIED
C002328,Consumer,India,2024-12-17,VERIFIED
C002329,SME,Singapore,2024-06-02,VERIFIED
C002330,Consumer,India,2025-05-24,VERIFIED
C002331,Consumer,Singapore,2024-07-04,REJECTED
C002332,Consumer,Singapore,2025-08-17,VERIFIED
C002333,Consumer,India,2025-07-20,VERIFIED
C002334,SME,UAE,2025-02-28,VERIFIED
C002335,Consumer,India,2024-03-02,VERIFIED
C002336,Consumer,UAE,2025-02-04,VERIFIED
C002337,Consumer,India,2026-05-19,VERIFIED
C002338,Consumer,India,2024-02-28,REJECTED
C002339,Consumer,India,2024-05-21,PENDING
C002340,Consumer,India,2025-04-10,VERIFIED
C002341,SME,Singapore,2024-05-28,VERIFIED
C002342,Consumer,Singapore,2025-03-22,REJECTED
C002343,Consumer,Singapore,2024-06-22,VERIFIED
C002344,Consumer,India,2024-11-06,VERIFIED
C002345,Enterprise,India,2024-03-02,VERIFIED
C002346,SME,Singapore,2024-06-15,VERIFIED
C002347,SME,India,2025-11-12,VERIFIED
C002348,Consumer,Singapore,2026-03-26,PENDING
C002349,Consumer,Singapore,2024-04-12,PENDING
C002350,Consumer,India,2024-01-28,VERIFIED
C002351,SME,Singapore,2025-08-18,PENDING
C002352,Enterprise,Singapore,2025-05-22,PENDING
C002353,Consumer,Singapore,2024-05-13,VERIFIED
C002354,SME,India,2024-02-28,VERIFIED
C002355,SME,India,2024-03-30,VERIFIED
C002356,Consumer,India,2024-03-10,VERIFIED
C002357,Enterprise,India,2024-07-03,VERIFIED
C002358,Consumer,India,2025-03-13,VERIFIED
C002359,Consumer,Singapore,2025-07-25,PENDING
C002360,Consumer,Singapore,2025-04-18,REJECTED
C002361,Consumer,India,2025-10-18,VERIFIED
C002362,Consumer,India,2024-06-16,VERIFIED
C002363,Consumer,UAE,2025-07-31,VERIFIED
C002364,Consumer,India,2024-05-03,VERIFIED
C002365,Consumer,Singapore,2024-07-31,VERIFIED
C002366,Consumer,UAE,2024-06-30,VERIFIED
C002367,Consumer,Singapore,2024-03-11,VERIFIED
C002368,Consumer,UAE,2025-07-09,VERIFIED
C002369,Consumer,Singapore,2026-05-01,PENDING
C002370,SME,India,2024-07-13,VERIFIED
C002371,SME,India,2025-07-22,VERIFIED
C002372,SME,India,2024-10-18,VERIFIED
C002373,SME,India,2024-02-26,VERIFIED
C002374,Consumer,Singapore,2025-11-13,VERIFIED
C002375,SME,India,2024-10-26,VERIFIED
C002376,Consumer,Singapore,2024-11-13,VERIFIED
C002377,Consumer,India,2025-01-05,VERIFIED
C002378,SME,India,2024-03-23,VERIFIED
C002379,Consumer,UAE,2026-04-08,VERIFIED
C002380,SME,India,2024-04-03,VERIFIED
C002381,SME,Singapore,2024-09-23,VERIFIED
C002382,SME,Singapore,2026-04-24,VERIFIED
C002383,Enterprise,India,2025-01-10,VERIFIED
C002384,Consumer,India,2024-06-09,VERIFIED
C002385,Consumer,India,2025-09-05,PENDING
C002386,Consumer,Singapore,2025-05-16,PENDING
C002387,Consumer,Singapore,2025-01-11,VERIFIED
C002388,Consumer,India,2024-04-21,VERIFIED
C002389,SME,Singapore,2025-07-31,VERIFIED
C002390,SME,India,2025-09-13,VERIFIED
C002391,Consumer,Singapore,2025-09-23,VERIFIED
C002392,Consumer,UAE,2024-10-05,VERIFIED
C002393,Consumer,UAE,2026-01-23,VERIFIED
C002394,Consumer,Singapore,2025-03-08,VERIFIED
C002395,SME,India,2025-10-21,VERIFIED
C002396,Consumer,UAE,2024-08-29,PENDING
C002397,Consumer,India,2024-08-09,VERIFIED
C002398,Consumer,Singapore,2026-02-21,VERIFIED
C002399,SME,India,2024-10-12,PENDING
C002400,SME,UAE,2024-01-04,VERIFIED
C002401,Consumer,Singapore,2024-11-15,VERIFIED
C002402,Consumer,Singapore,2024-11-16,VERIFIED
C002403,Consumer,India,2024-01-08,VERIFIED
C002404,Consumer,Singapore,2024-02-21,VERIFIED
C002405,SME,Singapore,2024-05-21,VERIFIED
C002406,Consumer,Singapore,2026-04-05,VERIFIED
C002407,Consumer,India,2026-02-17,VERIFIED
C002408,Consumer,India,2026-04-06,VERIFIED
C002409,Enterprise,India,2024-10-06,VERIFIED
C002410,Consumer,India,2024-03-28,VERIFIED
C002411,SME,India,2024-06-08,VERIFIED
C002412,Consumer,India,2026-03-24,VERIFIED
C002413,Consumer,India,2024-01-28,VERIFIED
C002414,Consumer,India,2025-06-11,VERIFIED
C002415,Consumer,India,2026-03-20,VERIFIED
C002416,Enterprise,UAE,2026-05-20,VERIFIED
C002417,Consumer,India,2024-09-28,VERIFIED
C002418,Consumer,India,2024-04-09,VERIFIED
C002419,Consumer,India,2024-07-22,VERIFIED
C002420,Consumer,Singapore,2024-07-08,REJECTED
C002421,Consumer,UAE,2025-06-29,VERIFIED
C002422,Consumer,India,2024-10-20,VERIFIED
C002423,SME,India,2026-02-28,VERIFIED
C002424,Consumer,UAE,2026-04-27,PENDING
C002425,Consumer,India,2024-12-09,VERIFIED
C002426,Enterprise,India,2026-02-09,VERIFIED
C002427,Consumer,India,2026-02-07,VERIFIED
C002428,Enterprise,India,2024-02-22,VERIFIED
C002429,Consumer,UAE,2025-12-04,VERIFIED
C002430,SME,India,2025-11-14,VERIFIED
C002431,Consumer,UAE,2024-02-16,VERIFIED
C002432,SME,UAE,2025-02-25,VERIFIED
C002433,Enterprise,Singapore,2025-12-03,VERIFIED
C002434,Consumer,India,2025-04-09,VERIFIED
C002435,Enterprise,India,2025-07-06,VERIFIED
C002436,Consumer,India,2025-03-04,VERIFIED
C002437,Consumer,India,2025-01-31,PENDING
C002438,Consumer,Singapore,2024-07-12,VERIFIED
C002439,Consumer,India,2024-03-06,VERIFIED
C002440,Consumer,UAE,2025-07-08,VERIFIED
C002441,Consumer,India,2025-12-02,VERIFIED
C002442,Consumer,Singapore,2025-08-23,VERIFIED
C002443,SME,UAE,2025-04-20,PENDING
C002444,SME,India,2025-11-18,VERIFIED
C002445,Consumer,India,2026-05-30,VERIFIED
C002446,Consumer,India,2024-01-26,VERIFIED
C002447,Consumer,India,2024-04-08,VERIFIED
C002448,Consumer,India,2025-04-20,VERIFIED
C002449,Consumer,India,2025-07-26,VERIFIED
C002450,Consumer,India,2026-01-31,VERIFIED
C002451,Consumer,UAE,2026-04-09,VERIFIED
C002452,Enterprise,India,2026-01-06,VERIFIED
C002453,Consumer,India,2024-03-22,PENDING
C002454,Consumer,India,2025-02-01,VERIFIED
C002455,Consumer,India,2025-11-24,VERIFIED
C002456,Consumer,India,2025-11-30,VERIFIED
C002457,Consumer,UAE,2025-01-27,VERIFIED
C002458,Consumer,India,2024-02-13,VERIFIED
C002459,Consumer,India,2026-04-03,VERIFIED
C002460,Consumer,India,2025-04-22,VERIFIED
C002461,Enterprise,India,2026-02-09,VERIFIED
C002462,SME,India,2025-09-01,VERIFIED
C002463,Consumer,Singapore,2026-05-14,VERIFIED
C002464,Consumer,India,2024-03-31,VERIFIED
C002465,Consumer,India,2026-04-06,REJECTED
C002466,Consumer,Singapore,2024-11-24,VERIFIED
C002467,Consumer,India,2025-10-14,VERIFIED
C002468,Consumer,India,2025-02-17,VERIFIED
C002469,Consumer,UAE,2026-03-31,VERIFIED
C002470,Consumer,India,2026-02-02,VERIFIED
C002471,Consumer,Singapore,2025-12-20,VERIFIED
C002472,Enterprise,India,2025-11-21,VERIFIED
C002473,Enterprise,India,2026-03-20,PENDING
C002474,SME,India,2025-11-29,VERIFIED
C002475,Consumer,India,2026-04-16,VERIFIED
C002476,SME,India,2024-04-19,VERIFIED
C002477,Consumer,India,2024-08-06,VERIFIED
C002478,SME,UAE,2025-04-07,VERIFIED
C002479,Consumer,Singapore,2026-05-09,VERIFIED
C002480,SME,India,2025-05-29,VERIFIED
C002481,Consumer,Singapore,2025-07-06,VERIFIED
C002482,SME,UAE,2025-09-28,VERIFIED
C002483,Enterprise,Singapore,2024-09-13,REJECTED
C002484,Consumer,India,2024-07-11,VERIFIED
C002485,Consumer,UAE,2025-09-18,VERIFIED
C002486,Enterprise,India,2024-03-10,VERIFIED
C002487,Consumer,India,2025-04-03,VERIFIED
C002488,SME,India,2025-01-16,VERIFIED
C002489,Consumer,UAE,2026-03-28,VERIFIED
C002490,Consumer,UAE,2025-05-08,VERIFIED
C002491,Consumer,UAE,2026-04-27,VERIFIED
C002492,Consumer,India,2024-04-06,VERIFIED
C002493,SME,UAE,2025-12-28,VERIFIED
C002494,Consumer,India,2026-04-06,PENDING
C002495,Consumer,India,2024-08-11,VERIFIED
C002496,Consumer,India,2026-04-21,VERIFIED
C002497,Consumer,India,2026-04-10,VERIFIED
C002498,SME,Singapore,2024-10-07,VERIFIED
C002499,Enterprise,India,2024-11-28,VERIFIED
C002500,Consumer,UAE,2025-10-02,REJECTED
C002501,SME,India,2025-09-02,VERIFIED
C002502,SME,India,2026-02-20,PENDING
C002503,Consumer,UAE,2025-02-08,VERIFIED
C002504,Enterprise,India,2025-05-10,VERIFIED
C002505,Consumer,Singapore,2026-01-28,VERIFIED
C002506,Consumer,Singapore,2024-07-04,VERIFIED
C002507,SME,India,2026-01-25,VERIFIED
C002508,Consumer,Singapore,2024-02-07,VERIFIED
C002509,SME,India,2026-02-07,REJECTED
C002510,SME,UAE,2026-05-01,VERIFIED
C002511,Consumer,India,2026-01-29,VERIFIED
C002512,SME,India,2025-10-06,VERIFIED
C002513,Consumer,India,2025-05-02,VERIFIED
C002514,Consumer,India,2025-07-09,VERIFIED
C002515,Consumer,Singapore,2025-12-05,VERIFIED
C002516,Enterprise,UAE,2025-05-20,VERIFIED
C002517,Consumer,Singapore,2025-05-03,VERIFIED
C002518,Consumer,India,2024-02-26,VERIFIED
C002519,SME,UAE,2025-05-26,VERIFIED
C002520,SME,India,2024-09-04,VERIFIED
C002521,SME,India,2024-04-13,VERIFIED
C002522,Consumer,Singapore,2025-07-10,VERIFIED
C002523,Consumer,India,2024-02-29,VERIFIED
C002524,Consumer,UAE,2025-07-31,VERIFIED
C002525,SME,India,2026-01-04,VERIFIED
C002526,Consumer,India,2025-07-12,VERIFIED
C002527,Consumer,Singapore,2024-08-25,VERIFIED
C002528,Enterprise,UAE,2025-01-05,VERIFIED
C002529,Consumer,UAE,2024-01-26,VERIFIED
C002530,Enterprise,India,2025-01-27,VERIFIED
C002531,SME,Singapore,2026-03-29,VERIFIED
C002532,SME,India,2025-08-28,PENDING
C002533,Consumer,India,2024-04-19,REJECTED
C002534,Consumer,UAE,2025-01-26,VERIFIED
C002535,SME,UAE,2026-02-11,VERIFIED
C002536,SME,UAE,2024-09-10,VERIFIED
C002537,SME,India,2026-03-17,VERIFIED
C002538,Consumer,UAE,2026-04-15,REJECTED
C002539,SME,UAE,2025-07-05,VERIFIED
C002540,SME,India,2026-03-14,VERIFIED
C002541,SME,India,2026-02-04,PENDING
C002542,SME,Singapore,2024-04-06,VERIFIED
C002543,SME,India,2025-06-21,VERIFIED
C002544,Consumer,UAE,2024-04-13,VERIFIED
C002545,Consumer,India,2025-09-06,VERIFIED
C002546,Consumer,Singapore,2025-08-09,VERIFIED
C002547,Consumer,Singapore,2025-08-19,VERIFIED
C002548,Consumer,India,2025-05-10,VERIFIED
C002549,Consumer,UAE,2024-08-01,VERIFIED
C002550,Consumer,India,2024-04-22,VERIFIED
C002551,Consumer,India,2024-11-07,VERIFIED
C002552,Consumer,India,2025-07-22,VERIFIED
C002553,SME,India,2024-04-10,VERIFIED
C002554,Enterprise,Singapore,2026-01-31,VERIFIED
C002555,Consumer,UAE,2025-10-08,VERIFIED
C002556,Enterprise,India,2025-10-14,VERIFIED
C002557,Consumer,India,2024-03-24,VERIFIED
C002558,Consumer,India,2025-12-19,VERIFIED
C002559,Consumer,Singapore,2026-01-11,VERIFIED
C002560,Consumer,UAE,2026-05-17,VERIFIED
C002561,SME,Singapore,2024-10-28,VERIFIED
C002562,SME,Singapore,2025-07-26,VERIFIED
C002563,Consumer,India,2024-08-04,VERIFIED
C002564,Consumer,India,2025-07-21,PENDING
C002565,Consumer,Singapore,2025-06-24,VERIFIED
C002566,Consumer,Singapore,2025-09-14,VERIFIED
C002567,Consumer,Singapore,2024-04-01,VERIFIED
C002568,Consumer,UAE,2025-10-15,VERIFIED
C002569,SME,Singapore,2025-03-27,VERIFIED
C002570,Enterprise,Singapore,2025-09-05,PENDING
C002571,Consumer,UAE,2024-03-11,VERIFIED
C002572,Enterprise,UAE,2025-06-08,VERIFIED
C002573,Consumer,Singapore,2025-02-04,VERIFIED
C002574,Consumer,India,2025-10-30,PENDING
C002575,Consumer,India,2024-03-21,VERIFIED
C002576,SME,Singapore,2024-04-09,VERIFIED
C002577,Enterprise,India,2025-08-17,VERIFIED
C002578,Consumer,India,2024-08-05,VERIFIED
C002579,Consumer,India,2026-01-18,PENDING
C002580,SME,Singapore,2024-05-04,VERIFIED
C002581,Consumer,India,2024-07-19,VERIFIED
C002582,SME,India,2024-01-02,VERIFIED
C002583,Consumer,India,2025-07-27,VERIFIED
C002584,Consumer,Singapore,2024-01-20,PENDING
C002585,Consumer,India,2025-12-22,VERIFIED
C002586,Consumer,India,2026-05-07,VERIFIED
C002587,Consumer,Singapore,2024-06-28,VERIFIED
C002588,SME,India,2025-02-12,VERIFIED
C002589,Consumer,India,2024-03-02,VERIFIED
C002590,SME,Singapore,2024-09-29,VERIFIED
C002591,SME,India,2026-03-17,VERIFIED
C002592,SME,Singapore,2026-01-22,PENDING
C002593,Consumer,India,2026-02-01,VERIFIED
C002594,Consumer,India,2024-01-10,VERIFIED
C002595,Consumer,Singapore,2025-11-29,VERIFIED
C002596,SME,Singapore,2025-09-13,VERIFIED
C002597,Consumer,India,2025-06-23,VERIFIED
C002598,Consumer,India,2025-04-04,VERIFIED
C002599,Consumer,UAE,2024-03-01,VERIFIED
C002600,Consumer,Singapore,2024-02-27,VERIFIED
C002601,Consumer,India,2024-10-26,VERIFIED
C002602,Consumer,Singapore,2025-05-11,VERIFIED
C002603,SME,India,2024-12-04,VERIFIED
C002604,Consumer,India,2024-09-08,VERIFIED
C002605,Consumer,India,2025-02-10,VERIFIED
C002606,Consumer,India,2024-09-12,PENDING
C002607,Consumer,India,2025-01-15,VERIFIED
C002608,Consumer,India,2024-05-24,VERIFIED
C002609,SME,India,2025-08-13,VERIFIED
C002610,Consumer,India,2024-12-06,VERIFIED
C002611,SME,India,2026-03-16,VERIFIED
C002612,Consumer,India,2026-03-08,REJECTED
C002613,Consumer,Singapore,2025-02-06,VERIFIED
C002614,SME,India,2024-10-14,PENDING
C002615,Consumer,Singapore,2024-08-01,PENDING
C002616,Consumer,India,2025-06-15,VERIFIED
C002617,Consumer,India,2026-05-19,VERIFIED
C002618,Consumer,India,2026-01-11,VERIFIED
C002619,SME,UAE,2025-07-29,VERIFIED
C002620,Consumer,India,2025-07-01,VERIFIED
C002621,SME,India,2024-07-29,VERIFIED
C002622,SME,Singapore,2024-06-19,VERIFIED
C002623,Consumer,UAE,2025-06-21,PENDING
C002624,Enterprise,UAE,2024-09-19,REJECTED
C002625,Consumer,India,2026-03-12,VERIFIED
C002626,Enterprise,India,2025-11-06,VERIFIED
C002627,Consumer,Singapore,2025-01-24,VERIFIED
C002628,SME,India,2025-02-24,VERIFIED
C002629,Consumer,Singapore,2024-03-02,VERIFIED
C002630,Consumer,UAE,2024-03-26,PENDING
C002631,SME,Singapore,2025-08-07,VERIFIED
C002632,SME,India,2025-05-05,VERIFIED
C002633,Consumer,India,2024-02-29,VERIFIED
C002634,Consumer,Singapore,2025-04-21,VERIFIED
C002635,SME,India,2024-11-15,VERIFIED
C002636,SME,India,2025-11-20,PENDING
C002637,Enterprise,India,2024-02-21,VERIFIED
C002638,SME,India,2025-10-18,VERIFIED
C002639,Enterprise,India,2026-04-07,VERIFIED
C002640,SME,UAE,2024-03-17,REJECTED
C002641,Consumer,India,2024-04-28,VERIFIED
C002642,Consumer,India,2025-12-21,VERIFIED
C002643,SME,India,2024-06-30,VERIFIED
C002644,SME,India,2025-05-20,VERIFIED
C002645,Consumer,UAE,2025-10-11,REJECTED
C002646,Consumer,UAE,2025-09-28,VERIFIED
C002647,Enterprise,India,2024-06-01,VERIFIED
C002648,Consumer,Singapore,2024-01-18,VERIFIED
C002649,Consumer,India,2024-03-04,VERIFIED
C002650,Consumer,UAE,2025-05-11,VERIFIED
C002651,Consumer,India,2026-01-17,PENDING
C002652,Consumer,India,2024-03-19,VERIFIED
C002653,Consumer,India,2024-02-28,VERIFIED
C002654,Consumer,UAE,2025-02-14,VERIFIED
C002655,SME,India,2026-02-01,VERIFIED
C002656,Consumer,Singapore,2026-04-05,VERIFIED
C002657,SME,India,2024-03-01,VERIFIED
C002658,SME,UAE,2025-04-11,VERIFIED
C002659,Consumer,India,2025-09-21,VERIFIED
C002660,SME,UAE,2024-03-19,VERIFIED
C002661,Consumer,India,2026-01-18,VERIFIED
C002662,SME,India,2026-04-18,VERIFIED
C002663,Consumer,UAE,2025-11-13,VERIFIED
C002664,SME,UAE,2025-05-02,VERIFIED
C002665,Consumer,Singapore,2024-08-31,VERIFIED
C002666,Consumer,India,2024-07-26,VERIFIED
C002667,Consumer,India,2026-05-05,VERIFIED
C002668,SME,India,2024-03-27,REJECTED
C002669,SME,India,2025-10-12,VERIFIED
C002670,Consumer,India,2025-08-22,VERIFIED
C002671,SME,India,2025-10-06,VERIFIED
C002672,Consumer,Singapore,2024-02-08,VERIFIED
C002673,SME,Singapore,2024-06-24,VERIFIED
C002674,Consumer,India,2025-04-22,VERIFIED
C002675,SME,India,2025-08-14,PENDING
C002676,Consumer,India,2024-01-20,VERIFIED
C002677,Consumer,Singapore,2024-08-08,VERIFIED
C002678,Consumer,India,2026-04-28,VERIFIED
C002679,Consumer,Singapore,2024-10-01,VERIFIED
C002680,Consumer,India,2025-11-30,VERIFIED
C002681,Consumer,India,2024-06-02,VERIFIED
C002682,SME,Singapore,2025-04-07,VERIFIED
C002683,Consumer,Singapore,2025-02-12,VERIFIED
C002684,Consumer,India,2025-10-16,VERIFIED
C002685,Consumer,Singapore,2024-09-07,VERIFIED
C002686,Consumer,UAE,2024-07-30,VERIFIED
C002687,Consumer,India,2025-04-22,VERIFIED
C002688,Consumer,UAE,2025-10-22,VERIFIED
C002689,Consumer,Singapore,2025-11-17,VERIFIED
C002690,Consumer,Singapore,2025-02-22,VERIFIED
C002691,Consumer,India,2024-06-20,VERIFIED
C002692,Consumer,India,2025-05-21,VERIFIED
C002693,Consumer,UAE,2025-10-07,VERIFIED
C002694,Consumer,India,2025-09-19,VERIFIED
C002695,Enterprise,India,2026-05-18,REJECTED
C002696,Consumer,Singapore,2024-07-21,VERIFIED
C002697,SME,India,2025-05-06,VERIFIED
C002698,Consumer,Singapore,2024-10-21,VERIFIED
C002699,SME,Singapore,2025-04-01,PENDING
C002700,SME,UAE,2024-05-25,VERIFIED
C002701,Consumer,Singapore,2024-08-25,VERIFIED
C002702,Enterprise,India,2026-01-09,VERIFIED
C002703,Consumer,India,2026-02-05,VERIFIED
C002704,Consumer,Singapore,2025-02-27,VERIFIED
C002705,SME,India,2024-10-18,VERIFIED
C002706,SME,UAE,2024-06-04,VERIFIED
C002707,Consumer,Singapore,2026-04-30,VERIFIED
C002708,Consumer,India,2024-12-15,VERIFIED
C002709,Consumer,UAE,2025-03-17,VERIFIED
C002710,Consumer,India,2024-08-30,VERIFIED
C002711,SME,India,2024-07-25,VERIFIED
C002712,Consumer,Singapore,2025-03-03,VERIFIED
C002713,Consumer,UAE,2026-02-04,PENDING
C002714,Consumer,India,2024-09-14,VERIFIED
C002715,Consumer,India,2025-08-07,VERIFIED
C002716,Consumer,India,2024-02-04,PENDING
C002717,SME,India,2024-05-08,VERIFIED
C002718,Enterprise,India,2025-03-05,VERIFIED
C002719,SME,India,2025-11-30,VERIFIED
C002720,Consumer,Singapore,2024-11-14,VERIFIED
C002721,SME,UAE,2024-04-04,VERIFIED
C002722,SME,India,2024-08-07,VERIFIED
C002723,SME,India,2024-10-27,PENDING
C002724,Consumer,UAE,2025-09-28,VERIFIED
C002725,Consumer,Singapore,2024-07-03,VERIFIED
C002726,Consumer,UAE,2024-02-06,VERIFIED
C002727,Consumer,India,2026-02-13,VERIFIED
C002728,Consumer,India,2025-09-13,VERIFIED
C002729,Consumer,India,2025-02-03,VERIFIED
C002730,Consumer,Singapore,2025-11-20,VERIFIED
C002731,SME,India,2024-05-21,VERIFIED
C002732,Consumer,Singapore,2024-05-13,VERIFIED
C002733,Consumer,India,2025-03-20,VERIFIED
C002734,Enterprise,India,2025-10-22,VERIFIED
C002735,Enterprise,Singapore,2024-10-14,VERIFIED
C002736,SME,India,2024-09-14,VERIFIED
C002737,Enterprise,Singapore,2024-02-08,VERIFIED
C002738,Consumer,India,2024-10-31,VERIFIED
C002739,Enterprise,India,2024-10-09,VERIFIED
C002740,Consumer,India,2026-04-03,VERIFIED
C002741,Consumer,India,2025-06-09,VERIFIED
C002742,Consumer,India,2025-02-10,VERIFIED
C002743,Consumer,Singapore,2024-12-24,REJECTED
C002744,Consumer,UAE,2025-01-12,PENDING
C002745,Consumer,India,2025-04-13,PENDING
C002746,SME,India,2026-05-22,VERIFIED
C002747,Consumer,UAE,2024-10-07,VERIFIED
C002748,Consumer,India,2025-07-18,VERIFIED
C002749,SME,India,2024-01-11,VERIFIED
C002750,SME,India,2025-11-05,VERIFIED
C002751,Consumer,Singapore,2025-11-25,VERIFIED
C002752,SME,India,2024-07-04,VERIFIED
C002753,Consumer,India,2025-07-02,VERIFIED
C002754,Consumer,India,2024-01-09,VERIFIED
C002755,Enterprise,India,2024-01-28,VERIFIED
C002756,Consumer,India,2026-04-02,VERIFIED
C002757,Consumer,Singapore,2025-11-16,VERIFIED
C002758,SME,Singapore,2025-04-08,VERIFIED
C002759,SME,India,2025-09-30,VERIFIED
C002760,Consumer,India,2025-05-25,VERIFIED
C002761,Consumer,Singapore,2025-05-16,VERIFIED
C002762,Consumer,Singapore,2025-08-04,VERIFIED
C002763,SME,India,2026-03-05,VERIFIED
C002764,Consumer,Singapore,2026-02-16,VERIFIED
C002765,Consumer,India,2025-10-24,VERIFIED
C002766,Enterprise,India,2025-10-22,PENDING
C002767,Consumer,India,2024-08-05,VERIFIED
C002768,Consumer,Singapore,2025-03-04,VERIFIED
C002769,Consumer,India,2025-09-29,VERIFIED
C002770,SME,Singapore,2024-01-03,VERIFIED
C002771,Consumer,Singapore,2024-07-05,VERIFIED
C002772,Consumer,UAE,2024-02-12,VERIFIED
C002773,SME,India,2025-09-02,PENDING
C002774,Consumer,India,2026-02-13,VERIFIED
C002775,Consumer,UAE,2025-02-14,PENDING
C002776,Consumer,Singapore,2024-07-08,VERIFIED
C002777,Consumer,UAE,2024-02-11,VERIFIED
C002778,Consumer,India,2024-04-06,VERIFIED
C002779,Consumer,India,2026-02-10,VERIFIED
C002780,Consumer,Singapore,2025-12-30,VERIFIED
C002781,Consumer,India,2025-10-09,VERIFIED
C002782,SME,India,2026-05-01,VERIFIED
C002783,Enterprise,India,2025-10-18,VERIFIED
C002784,SME,India,2025-05-31,VERIFIED
C002785,SME,India,2026-05-30,VERIFIED
C002786,Consumer,India,2024-05-15,VERIFIED
C002787,Enterprise,India,2025-05-24,VERIFIED
C002788,Consumer,Singapore,2025-06-02,VERIFIED
C002789,Enterprise,India,2024-02-06,VERIFIED
C002790,Enterprise,India,2026-04-02,VERIFIED
C002791,SME,UAE,2025-08-01,VERIFIED
C002792,Enterprise,India,2026-04-16,VERIFIED
C002793,Consumer,India,2025-05-31,VERIFIED
C002794,Consumer,Singapore,2026-02-23,VERIFIED
C002795,Consumer,UAE,2026-05-28,VERIFIED
C002796,Consumer,India,2024-02-27,VERIFIED
C002797,Consumer,India,2024-06-03,VERIFIED
C002798,Consumer,Singapore,2026-05-21,VERIFIED
C002799,Enterprise,India,2024-04-22,VERIFIED
C002800,Consumer,Singapore,2025-04-04,VERIFIED
C002801,SME,UAE,2025-08-26,VERIFIED
C002802,Enterprise,UAE,2026-04-15,VERIFIED
C002803,Enterprise,India,2026-01-25,VERIFIED
C002804,Enterprise,India,2026-03-06,VERIFIED
C002805,Consumer,UAE,2025-08-23,VERIFIED
C002806,Enterprise,India,2025-03-17,VERIFIED
C002807,SME,India,2025-11-20,VERIFIED
C002808,Consumer,Singapore,2024-08-15,VERIFIED
C002809,Consumer,India,2026-05-23,VERIFIED
C002810,SME,India,2025-08-01,PENDING
C002811,Consumer,UAE,2024-05-01,VERIFIED
C002812,SME,India,2025-11-01,VERIFIED
C002813,SME,India,2024-12-22,VERIFIED
C002814,Consumer,India,2024-09-24,VERIFIED
C002815,Consumer,Singapore,2025-11-25,VERIFIED
C002816,SME,India,2025-04-29,VERIFIED
C002817,Consumer,India,2026-05-18,VERIFIED
C002818,Consumer,Singapore,2024-01-04,VERIFIED
C002819,Consumer,UAE,2025-04-22,VERIFIED
C002820,Consumer,India,2024-04-30,VERIFIED
C002821,Enterprise,Singapore,2026-01-11,VERIFIED
C002822,Consumer,India,2026-03-20,VERIFIED
C002823,SME,Singapore,2025-04-30,VERIFIED
C002824,Consumer,India,2024-08-06,VERIFIED
C002825,Consumer,India,2025-11-24,VERIFIED
C002826,SME,Singapore,2024-10-04,VERIFIED
C002827,SME,India,2024-09-13,VERIFIED
C002828,Consumer,India,2024-10-30,VERIFIED
C002829,Consumer,India,2024-02-12,PENDING
C002830,Consumer,Singapore,2026-05-19,VERIFIED
C002831,Consumer,India,2025-06-13,VERIFIED
C002832,SME,India,2025-12-10,VERIFIED
C002833,Consumer,India,2025-11-19,VERIFIED
C002834,Consumer,India,2025-08-10,VERIFIED
C002835,Consumer,India,2025-11-23,VERIFIED
C002836,Enterprise,India,2024-05-29,VERIFIED
C002837,Enterprise,India,2025-08-16,VERIFIED
C002838,Consumer,India,2024-01-10,PENDING
C002839,SME,Singapore,2026-03-02,VERIFIED
C002840,Consumer,Singapore,2024-07-30,VERIFIED
C002841,Consumer,UAE,2025-10-13,VERIFIED
C002842,SME,India,2024-09-16,VERIFIED
C002843,Enterprise,UAE,2025-01-16,VERIFIED
C002844,Enterprise,India,2025-01-23,VERIFIED
C002845,Consumer,UAE,2026-01-09,VERIFIED
C002846,Consumer,India,2024-12-01,VERIFIED
C002847,SME,India,2024-01-05,VERIFIED
C002848,Consumer,India,2024-03-23,VERIFIED
C002849,Consumer,India,2024-01-06,VERIFIED
C002850,Consumer,UAE,2024-05-31,VERIFIED
C002851,SME,Singapore,2026-01-04,PENDING
C002852,Consumer,UAE,2024-06-29,VERIFIED
C002853,Consumer,Singapore,2026-02-13,VERIFIED
C002854,Enterprise,India,2026-02-16,PENDING
C002855,Consumer,India,2024-06-15,VERIFIED
C002856,Consumer,UAE,2025-04-14,VERIFIED
C002857,Consumer,India,2024-03-18,VERIFIED
C002858,Consumer,Singapore,2025-02-15,PENDING
C002859,Consumer,India,2025-07-07,VERIFIED
C002860,Consumer,India,2025-07-27,VERIFIED
C002861,SME,UAE,2025-01-15,VERIFIED
C002862,Consumer,India,2026-02-28,VERIFIED
C002863,Enterprise,India,2024-11-08,VERIFIED
C002864,Consumer,India,2026-05-13,VERIFIED
C002865,Consumer,Singapore,2025-01-29,VERIFIED
C002866,Consumer,India,2025-06-26,VERIFIED
C002867,Consumer,India,2024-01-04,VERIFIED
C002868,SME,India,2024-04-18,VERIFIED
C002869,Consumer,India,2024-04-02,VERIFIED
C002870,Consumer,India,2024-04-08,VERIFIED
C002871,SME,India,2024-07-10,VERIFIED
C002872,Enterprise,UAE,2024-11-28,PENDING
C002873,SME,UAE,2024-07-30,VERIFIED
C002874,Consumer,India,2025-08-17,VERIFIED
C002875,SME,Singapore,2024-07-25,VERIFIED
C002876,Consumer,India,2025-09-18,VERIFIED
C002877,Consumer,India,2026-02-02,VERIFIED
C002878,Consumer,India,2025-07-26,VERIFIED
C002879,Consumer,India,2024-12-21,VERIFIED
C002880,Consumer,India,2024-09-09,VERIFIED
C002881,Consumer,India,2025-08-13,VERIFIED
C002882,SME,Singapore,2024-07-14,VERIFIED
C002883,Consumer,India,2024-09-18,VERIFIED
C002884,Consumer,Singapore,2024-11-17,VERIFIED
C002885,Consumer,India,2025-02-23,VERIFIED
C002886,Enterprise,India,2025-05-12,VERIFIED
C002887,Consumer,India,2024-11-27,REJECTED
C002888,Consumer,India,2024-10-22,VERIFIED
C002889,SME,Singapore,2024-08-23,VERIFIED
C002890,SME,Singapore,2025-11-11,PENDING
C002891,Consumer,India,2024-01-07,VERIFIED
C002892,SME,Singapore,2025-06-17,VERIFIED
C002893,SME,UAE,2024-03-12,REJECTED
C002894,SME,Singapore,2025-05-14,VERIFIED
C002895,Consumer,India,2025-09-09,VERIFIED
C002896,SME,Singapore,2024-05-18,VERIFIED
C002897,Consumer,India,2025-01-20,VERIFIED
C002898,Consumer,UAE,2025-06-25,VERIFIED
C002899,Consumer,India,2024-11-19,VERIFIED
C002900,Consumer,India,2025-08-23,VERIFIED
C002901,Consumer,India,2025-10-26,VERIFIED
C002902,SME,India,2024-03-13,VERIFIED
C002903,Consumer,UAE,2026-04-19,VERIFIED
C002904,Consumer,India,2025-01-23,VERIFIED
C002905,Consumer,India,2024-08-25,VERIFIED
C002906,Consumer,UAE,2024-11-17,VERIFIED
C002907,Enterprise,India,2024-12-06,VERIFIED
C002908,Consumer,India,2026-02-01,VERIFIED
C002909,Consumer,India,2024-10-31,VERIFIED
C002910,Consumer,India,2024-01-08,REJECTED
C002911,Consumer,India,2024-07-25,VERIFIED
C002912,Consumer,India,2025-02-14,VERIFIED
C002913,SME,Singapore,2024-09-14,VERIFIED
C002914,Enterprise,UAE,2026-03-06,VERIFIED
C002915,Consumer,India,2025-10-12,VERIFIED
C002916,SME,India,2024-02-15,VERIFIED
C002917,SME,India,2024-05-05,VERIFIED
C002918,SME,Singapore,2024-01-21,VERIFIED
C002919,Consumer,India,2024-06-18,VERIFIED
C002920,Consumer,UAE,2025-06-27,VERIFIED
C002921,Consumer,India,2025-02-19,VERIFIED
C002922,SME,UAE,2025-03-30,VERIFIED
C002923,SME,India,2025-10-23,VERIFIED
C002924,Consumer,Singapore,2024-07-24,VERIFIED
C002925,Consumer,India,2024-11-28,VERIFIED
C002926,Enterprise,Singapore,2024-01-21,VERIFIED
C002927,SME,India,2026-03-12,VERIFIED
C002928,Enterprise,India,2025-10-11,VERIFIED
C002929,SME,India,2024-03-05,VERIFIED
C002930,Consumer,UAE,2025-07-30,VERIFIED
C002931,Consumer,Singapore,2024-03-28,VERIFIED
C002932,SME,India,2026-04-14,VERIFIED
C002933,Consumer,India,2025-04-23,VERIFIED
C002934,Consumer,India,2024-02-12,VERIFIED
C002935,SME,UAE,2024-05-20,VERIFIED
C002936,Consumer,Singapore,2025-01-08,VERIFIED
C002937,SME,Singapore,2025-05-30,VERIFIED
C002938,Consumer,India,2025-05-14,VERIFIED
C002939,Enterprise,UAE,2024-10-05,VERIFIED
C002940,Consumer,UAE,2024-11-21,VERIFIED
C002941,Consumer,Singapore,2025-02-21,VERIFIED
C002942,Consumer,India,2025-07-06,VERIFIED
C002943,Consumer,Singapore,2025-08-24,VERIFIED
C002944,SME,India,2026-02-06,VERIFIED
C002945,SME,India,2024-11-03,VERIFIED
C002946,Consumer,India,2025-10-18,PENDING
C002947,Consumer,India,2024-11-02,VERIFIED
C002948,Consumer,India,2026-04-02,VERIFIED
C002949,Consumer,India,2025-04-14,VERIFIED
C002950,Enterprise,India,2024-07-02,VERIFIED
C002951,SME,Singapore,2025-09-22,VERIFIED
C002952,SME,India,2025-09-16,VERIFIED
C002953,SME,India,2024-10-17,VERIFIED
C002954,Consumer,India,2024-09-05,VERIFIED
C002955,Enterprise,UAE,2024-11-19,VERIFIED
C002956,SME,Singapore,2025-03-18,VERIFIED
C002957,SME,India,2025-08-26,VERIFIED
C002958,SME,UAE,2024-02-28,VERIFIED
C002959,Consumer,India,2024-09-25,VERIFIED
C002960,SME,UAE,2024-11-13,VERIFIED
C002961,Consumer,India,2024-04-03,VERIFIED
C002962,Consumer,India,2024-09-10,VERIFIED
C002963,Consumer,India,2025-11-17,VERIFIED
C002964,Enterprise,India,2025-04-04,VERIFIED
C002965,SME,India,2025-05-29,VERIFIED
C002966,SME,Singapore,2025-06-16,VERIFIED
C002967,SME,UAE,2024-04-13,PENDING
C002968,Consumer,India,2026-04-12,VERIFIED
C002969,Enterprise,India,2025-02-05,VERIFIED
C002970,Consumer,India,2026-02-19,VERIFIED
C002971,Consumer,India,2024-11-28,PENDING
C002972,Consumer,Singapore,2025-12-21,VERIFIED
C002973,SME,India,2026-05-26,VERIFIED
C002974,SME,Singapore,2025-08-30,VERIFIED
C002975,Consumer,India,2024-04-02,VERIFIED
C002976,Consumer,India,2025-07-10,PENDING
C002977,SME,India,2025-07-27,VERIFIED
C002978,Consumer,India,2025-06-25,VERIFIED
C002979,SME,India,2026-02-20,VERIFIED
C002980,Enterprise,Singapore,2025-03-12,VERIFIED
C002981,Consumer,India,2024-01-10,VERIFIED
C002982,Consumer,India,2025-03-31,PENDING
C002983,SME,Singapore,2025-02-18,VERIFIED
C002984,SME,India,2025-06-01,REJECTED
C002985,Consumer,Singapore,2025-01-09,VERIFIED
C002986,Enterprise,India,2025-06-14,VERIFIED
C002987,Consumer,India,2025-06-07,VERIFIED
C002988,Consumer,UAE,2025-01-07,VERIFIED
C002989,SME,Singapore,2025-12-04,VERIFIED
C002990,SME,India,2025-09-06,VERIFIED
C002991,Consumer,India,2026-05-31,PENDING
C002992,SME,UAE,2026-01-31,VERIFIED
C002993,Consumer,India,2026-01-25,VERIFIED
C002994,Consumer,India,2026-04-29,VERIFIED
C002995,Consumer,Singapore,2025-03-14,VERIFIED
C002996,SME,Singapore,2024-07-13,VERIFIED
C002997,Consumer,Singapore,2024-09-21,VERIFIED
C002998,Consumer,Singapore,2025-05-21,VERIFIED
C002999,Consumer,Singapore,2025-10-07,VERIFIED
C003000,SME,UAE,2025-03-01,VERIFIED
C003001,SME,Singapore,2026-05-10,PENDING
C003002,SME,India,2025-11-19,VERIFIED
C003003,Consumer,India,2026-05-16,VERIFIED
C003004,Consumer,Singapore,2024-04-08,VERIFIED
C003005,Consumer,UAE,2024-01-30,VERIFIED
C003006,SME,India,2024-10-17,VERIFIED
C003007,Enterprise,India,2025-07-28,VERIFIED
C003008,Consumer,UAE,2025-05-01,VERIFIED
C003009,SME,India,2025-02-09,VERIFIED
C003010,Consumer,India,2024-01-28,VERIFIED
C003011,Consumer,Singapore,2024-05-25,VERIFIED
C003012,Consumer,UAE,2024-10-14,VERIFIED
C003013,Consumer,UAE,2025-08-03,VERIFIED
C003014,Consumer,Singapore,2024-09-08,VERIFIED
C003015,Consumer,India,2024-06-10,VERIFIED
C003016,Consumer,UAE,2024-04-19,VERIFIED
C003017,SME,India,2026-05-14,VERIFIED
C003018,Consumer,UAE,2025-10-05,VERIFIED
C003019,Consumer,India,2025-02-01,VERIFIED
C003020,SME,India,2024-09-27,REJECTED
C003021,Consumer,India,2024-07-06,VERIFIED
C003022,Consumer,India,2025-06-15,VERIFIED
C003023,SME,Singapore,2024-10-02,VERIFIED
C003024,Consumer,UAE,2025-11-19,VERIFIED
C003025,Consumer,Singapore,2025-09-02,VERIFIED
C003026,Consumer,UAE,2024-09-03,VERIFIED
C003027,Enterprise,India,2024-11-19,VERIFIED
C003028,SME,Singapore,2024-01-18,VERIFIED
C003029,SME,UAE,2025-02-11,VERIFIED
C003030,SME,Singapore,2025-02-14,PENDING
C003031,Consumer,India,2026-03-11,VERIFIED
C003032,Consumer,Singapore,2024-05-04,VERIFIED
C003033,SME,Singapore,2024-11-15,VERIFIED
C003034,Consumer,India,2024-06-01,VERIFIED
C003035,Consumer,Singapore,2025-08-03,VERIFIED
C003036,Consumer,UAE,2025-10-19,PENDING
C003037,Consumer,India,2025-07-10,VERIFIED
C003038,Enterprise,Singapore,2026-05-27,VERIFIED
C003039,Consumer,Singapore,2024-01-20,VERIFIED
C003040,Consumer,Singapore,2026-03-13,VERIFIED
C003041,Consumer,India,2024-09-03,VERIFIED
C003042,Enterprise,UAE,2025-01-24,VERIFIED
C003043,Consumer,India,2024-12-12,VERIFIED
C003044,Consumer,India,2025-04-20,VERIFIED
C003045,SME,UAE,2024-07-21,VERIFIED
C003046,SME,Singapore,2024-01-09,VERIFIED
C003047,Consumer,UAE,2025-11-22,VERIFIED
C003048,Consumer,India,2025-10-29,VERIFIED
C003049,Consumer,India,2025-06-14,VERIFIED
C003050,Consumer,UAE,2024-04-12,VERIFIED
C003051,Consumer,India,2024-09-02,VERIFIED
C003052,Consumer,Singapore,2025-08-19,VERIFIED
C003053,Consumer,UAE,2024-11-14,VERIFIED
C003054,Consumer,Singapore,2024-12-16,VERIFIED
C003055,SME,India,2024-08-21,PENDING
C003056,Enterprise,Singapore,2025-10-08,VERIFIED
C003057,Consumer,UAE,2024-02-06,VERIFIED
C003058,Consumer,India,2024-12-10,PENDING
C003059,Consumer,India,2025-08-26,VERIFIED
C003060,Enterprise,India,2024-10-18,VERIFIED
C003061,Consumer,India,2024-01-17,VERIFIED
C003062,Consumer,UAE,2024-03-30,VERIFIED
C003063,Consumer,UAE,2024-12-13,VERIFIED
C003064,Consumer,UAE,2025-11-07,VERIFIED
C003065,SME,Singapore,2025-03-19,VERIFIED
C003066,Consumer,Singapore,2024-09-09,PENDING
C003067,Consumer,India,2026-03-27,VERIFIED
C003068,Enterprise,Singapore,2025-08-15,VERIFIED
C003069,Consumer,Singapore,2024-07-02,VERIFIED
C003070,SME,UAE,2024-10-16,VERIFIED
C003071,SME,UAE,2026-01-30,PENDING
C003072,Consumer,UAE,2024-08-02,VERIFIED
C003073,Consumer,UAE,2024-06-06,VERIFIED
C003074,Consumer,UAE,2025-11-21,VERIFIED
C003075,Consumer,India,2025-01-27,VERIFIED
C003076,SME,UAE,2024-01-20,VERIFIED
C003077,Enterprise,Singapore,2025-04-15,VERIFIED
C003078,Consumer,India,2025-03-06,VERIFIED
C003079,Consumer,India,2025-10-20,VERIFIED
C003080,Enterprise,Singapore,2024-03-08,VERIFIED
C003081,SME,India,2024-03-17,VERIFIED
C003082,SME,India,2024-04-11,VERIFIED
C003083,Consumer,Singapore,2025-10-13,PENDING
C003084,Consumer,UAE,2025-08-07,PENDING
C003085,SME,UAE,2024-07-25,VERIFIED
C003086,SME,India,2024-07-31,VERIFIED
C003087,Consumer,India,2024-03-19,VERIFIED
C003088,Consumer,India,2024-04-22,VERIFIED
C003089,Consumer,India,2026-02-03,VERIFIED
C003090,Consumer,India,2024-05-12,VERIFIED
C003091,Consumer,UAE,2024-07-15,VERIFIED
C003092,Enterprise,India,2024-01-25,VERIFIED
C003093,Consumer,India,2025-04-16,VERIFIED
C003094,SME,India,2025-09-04,VERIFIED
C003095,Consumer,India,2026-01-26,VERIFIED
C003096,SME,India,2025-06-26,PENDING
C003097,Enterprise,India,2024-10-16,VERIFIED
C003098,Consumer,UAE,2024-09-12,VERIFIED
C003099,Consumer,India,2024-07-24,VERIFIED
C003100,Consumer,India,2025-04-19,VERIFIED
C003101,Consumer,India,2024-03-08,VERIFIED
C003102,SME,Singapore,2024-08-02,VERIFIED
C003103,Enterprise,India,2025-09-25,VERIFIED
C003104,Consumer,India,2025-02-25,VERIFIED
C003105,Consumer,India,2025-07-11,VERIFIED
C003106,Consumer,Singapore,2025-08-03,PENDING
C003107,SME,India,2025-06-22,VERIFIED
C003108,Consumer,India,2025-11-13,VERIFIED
C003109,Consumer,India,2026-01-26,VERIFIED
C003110,Consumer,India,2025-04-06,VERIFIED
C003111,SME,India,2025-03-30,VERIFIED
C003112,Consumer,India,2024-10-27,VERIFIED
C003113,SME,India,2026-02-24,PENDING
C003114,Consumer,India,2024-10-14,VERIFIED
C003115,Consumer,India,2026-01-30,VERIFIED
C003116,SME,India,2024-01-02,VERIFIED
C003117,SME,India,2024-01-20,VERIFIED
C003118,Consumer,UAE,2025-04-21,VERIFIED
C003119,Consumer,Singapore,2025-05-05,VERIFIED
C003120,Consumer,Singapore,2026-03-16,VERIFIED
C003121,Consumer,UAE,2024-09-13,REJECTED
C003122,Consumer,UAE,2025-03-28,PENDING
C003123,Consumer,Singapore,2025-03-13,VERIFIED
C003124,Consumer,Singapore,2026-01-30,VERIFIED
C003125,SME,India,2025-02-01,VERIFIED
C003126,Consumer,India,2024-06-01,VERIFIED
C003127,SME,Singapore,2025-10-10,VERIFIED
C003128,Consumer,UAE,2024-08-09,VERIFIED
C003129,Enterprise,India,2025-12-23,VERIFIED
C003130,SME,Singapore,2025-12-01,PENDING
C003131,SME,India,2025-03-11,VERIFIED
C003132,SME,India,2026-01-13,VERIFIED
C003133,Enterprise,India,2024-05-15,VERIFIED
C003134,Consumer,India,2025-06-11,PENDING
C003135,Consumer,India,2025-09-17,VERIFIED
C003136,Consumer,Singapore,2026-02-14,VERIFIED
C003137,SME,UAE,2024-10-05,VERIFIED
C003138,SME,UAE,2025-08-07,VERIFIED
C003139,Consumer,India,2026-01-05,PENDING
C003140,Consumer,UAE,2025-04-29,PENDING
C003141,Consumer,India,2025-06-29,VERIFIED
C003142,Enterprise,India,2024-09-01,VERIFIED
C003143,Consumer,Singapore,2026-01-19,VERIFIED
C003144,Consumer,India,2024-01-18,PENDING
C003145,Consumer,India,2026-05-26,VERIFIED
C003146,Consumer,India,2025-07-09,VERIFIED
C003147,SME,Singapore,2024-05-22,VERIFIED
C003148,SME,India,2025-05-15,VERIFIED
C003149,SME,Singapore,2025-06-10,VERIFIED
C003150,Consumer,Singapore,2024-04-02,VERIFIED
C003151,SME,Singapore,2025-01-17,VERIFIED
C003152,Consumer,UAE,2024-10-05,PENDING
C003153,SME,India,2025-12-27,VERIFIED
C003154,Consumer,India,2025-03-24,VERIFIED
C003155,Consumer,India,2026-01-30,VERIFIED
C003156,SME,India,2025-08-05,VERIFIED
C003157,Enterprise,Singapore,2025-09-12,VERIFIED
C003158,Consumer,India,2024-10-14,VERIFIED
C003159,SME,India,2025-04-20,VERIFIED
C003160,Consumer,Singapore,2026-05-31,VERIFIED
C003161,Consumer,Singapore,2025-11-02,VERIFIED
C003162,Consumer,Singapore,2026-03-11,VERIFIED
C003163,Consumer,Singapore,2024-06-19,VERIFIED
C003164,Consumer,Singapore,2025-06-08,VERIFIED
C003165,Consumer,Singapore,2025-01-06,PENDING
C003166,Consumer,India,2026-01-01,VERIFIED
C003167,Enterprise,UAE,2025-01-27,VERIFIED
C003168,Consumer,India,2024-07-03,VERIFIED
C003169,SME,India,2025-05-24,VERIFIED
C003170,Consumer,India,2025-03-07,VERIFIED
C003171,SME,Singapore,2026-04-14,VERIFIED
C003172,Consumer,UAE,2024-07-27,VERIFIED
C003173,Consumer,India,2026-03-10,VERIFIED
C003174,Consumer,India,2024-11-24,VERIFIED
C003175,Consumer,UAE,2024-12-26,VERIFIED
C003176,Consumer,UAE,2025-03-19,VERIFIED
C003177,SME,India,2025-03-16,VERIFIED
C003178,SME,India,2025-01-03,VERIFIED
C003179,SME,Singapore,2024-04-15,PENDING
C003180,SME,India,2025-12-24,VERIFIED
C003181,Consumer,UAE,2024-11-20,VERIFIED
C003182,Consumer,India,2024-08-19,VERIFIED
C003183,Consumer,India,2025-12-25,VERIFIED
C003184,Consumer,India,2026-04-16,VERIFIED
C003185,Consumer,India,2025-12-08,VERIFIED
C003186,Consumer,India,2024-09-05,VERIFIED
C003187,Consumer,India,2024-11-12,VERIFIED
C003188,Consumer,Singapore,2024-09-20,VERIFIED
C003189,SME,India,2025-12-29,VERIFIED
C003190,SME,UAE,2025-05-17,VERIFIED
C003191,Consumer,India,2024-09-19,VERIFIED
C003192,Enterprise,Singapore,2025-11-12,VERIFIED
C003193,Enterprise,India,2025-02-19,VERIFIED
C003194,Consumer,India,2025-10-29,VERIFIED
C003195,Consumer,India,2024-03-10,PENDING
C003196,Consumer,India,2024-08-21,VERIFIED
C003197,Enterprise,Singapore,2025-03-07,VERIFIED
C003198,SME,Singapore,2024-02-23,VERIFIED
C003199,Consumer,Singapore,2024-06-18,VERIFIED
C003200,Consumer,India,2024-02-05,PENDING
C003201,Consumer,UAE,2026-04-13,VERIFIED
C003202,Consumer,Singapore,2024-09-15,VERIFIED
C003203,Consumer,UAE,2024-09-07,VERIFIED
C003204,SME,Singapore,2024-01-13,VERIFIED
C003205,SME,India,2025-11-01,VERIFIED
C003206,SME,India,2025-06-24,VERIFIED
C003207,SME,India,2024-02-26,VERIFIED
C003208,SME,Singapore,2024-06-09,VERIFIED
C003209,Consumer,India,2025-03-12,VERIFIED
C003210,Consumer,Singapore,2026-02-16,VERIFIED
C003211,Consumer,India,2024-08-17,VERIFIED
C003212,SME,India,2026-04-10,VERIFIED
C003213,Consumer,India,2026-04-20,VERIFIED
C003214,SME,India,2024-07-11,VERIFIED
C003215,Consumer,Singapore,2025-09-11,VERIFIED
C003216,Consumer,India,2024-12-22,VERIFIED
C003217,Consumer,Singapore,2024-12-17,VERIFIED
C003218,Consumer,India,2026-05-14,VERIFIED
C003219,SME,India,2024-09-14,VERIFIED
C003220,SME,Singapore,2025-09-13,VERIFIED
C003221,Consumer,India,2025-10-03,VERIFIED
C003222,Consumer,Singapore,2025-09-26,VERIFIED
C003223,Consumer,UAE,2025-09-19,VERIFIED
C003224,Consumer,UAE,2026-01-11,VERIFIED
C003225,Consumer,India,2024-10-19,VERIFIED
C003226,SME,India,2025-01-20,VERIFIED
C003227,Consumer,Singapore,2026-01-14,VERIFIED
C003228,Consumer,Singapore,2026-04-08,VERIFIED
C003229,Consumer,Singapore,2024-08-21,VERIFIED
C003230,Consumer,India,2024-10-22,VERIFIED
C003231,Consumer,India,2025-12-03,VERIFIED
C003232,Consumer,Singapore,2025-06-20,VERIFIED
C003233,Consumer,Singapore,2025-01-13,PENDING
C003234,Consumer,India,2025-11-08,VERIFIED
C003235,Consumer,India,2026-03-15,VERIFIED
C003236,Consumer,Singapore,2024-07-28,VERIFIED
C003237,Consumer,India,2025-06-22,VERIFIED
C003238,Enterprise,India,2026-05-01,VERIFIED
C003239,Consumer,India,2024-06-26,VERIFIED
C003240,Consumer,India,2025-07-09,VERIFIED
C003241,Consumer,Singapore,2024-03-12,VERIFIED
C003242,Consumer,India,2025-05-22,VERIFIED
C003243,Consumer,India,2024-08-09,VERIFIED
C003244,SME,India,2026-04-02,PENDING
C003245,SME,India,2024-08-15,VERIFIED
C003246,Consumer,Singapore,2026-04-20,VERIFIED
C003247,Consumer,India,2024-08-20,VERIFIED
C003248,Consumer,India,2024-09-24,VERIFIED
C003249,SME,India,2024-09-10,VERIFIED
C003250,SME,India,2025-11-05,VERIFIED
C003251,Consumer,India,2024-01-06,VERIFIED
C003252,Consumer,India,2024-02-16,VERIFIED
C003253,Consumer,Singapore,2025-02-10,VERIFIED
C003254,Consumer,India,2025-08-02,VERIFIED
C003255,Consumer,UAE,2024-09-10,PENDING
C003256,Consumer,India,2025-03-24,VERIFIED
C003257,SME,India,2024-02-28,VERIFIED
C003258,Consumer,India,2025-01-27,VERIFIED
C003259,Consumer,Singapore,2025-09-22,VERIFIED
C003260,SME,India,2025-11-28,VERIFIED
C003261,Consumer,India,2025-07-13,VERIFIED
C003262,Consumer,India,2024-07-09,VERIFIED
C003263,Consumer,India,2024-09-21,PENDING
C003264,Consumer,UAE,2025-11-14,VERIFIED
C003265,SME,India,2025-07-11,VERIFIED
C003266,Consumer,Singapore,2024-05-22,VERIFIED
C003267,Consumer,Singapore,2024-09-02,REJECTED
C003268,Consumer,India,2024-08-03,VERIFIED
C003269,Consumer,India,2025-03-12,VERIFIED
C003270,SME,Singapore,2025-11-18,VERIFIED
C003271,Consumer,India,2026-04-19,VERIFIED
C003272,Consumer,India,2025-04-20,VERIFIED
C003273,SME,Singapore,2025-01-18,VERIFIED
C003274,Consumer,Singapore,2026-05-27,VERIFIED
C003275,SME,Singapore,2025-10-18,VERIFIED
C003276,SME,Singapore,2025-06-30,VERIFIED
C003277,SME,India,2025-02-18,VERIFIED
C003278,Consumer,India,2024-05-11,VERIFIED
C003279,Consumer,India,2026-03-26,PENDING
C003280,SME,Singapore,2025-02-01,VERIFIED
C003281,Consumer,UAE,2025-05-21,VERIFIED
C003282,Consumer,India,2024-06-01,VERIFIED
C003283,SME,India,2026-03-24,VERIFIED
C003284,SME,India,2025-07-13,VERIFIED
C003285,Consumer,UAE,2024-06-16,VERIFIED
C003286,Consumer,India,2025-11-20,VERIFIED
C003287,Consumer,India,2026-02-13,VERIFIED
C003288,SME,UAE,2025-08-29,VERIFIED
C003289,Enterprise,UAE,2026-04-07,VERIFIED
C003290,Consumer,India,2026-03-13,PENDING
C003291,Consumer,UAE,2024-08-17,PENDING
C003292,SME,India,2025-12-03,VERIFIED
C003293,Consumer,India,2025-02-07,VERIFIED
C003294,Consumer,India,2024-05-23,REJECTED
C003295,Enterprise,UAE,2025-11-06,VERIFIED
C003296,Consumer,Singapore,2025-06-14,PENDING
C003297,SME,India,2024-03-08,VERIFIED
C003298,Consumer,UAE,2024-04-07,VERIFIED
C003299,Consumer,India,2024-01-07,VERIFIED
C003300,SME,Singapore,2026-03-25,VERIFIED
C003301,Consumer,Singapore,2024-06-25,VERIFIED
C003302,Enterprise,India,2024-07-24,VERIFIED
C003303,Consumer,India,2024-10-25,VERIFIED
C003304,Consumer,UAE,2026-03-10,PENDING
C003305,Consumer,India,2024-08-16,VERIFIED
C003306,Consumer,Singapore,2025-09-22,VERIFIED
C003307,Consumer,India,2024-09-26,VERIFIED
C003308,Consumer,Singapore,2024-03-21,VERIFIED
C003309,Consumer,India,2025-11-02,VERIFIED
C003310,Consumer,India,2024-07-06,VERIFIED
C003311,SME,India,2025-11-30,VERIFIED
C003312,SME,UAE,2026-03-30,VERIFIED
C003313,SME,India,2025-05-15,VERIFIED
C003314,Consumer,India,2025-12-06,VERIFIED
C003315,Consumer,UAE,2025-05-01,VERIFIED
C003316,SME,Singapore,2026-02-10,VERIFIED
C003317,Consumer,India,2025-05-02,VERIFIED
C003318,Consumer,UAE,2025-04-22,VERIFIED
C003319,SME,Singapore,2025-12-03,VERIFIED
C003320,SME,India,2024-10-15,PENDING
C003321,Consumer,India,2024-04-15,VERIFIED
C003322,Consumer,Singapore,2025-10-02,VERIFIED
C003323,SME,Singapore,2025-08-31,VERIFIED
C003324,Consumer,India,2025-07-29,VERIFIED
C003325,SME,India,2025-10-01,PENDING
C003326,SME,India,2024-08-10,VERIFIED
C003327,SME,Singapore,2026-03-15,VERIFIED
C003328,Consumer,India,2025-01-16,VERIFIED
C003329,Consumer,India,2026-04-17,VERIFIED
C003330,SME,Singapore,2024-04-13,VERIFIED
C003331,Consumer,Singapore,2025-10-25,PENDING
C003332,SME,India,2024-04-23,VERIFIED
C003333,Consumer,India,2025-05-22,VERIFIED
C003334,Consumer,India,2024-02-24,VERIFIED
C003335,SME,India,2024-04-30,PENDING
C003336,SME,UAE,2024-08-04,VERIFIED
C003337,Enterprise,Singapore,2025-09-26,PENDING
C003338,SME,India,2024-01-03,VERIFIED
C003339,Consumer,India,2024-04-01,REJECTED
C003340,SME,India,2025-02-10,VERIFIED
C003341,SME,Singapore,2025-11-06,VERIFIED
C003342,Consumer,India,2025-03-16,VERIFIED
C003343,SME,Singapore,2025-09-22,VERIFIED
C003344,Consumer,Singapore,2025-03-07,VERIFIED
C003345,Consumer,India,2024-03-01,VERIFIED
C003346,SME,UAE,2025-12-26,VERIFIED
C003347,Consumer,Singapore,2025-04-17,VERIFIED
C003348,Consumer,Singapore,2024-09-03,VERIFIED
C003349,Consumer,UAE,2026-01-16,VERIFIED
C003350,Consumer,India,2026-05-18,PENDING
C003351,Consumer,India,2025-01-06,VERIFIED
C003352,Consumer,UAE,2024-10-15,VERIFIED
C003353,Enterprise,Singapore,2025-08-12,VERIFIED
C003354,Consumer,UAE,2024-01-24,VERIFIED
C003355,Consumer,India,2025-02-09,VERIFIED
C003356,Consumer,Singapore,2024-11-03,VERIFIED
C003357,SME,India,2025-09-04,VERIFIED
C003358,Consumer,India,2025-01-06,VERIFIED
C003359,SME,India,2026-02-01,VERIFIED
C003360,SME,India,2025-09-26,VERIFIED
C003361,SME,India,2024-08-02,VERIFIED
C003362,Consumer,Singapore,2024-09-18,VERIFIED
C003363,SME,India,2026-04-23,VERIFIED
C003364,Consumer,India,2024-12-11,VERIFIED
C003365,Enterprise,India,2025-02-16,VERIFIED
C003366,SME,India,2024-05-02,VERIFIED
C003367,Consumer,UAE,2026-02-02,VERIFIED
C003368,Consumer,India,2024-11-15,VERIFIED
C003369,Consumer,India,2024-12-02,VERIFIED
C003370,SME,UAE,2024-06-06,VERIFIED
C003371,Consumer,Singapore,2024-11-22,VERIFIED
C003372,Consumer,Singapore,2025-10-22,PENDING
C003373,Consumer,Singapore,2024-03-05,VERIFIED
C003374,SME,UAE,2025-01-03,PENDING
C003375,SME,India,2026-05-19,VERIFIED
C003376,SME,UAE,2024-01-04,VERIFIED
C003377,SME,UAE,2025-11-16,VERIFIED
C003378,Consumer,Singapore,2025-10-09,VERIFIED
C003379,Consumer,Singapore,2026-01-25,REJECTED
C003380,SME,Singapore,2024-02-29,VERIFIED
C003381,Consumer,India,2024-02-14,REJECTED
C003382,Consumer,India,2025-08-06,VERIFIED
C003383,Consumer,UAE,2025-08-29,VERIFIED
C003384,Consumer,India,2025-06-26,PENDING
C003385,Consumer,India,2024-06-04,VERIFIED
C003386,SME,Singapore,2026-01-21,VERIFIED
C003387,Consumer,India,2024-03-04,VERIFIED
C003388,Consumer,India,2025-02-24,VERIFIED
C003389,Consumer,Singapore,2024-11-18,VERIFIED
C003390,SME,Singapore,2024-04-18,VERIFIED
C003391,Consumer,India,2025-04-07,VERIFIED
C003392,SME,UAE,2025-08-02,VERIFIED
C003393,SME,India,2025-06-30,VERIFIED
C003394,Consumer,India,2024-09-07,VERIFIED
C003395,Enterprise,India,2026-05-15,VERIFIED
C003396,Enterprise,Singapore,2025-05-24,VERIFIED
C003397,SME,India,2025-07-01,VERIFIED
C003398,SME,India,2025-03-16,VERIFIED
C003399,Consumer,UAE,2025-03-29,VERIFIED
C003400,Consumer,India,2025-10-05,VERIFIED
C003401,Consumer,Singapore,2026-03-27,VERIFIED
C003402,Consumer,India,2026-01-03,VERIFIED
C003403,Enterprise,UAE,2025-11-09,VERIFIED
C003404,Consumer,Singapore,2024-09-30,VERIFIED
C003405,SME,India,2024-02-29,VERIFIED
C003406,SME,India,2024-12-07,VERIFIED
C003407,SME,UAE,2025-01-28,VERIFIED
C003408,Enterprise,UAE,2024-04-22,REJECTED
C003409,Consumer,India,2024-08-08,VERIFIED
C003410,Consumer,Singapore,2026-03-01,VERIFIED
C003411,Consumer,India,2024-03-08,VERIFIED
C003412,Consumer,UAE,2024-11-10,VERIFIED
C003413,Consumer,UAE,2025-04-11,VERIFIED
C003414,Consumer,UAE,2026-05-07,VERIFIED
C003415,SME,UAE,2024-09-19,VERIFIED
C003416,Consumer,UAE,2026-02-19,VERIFIED
C003417,Consumer,India,2024-05-10,VERIFIED
C003418,SME,UAE,2025-02-27,VERIFIED
C003419,Consumer,Singapore,2024-09-23,VERIFIED
C003420,Consumer,UAE,2025-12-20,VERIFIED
C003421,SME,India,2024-07-30,PENDING
C003422,Consumer,India,2025-07-16,VERIFIED
C003423,SME,Singapore,2024-10-14,VERIFIED
C003424,Consumer,Singapore,2025-02-28,VERIFIED
C003425,SME,India,2025-07-07,VERIFIED
C003426,Consumer,India,2026-01-28,VERIFIED
C003427,Consumer,Singapore,2025-12-07,VERIFIED
C003428,Consumer,India,2024-08-31,REJECTED
C003429,SME,India,2025-12-12,VERIFIED
C003430,Consumer,India,2026-05-19,REJECTED
C003431,Consumer,UAE,2025-09-24,VERIFIED
C003432,Enterprise,Singapore,2024-11-29,VERIFIED
C003433,SME,India,2024-11-23,PENDING
C003434,Consumer,Singapore,2025-12-15,VERIFIED
C003435,SME,Singapore,2024-04-15,VERIFIED
C003436,Consumer,India,2026-01-31,VERIFIED
C003437,Consumer,India,2026-03-11,PENDING
C003438,Consumer,Singapore,2024-03-19,VERIFIED
C003439,Enterprise,India,2024-06-13,VERIFIED
C003440,Enterprise,Singapore,2026-04-25,VERIFIED
C003441,Consumer,India,2025-09-22,VERIFIED
C003442,Consumer,India,2024-02-26,VERIFIED
C003443,Consumer,UAE,2024-07-06,PENDING
C003444,Enterprise,India,2024-02-21,VERIFIED
C003445,Enterprise,Singapore,2024-03-12,VERIFIED
C003446,SME,India,2026-01-22,VERIFIED
C003447,SME,India,2024-11-19,VERIFIED
C003448,SME,India,2025-09-03,VERIFIED
C003449,Consumer,India,2024-12-03,VERIFIED
C003450,Consumer,India,2024-06-03,VERIFIED
C003451,Consumer,India,2024-02-28,VERIFIED
C003452,SME,India,2024-10-01,REJECTED
C003453,SME,Singapore,2026-02-09,VERIFIED
C003454,Consumer,India,2024-07-19,VERIFIED
C003455,Enterprise,UAE,2024-10-21,PENDING
C003456,Consumer,India,2024-11-17,VERIFIED
C003457,Consumer,India,2024-11-24,VERIFIED
C003458,SME,Singapore,2025-01-24,VERIFIED
C003459,SME,India,2024-10-10,VERIFIED
C003460,SME,India,2024-06-24,VERIFIED
C003461,Consumer,India,2025-09-01,VERIFIED
C003462,Consumer,Singapore,2024-12-14,VERIFIED
C003463,SME,Singapore,2025-03-07,VERIFIED
C003464,Consumer,India,2025-11-24,VERIFIED
C003465,Consumer,India,2025-01-16,VERIFIED
C003466,SME,Singapore,2024-09-28,VERIFIED
C003467,Consumer,India,2025-05-06,PENDING
C003468,SME,India,2025-06-30,VERIFIED
C003469,SME,India,2024-11-26,VERIFIED
C003470,Consumer,India,2026-05-24,VERIFIED
C003471,Consumer,India,2025-08-21,VERIFIED
C003472,SME,UAE,2024-06-06,VERIFIED
C003473,Consumer,India,2025-03-07,VERIFIED
C003474,SME,India,2024-11-20,VERIFIED
C003475,SME,UAE,2024-04-25,VERIFIED
C003476,SME,India,2025-06-03,VERIFIED
C003477,Enterprise,India,2025-09-10,VERIFIED
C003478,Consumer,India,2025-09-10,VERIFIED
C003479,Consumer,Singapore,2025-09-17,VERIFIED
C003480,Consumer,India,2025-03-10,REJECTED
C003481,Consumer,India,2025-06-05,VERIFIED
C003482,Consumer,UAE,2026-03-06,VERIFIED
C003483,Consumer,UAE,2025-07-25,VERIFIED
C003484,Enterprise,Singapore,2024-09-22,VERIFIED
C003485,Consumer,India,2025-02-01,VERIFIED
C003486,Consumer,India,2024-04-11,VERIFIED
C003487,Consumer,India,2024-03-03,VERIFIED
C003488,Consumer,India,2025-11-17,PENDING
C003489,Consumer,Singapore,2025-12-09,VERIFIED
C003490,Consumer,India,2026-04-03,PENDING
C003491,Consumer,UAE,2025-05-25,VERIFIED
C003492,Consumer,India,2024-08-09,VERIFIED
C003493,SME,India,2025-03-11,VERIFIED
C003494,SME,Singapore,2024-07-08,VERIFIED
C003495,SME,India,2025-10-01,VERIFIED
C003496,Consumer,UAE,2024-11-29,VERIFIED
C003497,SME,UAE,2025-07-11,VERIFIED
C003498,SME,India,2025-08-03,VERIFIED
C003499,Consumer,India,2024-10-27,VERIFIED
C003500,SME,India,2024-12-16,VERIFIED
C003501,Consumer,Singapore,2026-05-25,VERIFIED
C003502,SME,India,2025-07-23,VERIFIED
C003503,Enterprise,Singapore,2025-12-28,REJECTED
C003504,Consumer,India,2024-04-24,VERIFIED
C003505,SME,Singapore,2025-06-05,VERIFIED
C003506,Consumer,Singapore,2025-01-01,VERIFIED
C003507,Enterprise,India,2024-09-25,VERIFIED
C003508,Consumer,India,2026-03-14,VERIFIED
C003509,SME,India,2024-03-26,PENDING
C003510,Consumer,India,2025-01-12,VERIFIED
C003511,Consumer,India,2024-05-26,VERIFIED
C003512,Consumer,India,2024-04-27,VERIFIED
C003513,Enterprise,UAE,2024-05-14,VERIFIED
C003514,SME,UAE,2025-06-10,VERIFIED
C003515,SME,UAE,2026-04-28,VERIFIED
C003516,Enterprise,India,2026-03-24,VERIFIED
C003517,Consumer,Singapore,2024-07-24,VERIFIED
C003518,Consumer,India,2024-08-20,REJECTED
C003519,Consumer,India,2026-03-26,VERIFIED
C003520,Consumer,India,2024-03-06,VERIFIED
C003521,Consumer,India,2024-01-04,VERIFIED
C003522,Consumer,India,2024-01-03,VERIFIED
C003523,Consumer,India,2024-09-15,VERIFIED
C003524,Consumer,UAE,2025-12-15,VERIFIED
C003525,Consumer,India,2024-11-20,VERIFIED
C003526,Consumer,UAE,2024-08-27,PENDING
C003527,Enterprise,India,2025-08-27,VERIFIED
C003528,SME,India,2026-03-06,VERIFIED
C003529,Enterprise,India,2025-06-18,PENDING
C003530,Consumer,Singapore,2026-03-08,VERIFIED
C003531,Consumer,India,2024-11-13,VERIFIED
C003532,SME,India,2025-08-21,VERIFIED
C003533,Consumer,India,2024-02-20,VERIFIED
C003534,Consumer,India,2026-03-19,VERIFIED
C003535,Consumer,Singapore,2025-04-14,VERIFIED
C003536,Consumer,India,2026-04-11,VERIFIED
C003537,Consumer,India,2024-02-12,VERIFIED
C003538,Consumer,UAE,2024-07-22,VERIFIED
C003539,SME,India,2024-12-12,VERIFIED
C003540,Consumer,Singapore,2024-02-27,PENDING
C003541,Consumer,Singapore,2024-02-28,VERIFIED
C003542,SME,UAE,2025-11-10,VERIFIED
C003543,Consumer,India,2025-11-16,VERIFIED
C003544,Consumer,Singapore,2025-05-25,VERIFIED
C003545,SME,India,2024-11-13,VERIFIED
C003546,Consumer,Singapore,2025-03-08,VERIFIED
C003547,Consumer,India,2025-01-06,VERIFIED
C003548,Consumer,India,2024-07-25,VERIFIED
C003549,Consumer,UAE,2024-04-20,VERIFIED
C003550,Consumer,India,2024-01-23,VERIFIED
C003551,SME,UAE,2025-03-03,PENDING
C003552,Consumer,UAE,2026-01-14,VERIFIED
C003553,Consumer,India,2026-02-25,PENDING
C003554,Consumer,India,2025-11-14,VERIFIED
C003555,Consumer,India,2024-01-11,VERIFIED
C003556,Consumer,UAE,2025-07-25,PENDING
C003557,Consumer,India,2026-01-13,VERIFIED
C003558,Consumer,Singapore,2026-01-16,VERIFIED
C003559,Consumer,Singapore,2025-05-29,VERIFIED
C003560,Consumer,UAE,2024-05-23,VERIFIED
C003561,Consumer,Singapore,2026-01-11,VERIFIED
C003562,SME,Singapore,2025-06-04,VERIFIED
C003563,Consumer,India,2026-03-19,PENDING
C003564,Consumer,India,2024-10-20,VERIFIED
C003565,Consumer,India,2024-11-20,VERIFIED
C003566,SME,UAE,2024-07-11,VERIFIED
C003567,Consumer,Singapore,2024-10-17,VERIFIED
C003568,SME,Singapore,2025-09-30,PENDING
C003569,SME,Singapore,2025-02-22,VERIFIED
C003570,SME,India,2025-04-04,VERIFIED
C003571,Consumer,India,2024-02-17,VERIFIED
C003572,Consumer,India,2024-04-16,VERIFIED
C003573,SME,India,2024-09-20,VERIFIED
C003574,Enterprise,Singapore,2024-09-09,VERIFIED
C003575,SME,India,2025-06-22,VERIFIED
C003576,Consumer,Singapore,2025-06-04,VERIFIED
C003577,Consumer,Singapore,2026-01-01,VERIFIED
C003578,Consumer,India,2024-06-06,VERIFIED
C003579,SME,India,2025-06-09,VERIFIED
C003580,Consumer,India,2024-01-29,VERIFIED
C003581,Consumer,India,2025-06-21,VERIFIED
C003582,SME,Singapore,2025-12-26,VERIFIED
C003583,Consumer,India,2024-05-22,VERIFIED
C003584,SME,UAE,2025-09-18,VERIFIED
C003585,Consumer,Singapore,2026-04-20,VERIFIED
C003586,Consumer,India,2024-08-05,VERIFIED
C003587,Consumer,Singapore,2025-08-15,VERIFIED
C003588,SME,Singapore,2025-12-13,VERIFIED
C003589,Consumer,Singapore,2024-03-07,VERIFIED
C003590,Consumer,India,2026-01-30,VERIFIED
C003591,Enterprise,India,2024-05-23,VERIFIED
C003592,Consumer,India,2024-05-20,VERIFIED
C003593,Consumer,India,2024-12-11,VERIFIED
C003594,Consumer,Singapore,2025-04-09,VERIFIED
C003595,Consumer,Singapore,2024-04-05,VERIFIED
C003596,SME,UAE,2025-02-11,VERIFIED
C003597,Consumer,India,2024-04-27,VERIFIED
C003598,Consumer,India,2026-04-09,VERIFIED
C003599,Consumer,Singapore,2025-11-27,REJECTED
C003600,SME,India,2026-03-14,VERIFIED
C003601,Consumer,India,2025-03-19,VERIFIED
C003602,Consumer,India,2026-01-26,VERIFIED
C003603,Consumer,India,2025-01-14,VERIFIED
C003604,Consumer,Singapore,2025-12-13,VERIFIED
C003605,Consumer,India,2024-10-04,VERIFIED
C003606,Consumer,Singapore,2024-12-26,VERIFIED
C003607,SME,UAE,2025-01-04,VERIFIED
C003608,Consumer,India,2025-09-13,VERIFIED
C003609,Enterprise,UAE,2024-07-30,VERIFIED
C003610,Enterprise,India,2024-09-15,VERIFIED
C003611,Consumer,UAE,2025-11-06,VERIFIED
C003612,Consumer,India,2024-04-06,VERIFIED
C003613,Consumer,Singapore,2024-07-28,VERIFIED
C003614,SME,India,2025-07-01,VERIFIED
C003615,Consumer,Singapore,2026-02-16,VERIFIED
C003616,Consumer,Singapore,2025-09-03,VERIFIED
C003617,Consumer,India,2024-01-21,VERIFIED
C003618,SME,UAE,2025-12-29,VERIFIED
C003619,SME,India,2025-03-08,VERIFIED
C003620,Consumer,India,2025-09-07,VERIFIED
C003621,SME,Singapore,2025-01-05,VERIFIED
C003622,Consumer,Singapore,2025-01-27,VERIFIED
C003623,Consumer,India,2025-09-15,VERIFIED
C003624,SME,India,2024-08-06,VERIFIED
C003625,Consumer,UAE,2025-05-18,VERIFIED
C003626,Consumer,Singapore,2025-09-23,PENDING
C003627,Consumer,India,2026-01-30,VERIFIED
C003628,SME,India,2026-04-26,VERIFIED
C003629,SME,UAE,2024-04-05,VERIFIED
C003630,Consumer,Singapore,2025-03-07,VERIFIED
C003631,SME,UAE,2024-07-06,PENDING
C003632,Consumer,India,2025-05-15,PENDING
C003633,Consumer,Singapore,2026-05-25,VERIFIED
C003634,Consumer,Singapore,2025-01-09,VERIFIED
C003635,Consumer,India,2025-03-09,VERIFIED
C003636,Consumer,India,2025-02-26,VERIFIED
C003637,Enterprise,Singapore,2024-05-23,PENDING
C003638,Consumer,India,2025-06-23,VERIFIED
C003639,Consumer,UAE,2025-05-13,VERIFIED
C003640,Consumer,UAE,2024-01-06,VERIFIED
C003641,Consumer,UAE,2024-11-12,VERIFIED
C003642,Enterprise,Singapore,2026-02-12,VERIFIED
C003643,Consumer,India,2024-08-17,VERIFIED
C003644,Consumer,India,2024-05-01,VERIFIED
C003645,SME,UAE,2025-05-09,VERIFIED
C003646,Consumer,India,2025-12-06,VERIFIED
C003647,Consumer,India,2025-09-08,PENDING
C003648,Consumer,India,2025-12-11,VERIFIED
C003649,Consumer,India,2025-04-19,VERIFIED
C003650,Enterprise,Singapore,2025-07-27,VERIFIED
C003651,SME,India,2026-03-06,VERIFIED
C003652,Consumer,India,2025-05-22,VERIFIED
C003653,SME,UAE,2025-08-14,PENDING
C003654,Consumer,Singapore,2024-06-23,VERIFIED
C003655,Consumer,Singapore,2025-06-04,VERIFIED
C003656,Consumer,Singapore,2025-11-22,VERIFIED
C003657,Consumer,UAE,2024-09-27,VERIFIED
C003658,Consumer,Singapore,2025-11-04,PENDING
C003659,Consumer,Singapore,2026-02-26,VERIFIED
C003660,Enterprise,UAE,2025-12-18,VERIFIED
C003661,Consumer,India,2025-07-25,VERIFIED
C003662,Consumer,UAE,2024-07-04,VERIFIED
C003663,Consumer,India,2025-08-09,VERIFIED
C003664,Consumer,India,2024-04-03,PENDING
C003665,Consumer,India,2025-08-01,VERIFIED
C003666,Consumer,India,2025-05-28,REJECTED
C003667,SME,Singapore,2024-06-26,VERIFIED
C003668,Consumer,UAE,2025-10-15,VERIFIED
C003669,Consumer,UAE,2025-07-09,VERIFIED
C003670,Consumer,UAE,2025-11-16,VERIFIED
C003671,Consumer,India,2024-10-21,VERIFIED
C003672,Consumer,UAE,2024-08-18,VERIFIED
C003673,SME,India,2024-08-23,VERIFIED
C003674,Consumer,UAE,2024-04-02,VERIFIED
C003675,Consumer,India,2025-05-01,VERIFIED
C003676,Consumer,India,2024-02-13,VERIFIED
C003677,Consumer,UAE,2025-06-22,VERIFIED
C003678,Consumer,UAE,2026-02-22,VERIFIED
C003679,SME,Singapore,2025-04-19,VERIFIED
C003680,Consumer,Singapore,2024-02-08,VERIFIED
C003681,SME,India,2025-01-19,PENDING
C003682,Consumer,Singapore,2025-03-10,VERIFIED
C003683,SME,Singapore,2024-10-15,VERIFIED
C003684,Consumer,India,2024-09-04,PENDING
C003685,SME,India,2025-07-15,VERIFIED
C003686,Consumer,India,2024-12-24,VERIFIED
C003687,Enterprise,Singapore,2025-03-13,VERIFIED
C003688,Consumer,India,2026-03-05,VERIFIED
C003689,Consumer,India,2024-07-27,VERIFIED
C003690,Consumer,India,2024-05-03,VERIFIED
C003691,SME,India,2026-05-03,VERIFIED
C003692,Consumer,Singapore,2026-01-30,VERIFIED
C003693,SME,Singapore,2025-02-06,VERIFIED
C003694,Consumer,India,2024-10-10,VERIFIED
C003695,Consumer,India,2025-10-24,VERIFIED
C003696,Consumer,India,2025-07-29,VERIFIED
C003697,Enterprise,UAE,2024-08-28,REJECTED
C003698,SME,India,2024-06-15,VERIFIED
C003699,Enterprise,India,2026-01-21,VERIFIED
C003700,Consumer,Singapore,2025-07-14,VERIFIED
C003701,Consumer,India,2025-11-29,PENDING
C003702,SME,UAE,2024-05-27,VERIFIED
C003703,Consumer,India,2025-12-01,VERIFIED
C003704,SME,Singapore,2025-09-14,PENDING
C003705,Enterprise,India,2024-09-21,VERIFIED
C003706,SME,India,2025-05-15,VERIFIED
C003707,SME,India,2024-10-05,VERIFIED
C003708,Consumer,Singapore,2026-01-18,VERIFIED
C003709,Consumer,UAE,2024-06-07,VERIFIED
C003710,Enterprise,India,2024-02-29,PENDING
C003711,Consumer,UAE,2025-05-13,VERIFIED
C003712,SME,Singapore,2024-11-12,VERIFIED
C003713,SME,UAE,2025-08-09,VERIFIED
C003714,Consumer,Singapore,2025-05-02,VERIFIED
C003715,Enterprise,India,2025-04-09,VERIFIED
C003716,Consumer,Singapore,2024-08-15,VERIFIED
C003717,Consumer,India,2025-10-27,VERIFIED
C003718,Consumer,India,2024-12-21,VERIFIED
C003719,Consumer,India,2025-04-10,REJECTED
C003720,Consumer,UAE,2026-04-01,PENDING
C003721,Consumer,UAE,2026-03-09,VERIFIED
C003722,SME,Singapore,2026-01-22,VERIFIED
C003723,Enterprise,UAE,2024-08-14,VERIFIED
C003724,Consumer,Singapore,2024-06-17,VERIFIED
C003725,Consumer,India,2024-10-10,VERIFIED
C003726,Enterprise,India,2026-05-07,VERIFIED
C003727,Consumer,India,2024-09-18,VERIFIED
C003728,Consumer,India,2026-03-12,VERIFIED
C003729,Consumer,India,2026-05-09,VERIFIED
C003730,Consumer,India,2024-12-29,VERIFIED
C003731,Consumer,UAE,2025-06-04,VERIFIED
C003732,Enterprise,UAE,2026-05-10,VERIFIED
C003733,Consumer,Singapore,2024-04-07,PENDING
C003734,Consumer,UAE,2024-01-12,VERIFIED
C003735,Consumer,India,2026-02-22,PENDING
C003736,Consumer,UAE,2025-08-05,VERIFIED
C003737,SME,India,2025-02-20,VERIFIED
C003738,SME,India,2025-05-15,VERIFIED
C003739,SME,UAE,2024-05-14,VERIFIED
C003740,Consumer,India,2024-09-15,VERIFIED
C003741,Enterprise,India,2025-05-31,PENDING
C003742,SME,India,2026-01-20,VERIFIED
C003743,SME,Singapore,2024-10-20,VERIFIED
C003744,Consumer,UAE,2026-04-26,VERIFIED
C003745,Consumer,India,2025-09-02,VERIFIED
C003746,Consumer,UAE,2025-03-15,PENDING
C003747,SME,India,2024-05-30,VERIFIED
C003748,Consumer,India,2025-04-25,VERIFIED
C003749,Consumer,India,2024-09-14,VERIFIED
C003750,SME,Singapore,2026-05-17,VERIFIED
C003751,SME,India,2024-05-28,VERIFIED
C003752,Enterprise,India,2024-05-21,VERIFIED
C003753,Consumer,India,2024-09-07,VERIFIED
C003754,SME,India,2026-01-15,VERIFIED
C003755,Consumer,Singapore,2025-10-05,VERIFIED
C003756,Consumer,India,2024-02-16,VERIFIED
C003757,Consumer,India,2025-01-06,VERIFIED
C003758,Consumer,India,2024-04-03,VERIFIED
C003759,Consumer,Singapore,2026-01-30,VERIFIED
C003760,SME,Singapore,2024-12-21,VERIFIED
C003761,Consumer,India,2025-06-15,VERIFIED
C003762,SME,India,2025-11-22,REJECTED
C003763,Consumer,India,2024-09-28,VERIFIED
C003764,Consumer,India,2025-03-04,VERIFIED
C003765,Consumer,UAE,2025-10-09,VERIFIED
C003766,Consumer,Singapore,2026-01-18,VERIFIED
C003767,Consumer,Singapore,2025-12-02,VERIFIED
C003768,Consumer,India,2025-12-24,VERIFIED
C003769,Consumer,Singapore,2024-03-04,VERIFIED
C003770,Consumer,UAE,2026-05-21,PENDING
C003771,Consumer,Singapore,2024-06-12,VERIFIED
C003772,Enterprise,Singapore,2025-01-23,VERIFIED
C003773,Consumer,Singapore,2025-04-13,VERIFIED
C003774,SME,India,2025-07-03,VERIFIED
C003775,SME,India,2025-12-27,PENDING
C003776,Enterprise,Singapore,2025-06-14,PENDING
C003777,SME,India,2026-02-04,VERIFIED
C003778,Consumer,Singapore,2025-08-08,VERIFIED
C003779,SME,Singapore,2025-10-14,VERIFIED
C003780,SME,UAE,2024-01-17,VERIFIED
C003781,Consumer,India,2025-08-29,VERIFIED
C003782,Consumer,India,2026-01-15,VERIFIED
C003783,Consumer,India,2024-10-27,VERIFIED
C003784,SME,Singapore,2024-03-28,VERIFIED
C003785,SME,UAE,2026-03-20,VERIFIED
C003786,Consumer,Singapore,2025-07-16,VERIFIED
C003787,Consumer,India,2024-09-01,VERIFIED
C003788,Consumer,UAE,2025-04-11,VERIFIED
C003789,Consumer,UAE,2025-03-17,VERIFIED
C003790,Enterprise,India,2024-04-22,VERIFIED
C003791,Consumer,Singapore,2025-03-17,VERIFIED
C003792,Consumer,Singapore,2024-01-08,REJECTED
C003793,Consumer,Singapore,2025-07-02,VERIFIED
C003794,SME,UAE,2025-07-12,VERIFIED
C003795,Consumer,India,2024-04-09,VERIFIED
C003796,SME,Singapore,2024-12-10,VERIFIED
C003797,Consumer,Singapore,2025-11-15,VERIFIED
C003798,Consumer,UAE,2026-01-22,VERIFIED
C003799,Consumer,UAE,2025-04-25,VERIFIED
C003800,Consumer,UAE,2025-12-03,VERIFIED
C003801,Consumer,India,2024-12-07,VERIFIED
C003802,Enterprise,UAE,2024-08-21,VERIFIED
C003803,SME,India,2026-03-03,PENDING
C003804,Enterprise,India,2024-08-22,REJECTED
C003805,Consumer,India,2024-05-05,PENDING
C003806,Enterprise,Singapore,2025-11-20,REJECTED
C003807,Consumer,UAE,2025-04-21,VERIFIED
C003808,Consumer,India,2025-11-15,VERIFIED
C003809,Consumer,India,2025-01-06,VERIFIED
C003810,Consumer,Singapore,2024-04-29,VERIFIED
C003811,SME,Singapore,2025-06-25,VERIFIED
C003812,Consumer,UAE,2025-07-13,VERIFIED
C003813,Consumer,India,2024-06-27,VERIFIED
C003814,Consumer,India,2024-04-03,VERIFIED
C003815,Consumer,India,2025-07-20,VERIFIED
C003816,Consumer,India,2026-01-17,REJECTED
C003817,Consumer,India,2024-10-28,PENDING
C003818,SME,India,2026-03-09,VERIFIED
C003819,SME,India,2025-02-21,VERIFIED
C003820,Consumer,India,2026-05-09,VERIFIED
C003821,Consumer,UAE,2025-08-08,REJECTED
C003822,Consumer,India,2025-03-27,PENDING
C003823,SME,India,2025-02-20,VERIFIED
C003824,Consumer,UAE,2026-04-03,VERIFIED
C003825,Consumer,Singapore,2024-05-01,VERIFIED
C003826,Consumer,Singapore,2024-02-26,VERIFIED
C003827,Consumer,Singapore,2026-02-23,PENDING
C003828,Consumer,UAE,2024-05-18,VERIFIED
C003829,SME,UAE,2024-07-17,VERIFIED
C003830,Consumer,Singapore,2025-12-21,VERIFIED
C003831,Consumer,UAE,2026-02-23,VERIFIED
C003832,SME,India,2024-12-26,VERIFIED
C003833,SME,India,2025-10-11,VERIFIED
C003834,Consumer,UAE,2025-02-13,PENDING
C003835,Consumer,India,2025-10-07,VERIFIED
C003836,Consumer,UAE,2026-04-28,VERIFIED
C003837,Enterprise,India,2025-06-11,VERIFIED
C003838,Consumer,India,2025-09-06,VERIFIED
C003839,Enterprise,UAE,2024-08-30,VERIFIED
C003840,SME,India,2024-03-30,VERIFIED
C003841,Consumer,UAE,2025-05-30,PENDING
C003842,Consumer,UAE,2024-03-02,PENDING
C003843,Consumer,UAE,2024-07-30,VERIFIED
C003844,Consumer,India,2024-09-04,VERIFIED
C003845,Consumer,Singapore,2025-12-04,VERIFIED
C003846,SME,UAE,2025-05-11,REJECTED
C003847,Enterprise,Singapore,2024-02-25,VERIFIED
C003848,Consumer,Singapore,2025-04-03,VERIFIED
C003849,SME,UAE,2024-10-15,VERIFIED
C003850,Consumer,Singapore,2025-06-26,VERIFIED
C003851,Consumer,UAE,2025-04-14,VERIFIED
C003852,Consumer,India,2025-01-23,VERIFIED
C003853,Consumer,India,2025-02-24,VERIFIED
C003854,Enterprise,India,2025-05-27,VERIFIED
C003855,SME,India,2025-12-10,VERIFIED
C003856,Consumer,Singapore,2025-07-10,VERIFIED
C003857,Consumer,India,2025-07-12,REJECTED
C003858,Consumer,UAE,2026-01-03,VERIFIED
C003859,Consumer,India,2026-03-08,PENDING
C003860,SME,India,2024-03-21,VERIFIED
C003861,SME,India,2025-03-19,VERIFIED
C003862,Consumer,India,2026-03-02,VERIFIED
C003863,Consumer,India,2024-10-13,VERIFIED
C003864,Consumer,India,2024-10-10,VERIFIED
C003865,Consumer,Singapore,2025-05-05,VERIFIED
C003866,Consumer,India,2025-01-22,VERIFIED
C003867,Consumer,India,2025-12-01,REJECTED
C003868,SME,Singapore,2025-07-04,PENDING
C003869,SME,India,2025-08-17,VERIFIED
C003870,Consumer,India,2025-02-11,VERIFIED
C003871,Consumer,India,2024-11-22,PENDING
C003872,Consumer,India,2024-06-24,PENDING
C003873,Consumer,Singapore,2025-06-04,VERIFIED
C003874,SME,India,2026-02-28,VERIFIED
C003875,Consumer,UAE,2025-01-17,VERIFIED
C003876,Consumer,UAE,2024-09-14,VERIFIED
C003877,Consumer,India,2024-12-12,VERIFIED
C003878,SME,UAE,2024-09-28,VERIFIED
C003879,Consumer,India,2024-09-17,VERIFIED
C003880,Consumer,India,2025-01-30,VERIFIED
C003881,Consumer,India,2025-11-22,VERIFIED
C003882,SME,India,2024-06-02,VERIFIED
C003883,Enterprise,Singapore,2025-06-10,VERIFIED
C003884,Consumer,India,2024-03-07,VERIFIED
C003885,SME,UAE,2026-04-20,VERIFIED
C003886,Enterprise,Singapore,2025-11-29,REJECTED
C003887,Enterprise,India,2024-12-13,VERIFIED
C003888,SME,Singapore,2024-03-03,VERIFIED
C003889,Consumer,UAE,2024-12-21,VERIFIED
C003890,Consumer,India,2024-10-07,PENDING
C003891,SME,India,2024-02-10,VERIFIED
C003892,Consumer,India,2025-06-23,REJECTED
C003893,SME,India,2025-01-01,VERIFIED
C003894,Consumer,India,2024-10-03,VERIFIED
C003895,SME,India,2024-08-08,VERIFIED
C003896,SME,Singapore,2025-12-29,VERIFIED
C003897,Consumer,Singapore,2026-01-03,VERIFIED
C003898,SME,India,2024-03-01,VERIFIED
C003899,Consumer,India,2024-04-12,VERIFIED
C003900,SME,India,2024-07-03,VERIFIED
C003901,Consumer,India,2024-05-26,VERIFIED
C003902,Consumer,India,2024-03-15,VERIFIED
C003903,Enterprise,UAE,2025-04-17,VERIFIED
C003904,Consumer,India,2024-01-01,PENDING
C003905,SME,India,2025-02-19,VERIFIED
C003906,Consumer,India,2025-04-13,VERIFIED
C003907,Consumer,UAE,2024-12-30,VERIFIED
C003908,Consumer,Singapore,2026-04-24,VERIFIED
C003909,Consumer,India,2025-11-04,VERIFIED
C003910,Consumer,India,2024-01-17,PENDING
C003911,Consumer,India,2025-05-24,VERIFIED
C003912,Consumer,India,2026-01-24,VERIFIED
C003913,Consumer,UAE,2025-03-14,VERIFIED
C003914,Enterprise,Singapore,2026-05-28,VERIFIED
C003915,Enterprise,Singapore,2025-06-14,REJECTED
C003916,Consumer,India,2026-04-21,VERIFIED
C003917,SME,India,2024-02-28,VERIFIED
C003918,Consumer,Singapore,2025-12-13,REJECTED
C003919,SME,India,2024-04-24,REJECTED
C003920,SME,UAE,2024-07-21,VERIFIED
C003921,Enterprise,India,2026-03-16,VERIFIED
C003922,Consumer,India,2025-06-26,VERIFIED
C003923,SME,Singapore,2024-07-12,VERIFIED
C003924,Consumer,India,2025-04-16,VERIFIED
C003925,Enterprise,India,2024-04-15,PENDING
C003926,Consumer,India,2026-05-28,VERIFIED
C003927,Consumer,Singapore,2026-03-28,VERIFIED
C003928,SME,India,2024-05-05,VERIFIED
C003929,SME,India,2025-02-17,VERIFIED
C003930,Consumer,Singapore,2025-09-06,VERIFIED
C003931,Enterprise,India,2025-11-05,VERIFIED
C003932,Consumer,UAE,2025-05-24,VERIFIED
C003933,Consumer,India,2025-05-15,VERIFIED
C003934,Consumer,Singapore,2026-04-06,VERIFIED
C003935,Consumer,India,2024-04-30,VERIFIED
C003936,Consumer,Singapore,2026-01-21,VERIFIED
C003937,Consumer,Singapore,2025-08-29,PENDING
C003938,Consumer,UAE,2024-07-26,VERIFIED
C003939,Consumer,India,2025-10-22,VERIFIED
C003940,Consumer,India,2024-12-15,VERIFIED
C003941,SME,Singapore,2026-03-30,VERIFIED
C003942,SME,India,2024-07-11,VERIFIED
C003943,Consumer,India,2025-10-15,PENDING
C003944,Consumer,UAE,2026-02-22,VERIFIED
C003945,Consumer,India,2026-04-02,VERIFIED
C003946,Consumer,UAE,2025-01-27,VERIFIED
C003947,SME,India,2025-05-11,VERIFIED
C003948,Consumer,Singapore,2025-01-26,VERIFIED
C003949,Consumer,Singapore,2025-12-13,VERIFIED
C003950,Consumer,India,2025-11-04,VERIFIED
C003951,Consumer,UAE,2024-04-18,PENDING
C003952,SME,India,2025-04-14,VERIFIED
C003953,Enterprise,UAE,2024-12-15,VERIFIED
C003954,Consumer,Singapore,2026-02-13,VERIFIED
C003955,Consumer,India,2025-12-22,PENDING
C003956,SME,UAE,2024-05-28,VERIFIED
C003957,Enterprise,India,2024-09-12,REJECTED
C003958,Consumer,Singapore,2025-01-23,VERIFIED
C003959,Consumer,India,2024-07-17,VERIFIED
C003960,Consumer,UAE,2025-03-18,VERIFIED
C003961,Consumer,Singapore,2026-04-28,VERIFIED
C003962,Consumer,India,2024-07-04,VERIFIED
C003963,Consumer,Singapore,2024-12-09,VERIFIED
C003964,Consumer,India,2025-11-07,VERIFIED
C003965,Consumer,India,2024-04-17,VERIFIED
C003966,SME,India,2025-08-17,VERIFIED
C003967,Consumer,India,2026-03-23,VERIFIED
C003968,Consumer,India,2024-03-20,VERIFIED
C003969,Consumer,India,2024-09-09,VERIFIED
C003970,Consumer,India,2024-01-25,VERIFIED
C003971,Enterprise,India,2024-10-09,VERIFIED
C003972,Consumer,India,2025-07-16,VERIFIED
C003973,Consumer,Singapore,2025-09-11,PENDING
C003974,SME,Singapore,2024-08-25,VERIFIED
C003975,Consumer,India,2024-11-11,VERIFIED
C003976,Enterprise,UAE,2026-04-19,VERIFIED
C003977,Consumer,Singapore,2025-04-07,VERIFIED
C003978,Consumer,Singapore,2025-11-28,VERIFIED
C003979,Consumer,India,2025-08-14,VERIFIED
C003980,Consumer,India,2026-04-19,VERIFIED
C003981,SME,UAE,2025-08-30,VERIFIED
C003982,SME,UAE,2025-01-16,VERIFIED
C003983,Consumer,India,2025-04-09,VERIFIED
C003984,Consumer,India,2024-05-29,VERIFIED
C003985,SME,Singapore,2024-12-17,VERIFIED
C003986,Enterprise,Singapore,2025-03-17,VERIFIED
C003987,Consumer,UAE,2025-01-29,VERIFIED
C003988,Consumer,India,2024-12-30,VERIFIED
C003989,Consumer,India,2024-01-06,VERIFIED
C003990,SME,India,2025-06-17,VERIFIED
C003991,Consumer,India,2024-08-07,VERIFIED
C003992,Consumer,India,2026-05-20,VERIFIED
C003993,SME,UAE,2024-01-12,VERIFIED
C003994,Consumer,India,2026-03-05,VERIFIED
C003995,Consumer,UAE,2025-01-19,VERIFIED
C003996,Consumer,India,2025-12-04,VERIFIED
C003997,Consumer,India,2025-04-02,VERIFIED
C003998,Consumer,India,2024-08-12,VERIFIED
C003999,Consumer,India,2024-12-01,VERIFIED
C004000,Consumer,Singapore,2024-06-15,VERIFIED
C004001,Consumer,India,2024-11-11,PENDING
C004002,SME,India,2024-04-25,VERIFIED
C004003,SME,India,2026-04-17,VERIFIED
C004004,Consumer,India,2025-05-12,VERIFIED
C004005,Consumer,Singapore,2024-05-27,VERIFIED
C004006,Consumer,India,2024-02-05,VERIFIED
C004007,Consumer,Singapore,2025-02-10,VERIFIED
C004008,Consumer,Singapore,2025-01-19,VERIFIED
C004009,SME,India,2026-01-26,VERIFIED
C004010,Consumer,India,2025-02-14,VERIFIED
C004011,Consumer,Singapore,2024-11-03,VERIFIED
C004012,Consumer,Singapore,2025-10-03,VERIFIED
C004013,SME,India,2024-08-27,VERIFIED
C004014,Consumer,India,2025-01-01,VERIFIED
C004015,SME,India,2026-05-05,VERIFIED
C004016,Consumer,India,2024-10-30,VERIFIED
C004017,SME,India,2025-09-08,VERIFIED
C004018,SME,India,2024-06-15,PENDING
C004019,Consumer,India,2025-07-07,VERIFIED
C004020,Consumer,India,2026-02-04,VERIFIED
C004021,Consumer,India,2026-05-11,VERIFIED
C004022,Consumer,UAE,2024-10-27,VERIFIED
C004023,SME,Singapore,2024-07-23,VERIFIED
C004024,SME,UAE,2024-07-13,VERIFIED
C004025,SME,India,2024-06-19,VERIFIED
C004026,SME,Singapore,2026-01-31,VERIFIED
C004027,Consumer,India,2025-09-07,VERIFIED
C004028,Consumer,Singapore,2026-05-24,VERIFIED
C004029,SME,India,2025-02-05,VERIFIED
C004030,Consumer,India,2024-02-08,VERIFIED
C004031,SME,UAE,2026-01-17,VERIFIED
C004032,Consumer,India,2025-10-07,VERIFIED
C004033,Consumer,UAE,2024-09-08,VERIFIED
C004034,Enterprise,India,2025-11-12,VERIFIED
C004035,Consumer,India,2024-10-09,VERIFIED
C004036,Enterprise,India,2024-07-25,VERIFIED
C004037,Enterprise,Singapore,2025-05-14,VERIFIED
C004038,SME,India,2024-05-22,VERIFIED
C004039,SME,UAE,2024-01-19,VERIFIED
C004040,Consumer,India,2025-12-02,REJECTED
C004041,SME,Singapore,2025-07-29,VERIFIED
C004042,Consumer,India,2026-01-11,PENDING
C004043,Consumer,India,2026-03-29,VERIFIED
C004044,Consumer,India,2025-11-17,VERIFIED
C004045,Consumer,India,2026-04-04,REJECTED
C004046,Consumer,India,2024-01-20,PENDING
C004047,Consumer,India,2026-02-26,VERIFIED
C004048,Consumer,India,2026-04-29,VERIFIED
C004049,SME,India,2025-03-23,VERIFIED
C004050,Consumer,India,2024-08-13,VERIFIED
C004051,Enterprise,India,2026-01-12,VERIFIED
C004052,SME,India,2024-04-10,VERIFIED
C004053,SME,UAE,2026-01-08,VERIFIED
C004054,Consumer,UAE,2024-10-20,VERIFIED
C004055,SME,India,2025-07-03,VERIFIED
C004056,Consumer,UAE,2024-03-05,VERIFIED
C004057,SME,Singapore,2025-05-13,VERIFIED
C004058,Consumer,India,2024-03-16,VERIFIED
C004059,SME,India,2025-12-04,VERIFIED
C004060,Enterprise,UAE,2025-09-26,VERIFIED
C004061,Consumer,Singapore,2024-05-04,VERIFIED
C004062,Consumer,UAE,2024-01-27,VERIFIED
C004063,SME,UAE,2025-09-06,VERIFIED
C004064,Consumer,India,2024-10-02,REJECTED
C004065,SME,India,2025-07-25,VERIFIED
C004066,Consumer,India,2025-11-10,VERIFIED
C004067,Consumer,India,2024-03-23,VERIFIED
C004068,Enterprise,India,2025-04-30,VERIFIED
C004069,SME,India,2025-04-07,VERIFIED
C004070,SME,India,2024-01-06,VERIFIED
C004071,Consumer,India,2025-11-06,VERIFIED
C004072,SME,India,2025-01-02,VERIFIED
C004073,Consumer,India,2025-04-15,VERIFIED
C004074,Consumer,India,2025-12-14,VERIFIED
C004075,SME,India,2025-03-24,VERIFIED
C004076,Consumer,Singapore,2025-11-19,VERIFIED
C004077,Consumer,UAE,2025-01-04,VERIFIED
C004078,Consumer,India,2024-12-05,VERIFIED
C004079,SME,India,2025-10-29,PENDING
C004080,Consumer,UAE,2024-10-04,VERIFIED
C004081,SME,India,2024-12-05,VERIFIED
C004082,Consumer,Singapore,2026-03-25,PENDING
C004083,Consumer,India,2025-09-05,VERIFIED
C004084,SME,UAE,2024-03-20,VERIFIED
C004085,Consumer,UAE,2025-12-06,REJECTED
C004086,Consumer,Singapore,2026-03-03,REJECTED
C004087,Consumer,India,2025-08-25,VERIFIED
C004088,Consumer,UAE,2024-03-07,VERIFIED
C004089,SME,Singapore,2024-08-02,VERIFIED
C004090,Consumer,Singapore,2025-02-19,VERIFIED
C004091,SME,India,2024-05-24,VERIFIED
C004092,Consumer,Singapore,2025-07-05,VERIFIED
C004093,Consumer,India,2025-12-24,VERIFIED
C004094,Enterprise,India,2024-10-12,VERIFIED
C004095,Consumer,India,2025-07-24,VERIFIED
C004096,Consumer,India,2025-06-23,VERIFIED
C004097,Consumer,Singapore,2024-02-16,VERIFIED
C004098,Consumer,Singapore,2024-08-24,VERIFIED
C004099,Consumer,India,2024-04-26,VERIFIED
C004100,Consumer,Singapore,2024-05-30,VERIFIED
C004101,SME,UAE,2024-03-23,VERIFIED
C004102,Consumer,India,2024-02-26,VERIFIED
C004103,Consumer,Singapore,2025-12-29,VERIFIED
C004104,Consumer,India,2025-01-19,VERIFIED
C004105,Consumer,India,2024-08-07,VERIFIED
C004106,SME,India,2024-10-11,PENDING
C004107,Enterprise,India,2026-01-23,VERIFIED
C004108,Consumer,India,2025-03-09,VERIFIED
C004109,SME,UAE,2024-11-15,VERIFIED
C004110,Consumer,Singapore,2025-09-02,VERIFIED
C004111,Consumer,India,2024-08-29,VERIFIED
C004112,Consumer,India,2025-04-09,PENDING
C004113,Consumer,India,2024-07-21,VERIFIED
C004114,Consumer,India,2025-07-02,VERIFIED
C004115,Consumer,India,2026-01-27,VERIFIED
C004116,Consumer,India,2025-03-20,VERIFIED
C004117,Enterprise,India,2025-10-01,VERIFIED
C004118,Consumer,India,2024-05-14,VERIFIED
C004119,Consumer,India,2026-05-07,VERIFIED
C004120,SME,UAE,2026-05-04,VERIFIED
C004121,Consumer,India,2025-07-29,VERIFIED
C004122,Consumer,India,2026-02-24,VERIFIED
C004123,SME,India,2025-06-24,VERIFIED
C004124,Enterprise,UAE,2025-05-01,VERIFIED
C004125,SME,UAE,2026-05-31,VERIFIED
C004126,SME,Singapore,2026-01-07,VERIFIED
C004127,SME,UAE,2025-07-25,VERIFIED
C004128,Enterprise,India,2025-04-30,VERIFIED
C004129,Consumer,UAE,2025-07-19,VERIFIED
C004130,Consumer,India,2026-04-19,VERIFIED
C004131,Consumer,India,2025-10-22,PENDING
C004132,Consumer,Singapore,2025-02-08,VERIFIED
C004133,SME,India,2025-07-23,VERIFIED
C004134,SME,Singapore,2025-03-08,VERIFIED
C004135,Consumer,India,2025-07-01,PENDING
C004136,Consumer,Singapore,2025-10-18,VERIFIED
C004137,SME,India,2024-09-06,VERIFIED
C004138,Consumer,India,2024-03-20,VERIFIED
C004139,SME,UAE,2024-01-15,VERIFIED
C004140,Consumer,UAE,2024-02-09,VERIFIED
C004141,Consumer,UAE,2024-03-21,VERIFIED
C004142,Consumer,Singapore,2025-05-24,VERIFIED
C004143,Consumer,Singapore,2024-11-02,VERIFIED
C004144,SME,India,2025-12-05,VERIFIED
C004145,Enterprise,India,2025-01-31,VERIFIED
C004146,SME,India,2025-11-08,VERIFIED
C004147,Consumer,India,2026-05-14,VERIFIED
C004148,Consumer,UAE,2024-07-22,VERIFIED
C004149,SME,India,2024-07-29,VERIFIED
C004150,SME,UAE,2025-02-02,VERIFIED
C004151,Consumer,India,2025-01-07,VERIFIED
C004152,Consumer,Singapore,2025-01-23,VERIFIED
C004153,SME,India,2024-09-14,VERIFIED
C004154,Consumer,India,2024-04-24,VERIFIED
C004155,Consumer,UAE,2024-11-29,VERIFIED
C004156,Consumer,India,2024-12-14,VERIFIED
C004157,Consumer,India,2024-08-20,VERIFIED
C004158,SME,India,2025-05-23,REJECTED
C004159,Enterprise,India,2025-03-24,VERIFIED
C004160,Consumer,India,2024-03-17,VERIFIED
C004161,Consumer,Singapore,2026-04-07,VERIFIED
C004162,Consumer,India,2025-08-30,VERIFIED
C004163,Consumer,India,2024-04-07,REJECTED
C004164,Consumer,India,2025-07-21,VERIFIED
C004165,Consumer,Singapore,2025-09-21,VERIFIED
C004166,Consumer,Singapore,2025-04-06,VERIFIED
C004167,Consumer,India,2025-05-14,VERIFIED
C004168,Consumer,India,2025-09-22,VERIFIED
C004169,Consumer,India,2024-02-07,VERIFIED
C004170,Consumer,Singapore,2025-11-27,PENDING
C004171,Consumer,Singapore,2024-12-23,VERIFIED
C004172,Enterprise,UAE,2024-08-29,VERIFIED
C004173,Consumer,India,2024-02-20,VERIFIED
C004174,Consumer,India,2025-02-28,VERIFIED
C004175,SME,India,2024-05-06,PENDING
C004176,Enterprise,India,2024-04-12,VERIFIED
C004177,Consumer,India,2025-04-21,VERIFIED
C004178,SME,India,2024-08-16,VERIFIED
C004179,Consumer,Singapore,2025-12-23,VERIFIED
C004180,Consumer,India,2025-03-11,VERIFIED
C004181,Consumer,UAE,2025-01-19,VERIFIED
C004182,SME,India,2024-03-25,VERIFIED
C004183,SME,UAE,2024-12-24,VERIFIED
C004184,Consumer,UAE,2026-02-24,PENDING
C004185,Consumer,UAE,2024-01-27,VERIFIED
C004186,SME,Singapore,2026-05-09,VERIFIED
C004187,Consumer,Singapore,2024-03-12,VERIFIED
C004188,Consumer,India,2024-04-04,VERIFIED
C004189,SME,India,2025-08-10,VERIFIED
C004190,SME,Singapore,2025-03-01,VERIFIED
C004191,SME,Singapore,2024-01-06,VERIFIED
C004192,SME,UAE,2024-03-30,VERIFIED
C004193,Consumer,India,2025-08-14,VERIFIED
C004194,SME,India,2024-08-09,VERIFIED
C004195,Consumer,Singapore,2025-08-17,VERIFIED
C004196,Consumer,UAE,2025-08-16,VERIFIED
C004197,Consumer,India,2024-05-31,VERIFIED
C004198,Consumer,India,2025-07-10,VERIFIED
C004199,Consumer,India,2024-07-30,PENDING
C004200,Consumer,India,2025-08-05,VERIFIED
C004201,SME,India,2024-09-19,VERIFIED
C004202,Consumer,India,2025-01-16,VERIFIED
C004203,Consumer,UAE,2025-07-23,VERIFIED
C004204,Enterprise,India,2024-02-26,VERIFIED
C004205,Consumer,India,2025-03-01,VERIFIED
C004206,Consumer,Singapore,2025-09-14,VERIFIED
C004207,Consumer,UAE,2024-05-21,VERIFIED
C004208,Consumer,UAE,2025-07-21,VERIFIED
C004209,Consumer,India,2025-06-07,VERIFIED
C004210,Consumer,UAE,2026-05-10,VERIFIED
C004211,Consumer,India,2024-01-15,VERIFIED
C004212,Consumer,Singapore,2024-01-08,VERIFIED
C004213,Consumer,Singapore,2024-08-18,VERIFIED
C004214,Consumer,India,2024-07-04,VERIFIED
C004215,SME,India,2024-02-22,VERIFIED
C004216,SME,India,2024-05-16,VERIFIED
C004217,Consumer,UAE,2024-06-22,VERIFIED
C004218,Consumer,India,2026-05-09,VERIFIED
C004219,SME,Singapore,2024-08-06,VERIFIED
C004220,Consumer,India,2024-09-19,VERIFIED
C004221,Consumer,India,2024-09-11,VERIFIED
C004222,Consumer,UAE,2026-03-22,VERIFIED
C004223,SME,Singapore,2024-09-26,VERIFIED
C004224,SME,UAE,2025-08-09,VERIFIED
C004225,Consumer,India,2024-08-11,VERIFIED
C004226,SME,India,2025-08-26,VERIFIED
C004227,Consumer,India,2024-05-13,VERIFIED
C004228,SME,India,2024-06-11,VERIFIED
C004229,Consumer,India,2025-12-10,VERIFIED
C004230,Consumer,Singapore,2025-12-01,VERIFIED
C004231,SME,India,2024-03-13,VERIFIED
C004232,Consumer,India,2025-12-18,REJECTED
C004233,Consumer,India,2025-06-26,PENDING
C004234,Enterprise,India,2025-09-22,VERIFIED
C004235,Consumer,Singapore,2026-03-05,PENDING
C004236,Consumer,India,2025-04-28,VERIFIED
C004237,Consumer,India,2026-05-27,VERIFIED
C004238,SME,India,2025-11-01,VERIFIED
C004239,SME,UAE,2024-09-11,VERIFIED
C004240,Consumer,UAE,2026-01-26,VERIFIED
C004241,SME,Singapore,2025-09-09,VERIFIED
C004242,Consumer,India,2024-07-16,PENDING
C004243,SME,India,2025-03-02,VERIFIED
C004244,Consumer,Singapore,2025-05-07,VERIFIED
C004245,Consumer,UAE,2025-09-23,VERIFIED
C004246,Enterprise,UAE,2024-03-22,VERIFIED
C004247,Consumer,UAE,2024-11-03,VERIFIED
C004248,Consumer,India,2026-02-20,VERIFIED
C004249,Consumer,UAE,2025-11-29,PENDING
C004250,Enterprise,Singapore,2026-02-26,PENDING
C004251,Consumer,Singapore,2025-01-08,VERIFIED
C004252,Consumer,India,2025-07-17,VERIFIED
C004253,Consumer,India,2025-04-03,VERIFIED
C004254,Consumer,India,2025-05-15,VERIFIED
C004255,Consumer,India,2024-12-22,VERIFIED
C004256,SME,India,2024-10-22,VERIFIED
C004257,Enterprise,UAE,2025-08-02,VERIFIED
C004258,Consumer,India,2024-10-26,VERIFIED
C004259,Consumer,India,2025-10-07,VERIFIED
C004260,Consumer,India,2024-12-08,VERIFIED
C004261,Consumer,India,2024-04-29,VERIFIED
C004262,SME,UAE,2025-07-22,VERIFIED
C004263,Consumer,India,2024-07-04,VERIFIED
C004264,Consumer,India,2025-08-06,VERIFIED
C004265,SME,UAE,2024-06-06,VERIFIED
C004266,Consumer,UAE,2024-08-15,VERIFIED
C004267,SME,India,2024-11-03,VERIFIED
C004268,Consumer,Singapore,2024-08-21,VERIFIED
C004269,SME,Singapore,2024-01-11,VERIFIED
C004270,Enterprise,Singapore,2024-06-23,VERIFIED
C004271,SME,India,2026-02-11,VERIFIED
C004272,Enterprise,UAE,2025-10-04,VERIFIED
C004273,Consumer,India,2024-01-02,VERIFIED
C004274,Consumer,India,2026-01-30,VERIFIED
C004275,Consumer,India,2025-12-12,VERIFIED
C004276,Consumer,India,2024-06-30,VERIFIED
C004277,Consumer,UAE,2024-12-15,VERIFIED
C004278,Consumer,India,2025-09-30,VERIFIED
C004279,Consumer,India,2025-01-16,VERIFIED
C004280,Consumer,India,2024-10-23,VERIFIED
C004281,Consumer,India,2024-07-15,VERIFIED
C004282,SME,UAE,2024-10-12,VERIFIED
C004283,Consumer,Singapore,2025-07-09,VERIFIED
C004284,Consumer,Singapore,2025-06-05,VERIFIED
C004285,Consumer,Singapore,2024-08-12,VERIFIED
C004286,Consumer,Singapore,2025-12-28,VERIFIED
C004287,SME,Singapore,2025-12-23,VERIFIED
C004288,Consumer,India,2024-10-12,VERIFIED
C004289,Consumer,UAE,2025-12-29,VERIFIED
C004290,SME,Singapore,2024-11-26,VERIFIED
C004291,Consumer,Singapore,2025-07-14,VERIFIED
C004292,Consumer,UAE,2024-06-11,VERIFIED
C004293,Consumer,Singapore,2024-07-11,PENDING
C004294,Enterprise,UAE,2024-05-24,VERIFIED
C004295,Consumer,UAE,2025-11-01,PENDING
C004296,Consumer,India,2026-04-17,VERIFIED
C004297,Consumer,India,2025-11-22,VERIFIED
C004298,Consumer,Singapore,2025-06-21,VERIFIED
C004299,Consumer,India,2025-09-03,VERIFIED
C004300,Consumer,UAE,2025-09-14,VERIFIED
C004301,Consumer,Singapore,2024-09-26,VERIFIED
C004302,Enterprise,Singapore,2024-02-20,VERIFIED
C004303,SME,UAE,2025-06-10,VERIFIED
C004304,Consumer,India,2024-05-07,VERIFIED
C004305,SME,Singapore,2025-10-13,PENDING
C004306,Consumer,India,2026-01-23,PENDING
C004307,Consumer,India,2024-02-15,VERIFIED
C004308,SME,India,2024-08-21,VERIFIED
C004309,SME,UAE,2025-03-23,VERIFIED
C004310,SME,Singapore,2025-08-06,VERIFIED
C004311,Consumer,UAE,2025-03-18,VERIFIED
C004312,Enterprise,India,2025-05-17,VERIFIED
C004313,Consumer,India,2025-08-29,VERIFIED
C004314,SME,India,2024-10-11,VERIFIED
C004315,Enterprise,India,2024-05-11,VERIFIED
C004316,Consumer,UAE,2025-04-20,VERIFIED
C004317,SME,India,2026-03-03,VERIFIED
C004318,Consumer,UAE,2025-06-27,VERIFIED
C004319,Consumer,UAE,2024-12-21,VERIFIED
C004320,Consumer,UAE,2024-02-06,VERIFIED
C004321,Consumer,India,2025-09-29,PENDING
C004322,Enterprise,UAE,2024-05-17,VERIFIED
C004323,SME,India,2025-02-25,VERIFIED
C004324,Consumer,India,2025-03-20,VERIFIED
C004325,SME,India,2025-09-03,VERIFIED
C004326,Enterprise,UAE,2024-08-29,VERIFIED
C004327,Consumer,India,2024-09-01,VERIFIED
C004328,Enterprise,India,2025-06-22,VERIFIED
C004329,Consumer,India,2024-07-27,VERIFIED
C004330,SME,India,2025-04-01,VERIFIED
C004331,Consumer,India,2024-04-08,VERIFIED
C004332,Consumer,UAE,2025-05-16,VERIFIED
C004333,Consumer,Singapore,2024-05-16,VERIFIED
C004334,SME,UAE,2024-07-05,PENDING
C004335,Consumer,Singapore,2024-02-05,VERIFIED
C004336,Consumer,UAE,2025-09-21,VERIFIED
C004337,Consumer,India,2025-10-31,PENDING
C004338,Enterprise,Singapore,2025-04-23,VERIFIED
C004339,Consumer,India,2026-02-25,VERIFIED
C004340,Consumer,India,2025-11-11,VERIFIED
C004341,Consumer,UAE,2024-02-24,VERIFIED
C004342,Consumer,Singapore,2025-04-15,VERIFIED
C004343,SME,Singapore,2024-03-24,VERIFIED
C004344,SME,Singapore,2024-01-06,VERIFIED
C004345,Consumer,India,2024-12-28,VERIFIED
C004346,Consumer,Singapore,2026-05-05,VERIFIED
C004347,SME,India,2026-02-06,VERIFIED
C004348,Consumer,Singapore,2025-12-10,VERIFIED
C004349,SME,Singapore,2025-10-25,VERIFIED
C004350,SME,UAE,2026-04-09,VERIFIED
C004351,SME,India,2024-06-18,VERIFIED
C004352,Consumer,India,2026-01-29,VERIFIED
C004353,Consumer,India,2024-09-05,VERIFIED
C004354,Enterprise,India,2025-10-23,VERIFIED
C004355,Consumer,UAE,2024-07-28,VERIFIED
C004356,Consumer,UAE,2026-01-09,VERIFIED
C004357,Consumer,Singapore,2024-08-31,VERIFIED
C004358,Consumer,UAE,2024-05-20,VERIFIED
C004359,Consumer,India,2025-09-23,VERIFIED
C004360,Consumer,India,2026-03-15,VERIFIED
C004361,Consumer,India,2024-06-28,VERIFIED
C004362,Consumer,UAE,2025-09-28,VERIFIED
C004363,SME,Singapore,2026-01-23,VERIFIED
C004364,Consumer,Singapore,2025-12-24,VERIFIED
C004365,Consumer,India,2024-01-17,VERIFIED
C004366,SME,India,2024-01-16,PENDING
C004367,Consumer,UAE,2025-01-19,VERIFIED
C004368,Consumer,India,2024-12-06,VERIFIED
C004369,Consumer,Singapore,2026-02-07,VERIFIED
C004370,Consumer,India,2026-03-08,VERIFIED
C004371,Consumer,India,2026-03-02,VERIFIED
C004372,Consumer,Singapore,2024-02-15,VERIFIED
C004373,Consumer,India,2025-05-18,VERIFIED
C004374,Consumer,Singapore,2026-02-08,PENDING
C004375,Consumer,Singapore,2024-05-22,VERIFIED
C004376,Consumer,India,2024-10-11,PENDING
C004377,Consumer,Singapore,2024-12-20,VERIFIED
C004378,SME,Singapore,2026-04-09,VERIFIED
C004379,Consumer,India,2025-06-08,VERIFIED
C004380,Consumer,Singapore,2026-04-12,VERIFIED
C004381,Consumer,Singapore,2025-07-10,VERIFIED
C004382,Consumer,India,2024-02-16,VERIFIED
C004383,Consumer,UAE,2025-06-11,VERIFIED
C004384,Consumer,India,2024-04-16,PENDING
C004385,SME,UAE,2024-01-03,VERIFIED
C004386,Consumer,UAE,2025-09-07,VERIFIED
C004387,Enterprise,India,2024-04-04,VERIFIED
C004388,Consumer,India,2024-05-12,PENDING
C004389,Consumer,India,2026-05-09,PENDING
C004390,Consumer,India,2026-02-21,VERIFIED
C004391,Consumer,UAE,2024-07-19,VERIFIED
C004392,Consumer,Singapore,2024-09-10,VERIFIED
C004393,SME,India,2024-07-01,PENDING
C004394,Consumer,Singapore,2024-05-29,VERIFIED
C004395,Enterprise,UAE,2025-07-02,VERIFIED
C004396,SME,Singapore,2025-05-04,VERIFIED
C004397,Consumer,Singapore,2025-05-19,VERIFIED
C004398,Consumer,Singapore,2025-02-16,VERIFIED
C004399,Consumer,India,2026-04-17,VERIFIED
C004400,Consumer,India,2025-05-22,REJECTED
C004401,Consumer,Singapore,2025-10-12,VERIFIED
C004402,Consumer,India,2025-09-03,VERIFIED
C004403,Consumer,India,2025-02-07,VERIFIED
C004404,Consumer,Singapore,2024-08-23,VERIFIED
C004405,Enterprise,Singapore,2025-08-18,VERIFIED
C004406,SME,India,2026-05-08,PENDING
C004407,Enterprise,India,2025-06-28,VERIFIED
C004408,Consumer,India,2025-09-24,PENDING
C004409,Consumer,India,2025-06-25,VERIFIED
C004410,Consumer,India,2025-03-09,VERIFIED
C004411,Consumer,India,2025-06-29,VERIFIED
C004412,Consumer,India,2025-10-06,VERIFIED
C004413,SME,India,2024-07-26,VERIFIED
C004414,SME,India,2024-05-19,VERIFIED
C004415,Consumer,India,2025-08-10,VERIFIED
C004416,Consumer,India,2025-08-09,VERIFIED
C004417,Consumer,India,2026-03-30,VERIFIED
C004418,Consumer,UAE,2024-11-02,REJECTED
C004419,Consumer,India,2025-07-23,VERIFIED
C004420,Consumer,Singapore,2024-04-07,VERIFIED
C004421,Consumer,UAE,2024-05-04,VERIFIED
C004422,Enterprise,India,2024-12-14,VERIFIED
C004423,Consumer,UAE,2024-05-13,VERIFIED
C004424,SME,India,2024-08-13,VERIFIED
C004425,Consumer,India,2025-12-12,VERIFIED
C004426,Consumer,India,2025-07-02,PENDING
C004427,Consumer,India,2025-10-11,VERIFIED
C004428,Consumer,India,2025-12-20,VERIFIED
C004429,Consumer,India,2025-12-06,VERIFIED
C004430,SME,Singapore,2025-07-21,VERIFIED
C004431,SME,UAE,2024-12-04,VERIFIED
C004432,Consumer,India,2026-04-18,VERIFIED
C004433,Consumer,India,2024-11-17,VERIFIED
C004434,Enterprise,India,2026-03-23,VERIFIED
C004435,Consumer,India,2024-03-27,VERIFIED
C004436,Consumer,Singapore,2024-04-04,VERIFIED
C004437,Consumer,India,2024-07-14,VERIFIED
C004438,SME,India,2024-07-10,VERIFIED
C004439,Enterprise,Singapore,2025-10-17,VERIFIED
C004440,Consumer,UAE,2025-06-05,PENDING
C004441,SME,India,2026-01-22,VERIFIED
C004442,SME,Singapore,2025-10-22,VERIFIED
C004443,Consumer,India,2025-10-13,PENDING
C004444,Consumer,India,2024-01-13,VERIFIED
C004445,Consumer,India,2024-09-10,REJECTED
C004446,Enterprise,India,2024-03-21,VERIFIED
C004447,Consumer,UAE,2025-12-22,VERIFIED
C004448,SME,India,2025-01-07,VERIFIED
C004449,Consumer,India,2025-01-28,VERIFIED
C004450,SME,India,2026-01-01,VERIFIED
C004451,Consumer,India,2025-02-21,VERIFIED
C004452,Consumer,Singapore,2024-02-28,VERIFIED
C004453,SME,India,2024-05-07,VERIFIED
C004454,SME,India,2026-03-27,VERIFIED
C004455,SME,India,2026-02-12,VERIFIED
C004456,Consumer,India,2026-02-18,VERIFIED
C004457,SME,India,2025-06-24,VERIFIED
C004458,Consumer,India,2024-11-28,VERIFIED
C004459,Consumer,India,2024-10-08,VERIFIED
C004460,Consumer,India,2025-08-02,VERIFIED
C004461,Consumer,India,2024-07-25,VERIFIED
C004462,Consumer,Singapore,2024-09-28,VERIFIED
C004463,Enterprise,Singapore,2024-11-04,REJECTED
C004464,Consumer,Singapore,2025-02-06,PENDING
C004465,SME,UAE,2024-06-23,VERIFIED
C004466,Consumer,India,2024-08-05,VERIFIED
C004467,Consumer,UAE,2025-11-02,VERIFIED
C004468,Consumer,India,2024-11-21,VERIFIED
C004469,Enterprise,India,2026-01-25,VERIFIED
C004470,SME,India,2024-09-09,VERIFIED
C004471,Enterprise,India,2025-03-29,PENDING
C004472,Enterprise,UAE,2024-07-07,VERIFIED
C004473,Consumer,India,2026-02-11,VERIFIED
C004474,Consumer,India,2025-03-18,VERIFIED
C004475,SME,India,2024-05-09,VERIFIED
C004476,Consumer,India,2025-04-29,VERIFIED
C004477,Consumer,India,2024-01-03,VERIFIED
C004478,Consumer,India,2024-12-16,VERIFIED
C004479,Consumer,India,2025-07-08,VERIFIED
C004480,Consumer,UAE,2024-05-12,VERIFIED
C004481,Consumer,India,2025-11-20,VERIFIED
C004482,Consumer,India,2025-05-08,PENDING
C004483,Consumer,Singapore,2024-09-22,VERIFIED
C004484,Consumer,UAE,2024-01-24,VERIFIED
C004485,Consumer,India,2025-06-17,VERIFIED
C004486,SME,India,2026-05-06,VERIFIED
C004487,Consumer,UAE,2024-01-03,VERIFIED
C004488,Consumer,India,2025-10-31,PENDING
C004489,SME,India,2026-05-29,VERIFIED
C004490,Consumer,India,2025-03-02,VERIFIED
C004491,Consumer,UAE,2024-01-04,VERIFIED
C004492,SME,UAE,2025-09-10,VERIFIED
C004493,Consumer,Singapore,2026-03-18,REJECTED
C004494,SME,India,2026-02-22,VERIFIED
C004495,SME,India,2025-05-17,VERIFIED
C004496,Consumer,India,2024-08-19,VERIFIED
C004497,Consumer,UAE,2026-05-22,VERIFIED
C004498,Consumer,UAE,2026-01-19,VERIFIED
C004499,Consumer,India,2024-03-12,PENDING
C004500,Consumer,Singapore,2024-03-28,PENDING
C004501,Consumer,India,2025-06-11,VERIFIED
C004502,Consumer,India,2025-08-25,VERIFIED
C004503,Consumer,Singapore,2025-03-25,VERIFIED
C004504,Consumer,India,2025-03-14,VERIFIED
C004505,Consumer,India,2025-06-15,REJECTED
C004506,Consumer,India,2025-03-10,VERIFIED
C004507,SME,Singapore,2025-12-24,VERIFIED
C004508,Consumer,UAE,2024-03-24,VERIFIED
C004509,Consumer,UAE,2024-12-04,VERIFIED
C004510,Enterprise,Singapore,2024-05-05,VERIFIED
C004511,Consumer,India,2025-07-16,VERIFIED
C004512,Consumer,India,2024-01-18,VERIFIED
C004513,Consumer,UAE,2026-04-28,VERIFIED
C004514,Consumer,Singapore,2026-05-14,VERIFIED
C004515,Consumer,Singapore,2025-09-20,VERIFIED
C004516,Consumer,Singapore,2025-09-27,VERIFIED
C004517,Consumer,UAE,2025-06-23,VERIFIED
C004518,SME,India,2024-12-10,VERIFIED
C004519,Consumer,India,2025-04-12,VERIFIED
C004520,Consumer,Singapore,2024-05-20,VERIFIED
C004521,SME,UAE,2024-01-06,VERIFIED
C004522,Consumer,Singapore,2025-10-30,VERIFIED
C004523,SME,India,2025-09-09,PENDING
C004524,Consumer,India,2025-09-22,VERIFIED
C004525,SME,Singapore,2025-10-10,VERIFIED
C004526,Consumer,Singapore,2025-06-24,PENDING
C004527,SME,Singapore,2025-11-08,PENDING
C004528,Enterprise,India,2024-03-05,VERIFIED
C004529,Consumer,UAE,2024-02-25,VERIFIED
C004530,Consumer,India,2026-03-08,VERIFIED
C004531,Consumer,Singapore,2026-05-31,VERIFIED
C004532,Consumer,India,2024-04-05,PENDING
C004533,Consumer,India,2024-08-02,VERIFIED
C004534,Consumer,UAE,2026-01-12,VERIFIED
C004535,Consumer,India,2024-02-27,VERIFIED
C004536,Consumer,India,2025-05-06,VERIFIED
C004537,Consumer,India,2025-02-08,VERIFIED
C004538,Consumer,Singapore,2024-07-02,VERIFIED
C004539,Consumer,India,2024-10-08,VERIFIED
C004540,Consumer,India,2026-02-21,REJECTED
C004541,Consumer,UAE,2025-12-21,REJECTED
C004542,Consumer,India,2024-06-11,VERIFIED
C004543,Consumer,India,2024-03-29,PENDING
C004544,Consumer,India,2026-02-21,VERIFIED
C004545,Consumer,UAE,2024-04-06,VERIFIED
C004546,SME,India,2025-08-09,VERIFIED
C004547,Consumer,Singapore,2024-03-28,VERIFIED
C004548,SME,India,2025-06-01,VERIFIED
C004549,SME,UAE,2025-10-29,VERIFIED
C004550,SME,Singapore,2024-03-03,PENDING
C004551,Enterprise,Singapore,2025-06-24,VERIFIED
C004552,Consumer,India,2026-03-26,REJECTED
C004553,Consumer,UAE,2024-07-09,VERIFIED
C004554,SME,India,2025-12-16,VERIFIED
C004555,Consumer,UAE,2024-10-04,VERIFIED
C004556,Consumer,India,2025-06-22,VERIFIED
C004557,SME,Singapore,2024-03-25,VERIFIED
C004558,SME,India,2024-11-30,VERIFIED
C004559,Enterprise,Singapore,2025-03-16,VERIFIED
C004560,Enterprise,India,2025-12-22,VERIFIED
C004561,SME,India,2025-10-11,VERIFIED
C004562,Consumer,India,2026-02-28,VERIFIED
C004563,SME,India,2024-06-20,VERIFIED
C004564,Consumer,India,2026-05-01,PENDING
C004565,Consumer,India,2024-12-04,VERIFIED
C004566,SME,UAE,2025-10-29,VERIFIED
C004567,Consumer,India,2024-08-16,VERIFIED
C004568,Consumer,Singapore,2026-03-28,VERIFIED
C004569,Consumer,India,2024-06-27,VERIFIED
C004570,SME,Singapore,2024-09-03,VERIFIED
C004571,Consumer,India,2025-11-04,VERIFIED
C004572,SME,UAE,2025-11-05,VERIFIED
C004573,Consumer,UAE,2025-12-30,VERIFIED
C004574,SME,India,2024-11-12,VERIFIED
C004575,SME,Singapore,2024-10-12,VERIFIED
C004576,Consumer,India,2024-03-16,VERIFIED
C004577,Consumer,India,2025-03-27,VERIFIED
C004578,Consumer,India,2024-07-22,VERIFIED
C004579,Enterprise,India,2025-12-28,VERIFIED
C004580,SME,India,2025-02-27,VERIFIED
C004581,Enterprise,Singapore,2026-01-04,VERIFIED
C004582,Consumer,India,2024-07-11,VERIFIED
C004583,SME,Singapore,2024-10-19,VERIFIED
C004584,SME,India,2025-12-04,VERIFIED
C004585,SME,India,2026-02-19,VERIFIED
C004586,Enterprise,Singapore,2025-02-16,VERIFIED
C004587,Consumer,UAE,2025-03-14,VERIFIED
C004588,Consumer,UAE,2024-10-27,VERIFIED
C004589,SME,India,2024-09-16,VERIFIED
C004590,SME,Singapore,2024-07-10,VERIFIED
C004591,Consumer,Singapore,2024-09-27,VERIFIED
C004592,Consumer,India,2025-09-07,VERIFIED
C004593,Consumer,India,2025-03-07,VERIFIED
C004594,Consumer,India,2025-12-16,REJECTED
C004595,Consumer,India,2025-11-26,VERIFIED
C004596,SME,India,2024-08-04,VERIFIED
C004597,SME,UAE,2024-03-31,VERIFIED
C004598,Consumer,India,2024-07-16,VERIFIED
C004599,Consumer,Singapore,2025-02-02,VERIFIED
C004600,Consumer,Singapore,2024-02-08,VERIFIED
C004601,Consumer,India,2025-12-09,VERIFIED
C004602,SME,India,2025-04-15,VERIFIED
C004603,Enterprise,India,2024-03-19,VERIFIED
C004604,Consumer,Singapore,2025-12-29,VERIFIED
C004605,SME,UAE,2026-04-07,VERIFIED
C004606,SME,India,2024-04-03,VERIFIED
C004607,SME,UAE,2025-11-14,VERIFIED
C004608,Consumer,India,2024-02-12,VERIFIED
C004609,Enterprise,Singapore,2024-05-11,VERIFIED
C004610,Consumer,Singapore,2024-03-17,VERIFIED
C004611,Consumer,India,2024-08-19,VERIFIED
C004612,Consumer,India,2024-02-08,VERIFIED
C004613,Consumer,India,2025-07-19,VERIFIED
C004614,Consumer,India,2024-05-30,VERIFIED
C004615,Consumer,Singapore,2025-11-30,VERIFIED
C004616,Consumer,India,2025-02-22,VERIFIED
C004617,SME,Singapore,2026-04-01,VERIFIED
C004618,SME,India,2024-07-04,PENDING
C004619,Consumer,Singapore,2024-11-13,VERIFIED
C004620,SME,Singapore,2025-04-08,PENDING
C004621,SME,Singapore,2025-03-07,VERIFIED
C004622,SME,India,2024-05-14,VERIFIED
C004623,Consumer,India,2025-05-17,VERIFIED
C004624,SME,Singapore,2025-11-15,VERIFIED
C004625,Enterprise,India,2024-09-25,VERIFIED
C004626,SME,India,2025-03-12,VERIFIED
C004627,Consumer,India,2025-09-18,VERIFIED
C004628,Consumer,Singapore,2025-05-12,VERIFIED
C004629,SME,Singapore,2026-01-02,VERIFIED
C004630,Consumer,Singapore,2025-07-04,VERIFIED
C004631,Consumer,India,2024-12-05,VERIFIED
C004632,Consumer,India,2024-08-29,VERIFIED
C004633,SME,UAE,2024-08-08,VERIFIED
C004634,SME,India,2025-10-19,VERIFIED
C004635,Consumer,India,2025-11-06,VERIFIED
C004636,Enterprise,Singapore,2024-12-26,VERIFIED
C004637,Consumer,India,2026-05-29,VERIFIED
C004638,SME,India,2026-04-19,VERIFIED
C004639,SME,India,2026-02-09,VERIFIED
C004640,SME,India,2024-07-08,VERIFIED
C004641,Enterprise,India,2025-02-16,VERIFIED
C004642,Consumer,UAE,2024-11-24,VERIFIED
C004643,SME,India,2026-02-14,PENDING
C004644,Consumer,India,2024-08-09,VERIFIED
C004645,SME,Singapore,2026-04-23,VERIFIED
C004646,SME,UAE,2025-11-16,VERIFIED
C004647,SME,India,2024-04-01,VERIFIED
C004648,Consumer,UAE,2025-03-15,VERIFIED
C004649,SME,Singapore,2024-04-15,VERIFIED
C004650,Consumer,India,2024-09-01,PENDING
C004651,Consumer,India,2024-10-31,VERIFIED
C004652,SME,India,2025-07-08,VERIFIED
C004653,Consumer,Singapore,2026-02-08,VERIFIED
C004654,SME,India,2026-04-12,VERIFIED
C004655,Consumer,India,2025-08-20,VERIFIED
C004656,Consumer,Singapore,2024-04-06,PENDING
C004657,SME,India,2025-04-21,VERIFIED
C004658,Consumer,UAE,2024-09-22,VERIFIED
C004659,Consumer,UAE,2025-07-28,VERIFIED
C004660,SME,India,2024-04-12,VERIFIED
C004661,Consumer,UAE,2024-09-10,VERIFIED
C004662,Consumer,India,2025-03-30,VERIFIED
C004663,Consumer,India,2026-04-08,VERIFIED
C004664,SME,India,2025-05-27,VERIFIED
C004665,SME,Singapore,2025-10-27,VERIFIED
C004666,SME,Singapore,2025-05-07,VERIFIED
C004667,Consumer,India,2024-09-17,VERIFIED
C004668,SME,India,2024-02-04,VERIFIED
C004669,SME,India,2025-01-15,VERIFIED
C004670,SME,UAE,2025-01-31,VERIFIED
C004671,Consumer,UAE,2024-01-27,VERIFIED
C004672,SME,Singapore,2026-05-11,VERIFIED
C004673,SME,Singapore,2024-11-01,VERIFIED
C004674,Consumer,Singapore,2026-01-05,VERIFIED
C004675,Consumer,India,2025-11-29,VERIFIED
C004676,SME,India,2025-11-01,VERIFIED
C004677,Consumer,Singapore,2025-08-03,VERIFIED
C004678,Enterprise,India,2024-06-13,VERIFIED
C004679,SME,India,2024-09-14,VERIFIED
C004680,SME,UAE,2024-04-11,VERIFIED
C004681,Consumer,UAE,2025-03-30,VERIFIED
C004682,Consumer,India,2024-07-11,VERIFIED
C004683,Enterprise,Singapore,2026-02-09,VERIFIED
C004684,Consumer,UAE,2026-03-20,VERIFIED
C004685,SME,India,2024-10-25,VERIFIED
C004686,Consumer,India,2024-01-21,VERIFIED
C004687,Consumer,India,2024-02-14,VERIFIED
C004688,Consumer,India,2025-04-24,VERIFIED
C004689,Consumer,UAE,2025-05-10,VERIFIED
C004690,Enterprise,India,2026-02-26,VERIFIED
C004691,Consumer,India,2025-11-13,VERIFIED
C004692,Consumer,India,2025-11-20,PENDING
C004693,Consumer,India,2024-08-10,VERIFIED
C004694,Consumer,India,2024-10-25,VERIFIED
C004695,Consumer,Singapore,2025-04-25,VERIFIED
C004696,SME,India,2024-01-24,VERIFIED
C004697,Consumer,Singapore,2024-12-03,VERIFIED
C004698,Consumer,Singapore,2024-03-24,VERIFIED
C004699,Consumer,India,2024-02-29,VERIFIED
C004700,Enterprise,Singapore,2024-10-14,VERIFIED
C004701,Consumer,Singapore,2025-09-25,PENDING
C004702,Consumer,India,2025-05-31,VERIFIED
C004703,SME,India,2024-06-02,VERIFIED
C004704,Consumer,Singapore,2024-10-07,VERIFIED
C004705,Consumer,UAE,2025-03-09,VERIFIED
C004706,Consumer,India,2024-12-07,VERIFIED
C004707,SME,India,2024-03-26,VERIFIED
C004708,Consumer,India,2025-08-09,PENDING
C004709,SME,India,2026-02-17,VERIFIED
C004710,SME,India,2024-07-09,VERIFIED
C004711,Consumer,India,2024-09-08,VERIFIED
C004712,Consumer,India,2024-03-08,VERIFIED
C004713,Consumer,India,2026-05-14,VERIFIED
C004714,SME,India,2024-05-25,VERIFIED
C004715,Consumer,India,2026-05-25,VERIFIED
C004716,Consumer,India,2025-09-25,VERIFIED
C004717,Consumer,India,2025-07-07,VERIFIED
C004718,Enterprise,UAE,2026-04-07,VERIFIED
C004719,Consumer,UAE,2025-10-23,VERIFIED
C004720,Enterprise,India,2025-07-27,VERIFIED
C004721,Consumer,India,2024-09-11,VERIFIED
C004722,Consumer,India,2024-05-10,VERIFIED
C004723,Consumer,India,2026-04-18,VERIFIED
C004724,Consumer,India,2025-01-11,PENDING
C004725,Consumer,India,2025-06-15,VERIFIED
C004726,Consumer,Singapore,2024-07-17,PENDING
C004727,Enterprise,India,2026-04-18,PENDING
C004728,SME,India,2024-08-08,VERIFIED
C004729,SME,Singapore,2025-02-13,VERIFIED
C004730,Consumer,Singapore,2025-10-04,VERIFIED
C004731,Consumer,India,2024-06-19,VERIFIED
C004732,Consumer,India,2024-05-24,VERIFIED
C004733,SME,India,2025-05-02,VERIFIED
C004734,Enterprise,India,2026-05-01,VERIFIED
C004735,Consumer,India,2024-12-19,REJECTED
C004736,Consumer,India,2024-06-29,VERIFIED
C004737,Consumer,India,2024-06-09,PENDING
C004738,Consumer,Singapore,2025-04-08,VERIFIED
C004739,Consumer,Singapore,2024-02-29,VERIFIED
C004740,Consumer,India,2024-08-02,VERIFIED
C004741,SME,India,2025-08-02,VERIFIED
C004742,Consumer,India,2026-05-22,VERIFIED
C004743,Consumer,India,2024-07-10,REJECTED
C004744,Enterprise,India,2025-05-02,VERIFIED
C004745,Consumer,UAE,2024-08-12,VERIFIED
C004746,Consumer,Singapore,2025-01-26,VERIFIED
C004747,Consumer,UAE,2025-12-09,VERIFIED
C004748,Consumer,Singapore,2024-06-09,PENDING
C004749,Consumer,UAE,2026-01-30,VERIFIED
C004750,SME,Singapore,2025-03-30,VERIFIED
C004751,Consumer,UAE,2024-04-20,VERIFIED
C004752,Consumer,India,2024-02-28,PENDING
C004753,SME,India,2025-06-28,VERIFIED
C004754,Consumer,India,2025-07-06,VERIFIED
C004755,SME,UAE,2025-11-03,VERIFIED
C004756,SME,India,2024-01-29,PENDING
C004757,Consumer,India,2026-02-05,VERIFIED
C004758,SME,India,2024-07-03,VERIFIED
C004759,Consumer,Singapore,2026-05-22,VERIFIED
C004760,Enterprise,India,2024-08-11,VERIFIED
C004761,Consumer,Singapore,2024-12-22,VERIFIED
C004762,Enterprise,UAE,2025-05-06,VERIFIED
C004763,SME,UAE,2026-01-02,VERIFIED
C004764,Consumer,India,2026-04-11,VERIFIED
C004765,Consumer,India,2025-08-20,VERIFIED
C004766,Enterprise,India,2025-07-31,PENDING
C004767,SME,India,2024-04-23,VERIFIED
C004768,Consumer,India,2025-01-12,VERIFIED
C004769,SME,Singapore,2026-02-15,VERIFIED
C004770,Consumer,India,2024-10-11,VERIFIED
C004771,Consumer,UAE,2024-04-06,VERIFIED
C004772,Consumer,UAE,2026-04-21,VERIFIED
C004773,Consumer,India,2024-05-03,VERIFIED
C004774,SME,UAE,2024-06-04,VERIFIED
C004775,Consumer,Singapore,2024-04-19,VERIFIED
C004776,SME,India,2024-02-22,VERIFIED
C004777,Consumer,India,2024-06-22,VERIFIED
C004778,Consumer,India,2025-11-09,VERIFIED
C004779,Consumer,India,2025-08-10,REJECTED
C004780,Consumer,Singapore,2024-11-09,VERIFIED
C004781,Consumer,India,2025-12-26,VERIFIED
C004782,Consumer,Singapore,2025-11-24,VERIFIED
C004783,Consumer,India,2025-01-24,VERIFIED
C004784,Consumer,India,2024-02-14,VERIFIED
C004785,Consumer,India,2025-10-24,VERIFIED
C004786,Consumer,India,2024-04-26,VERIFIED
C004787,SME,India,2024-05-01,VERIFIED
C004788,Enterprise,India,2025-04-26,VERIFIED
C004789,Consumer,UAE,2024-06-18,VERIFIED
C004790,Consumer,Singapore,2025-11-08,VERIFIED
C004791,Consumer,India,2025-02-03,VERIFIED
C004792,Enterprise,India,2026-04-21,VERIFIED
C004793,Consumer,India,2025-10-22,VERIFIED
C004794,Consumer,India,2025-05-14,VERIFIED
C004795,Consumer,Singapore,2024-03-14,VERIFIED
C004796,Consumer,Singapore,2024-05-28,VERIFIED
C004797,Consumer,Singapore,2025-06-20,VERIFIED
C004798,SME,India,2024-03-01,PENDING
C004799,Consumer,UAE,2026-05-15,VERIFIED
C004800,SME,India,2024-02-23,VERIFIED
C004801,Consumer,UAE,2024-08-10,VERIFIED
C004802,Consumer,India,2025-12-31,REJECTED
C004803,Enterprise,India,2025-04-17,PENDING
C004804,Consumer,Singapore,2024-11-11,VERIFIED
C004805,SME,India,2024-06-18,VERIFIED
C004806,Consumer,Singapore,2025-12-01,VERIFIED
C004807,Consumer,Singapore,2024-02-01,VERIFIED
C004808,Enterprise,India,2024-02-22,VERIFIED
C004809,Consumer,Singapore,2024-05-18,VERIFIED
C004810,SME,India,2025-01-08,VERIFIED
C004811,Consumer,India,2024-02-16,VERIFIED
C004812,SME,UAE,2024-03-30,VERIFIED
C004813,Consumer,UAE,2026-04-07,VERIFIED
C004814,Consumer,India,2024-02-05,VERIFIED
C004815,SME,India,2024-08-12,VERIFIED
C004816,Enterprise,India,2025-07-07,VERIFIED
C004817,Enterprise,Singapore,2026-01-09,VERIFIED
C004818,SME,UAE,2024-09-25,PENDING
C004819,SME,India,2024-07-04,VERIFIED
C004820,Consumer,Singapore,2025-01-05,VERIFIED
C004821,Consumer,India,2026-05-18,VERIFIED
C004822,Consumer,India,2024-08-22,VERIFIED
C004823,Consumer,UAE,2024-05-01,VERIFIED
C004824,Consumer,India,2025-02-27,VERIFIED
C004825,Consumer,India,2026-04-12,VERIFIED
C004826,Consumer,Singapore,2025-01-23,VERIFIED
C004827,SME,India,2024-04-26,VERIFIED
C004828,Consumer,India,2025-04-10,VERIFIED
C004829,Consumer,UAE,2025-03-04,PENDING
C004830,Consumer,Singapore,2026-05-18,VERIFIED
C004831,SME,UAE,2025-03-17,VERIFIED
C004832,SME,India,2024-02-08,VERIFIED
C004833,SME,India,2024-06-10,VERIFIED
C004834,Consumer,UAE,2025-09-12,VERIFIED
C004835,Consumer,India,2025-06-09,VERIFIED
C004836,Consumer,India,2024-06-14,VERIFIED
C004837,Consumer,India,2026-05-23,VERIFIED
C004838,Consumer,India,2025-03-20,VERIFIED
C004839,Consumer,India,2025-03-18,VERIFIED
C004840,Consumer,UAE,2024-11-26,VERIFIED
C004841,Enterprise,UAE,2024-11-30,VERIFIED
C004842,Enterprise,India,2024-04-21,VERIFIED
C004843,Consumer,Singapore,2026-01-15,VERIFIED
C004844,Consumer,UAE,2025-12-14,VERIFIED
C004845,Consumer,Singapore,2026-04-14,VERIFIED
C004846,Consumer,India,2024-05-18,VERIFIED
C004847,Enterprise,India,2026-02-17,VERIFIED
C004848,Consumer,India,2026-02-22,VERIFIED
C004849,SME,India,2024-06-14,VERIFIED
C004850,Consumer,India,2025-02-17,VERIFIED
C004851,Enterprise,India,2024-06-17,VERIFIED
C004852,Consumer,India,2026-02-07,VERIFIED
C004853,SME,India,2024-05-03,REJECTED
C004854,Consumer,India,2025-07-03,VERIFIED
C004855,Consumer,India,2026-05-31,VERIFIED
C004856,Consumer,Singapore,2026-01-30,VERIFIED
C004857,Consumer,India,2026-01-18,VERIFIED
C004858,Enterprise,UAE,2024-04-07,PENDING
C004859,Enterprise,UAE,2024-02-29,REJECTED
C004860,SME,Singapore,2024-01-19,PENDING
C004861,Consumer,Singapore,2024-05-03,VERIFIED
C004862,SME,UAE,2024-08-13,VERIFIED
C004863,Consumer,India,2025-09-03,VERIFIED
C004864,Consumer,UAE,2024-11-19,VERIFIED
C004865,Consumer,Singapore,2024-01-17,VERIFIED
C004866,SME,Singapore,2026-01-29,VERIFIED
C004867,Consumer,India,2024-03-20,VERIFIED
C004868,Consumer,India,2025-08-19,VERIFIED
C004869,Consumer,Singapore,2026-05-09,VERIFIED
C004870,SME,Singapore,2025-03-31,PENDING
C004871,Consumer,Singapore,2025-06-24,VERIFIED
C004872,Consumer,India,2025-10-07,VERIFIED
C004873,Consumer,India,2025-12-06,VERIFIED
C004874,Consumer,India,2025-09-22,VERIFIED
C004875,Consumer,India,2025-01-12,VERIFIED
C004876,SME,India,2026-05-28,VERIFIED
C004877,Consumer,India,2024-07-09,VERIFIED
C004878,SME,India,2025-10-26,VERIFIED
C004879,Consumer,India,2026-05-04,VERIFIED
C004880,SME,India,2025-05-05,VERIFIED
C004881,Consumer,UAE,2025-02-08,VERIFIED
C004882,Consumer,Singapore,2024-09-28,VERIFIED
C004883,SME,Singapore,2025-10-05,VERIFIED
C004884,Consumer,India,2026-05-24,VERIFIED
C004885,Consumer,Singapore,2025-03-05,VERIFIED
C004886,SME,India,2025-06-03,VERIFIED
C004887,Consumer,UAE,2025-10-07,PENDING
C004888,SME,Singapore,2025-01-18,VERIFIED
C004889,Consumer,India,2026-03-31,VERIFIED
C004890,SME,UAE,2024-07-10,VERIFIED
C004891,Consumer,India,2025-08-25,VERIFIED
C004892,Consumer,India,2025-03-10,VERIFIED
C004893,Consumer,Singapore,2026-01-30,VERIFIED
C004894,Consumer,India,2026-02-02,VERIFIED
C004895,Consumer,India,2024-03-03,PENDING
C004896,Consumer,Singapore,2024-08-03,VERIFIED
C004897,Consumer,India,2024-05-13,VERIFIED
C004898,Consumer,Singapore,2025-09-10,VERIFIED
C004899,Consumer,UAE,2024-06-09,VERIFIED
C004900,Enterprise,India,2024-09-14,VERIFIED
C004901,Consumer,India,2025-02-28,VERIFIED
C004902,Consumer,India,2025-06-11,VERIFIED
C004903,Consumer,India,2024-12-23,VERIFIED
C004904,Consumer,India,2025-01-09,VERIFIED
C004905,Enterprise,India,2025-07-24,VERIFIED
C004906,Consumer,India,2024-01-09,VERIFIED
C004907,Enterprise,India,2024-07-15,VERIFIED
C004908,Consumer,Singapore,2024-04-26,VERIFIED
C004909,SME,UAE,2024-01-10,VERIFIED
C004910,Consumer,Singapore,2026-05-11,VERIFIED
C004911,SME,India,2025-06-02,VERIFIED
C004912,Consumer,India,2024-12-14,VERIFIED
C004913,Consumer,Singapore,2025-12-06,VERIFIED
C004914,Consumer,India,2025-02-07,VERIFIED
C004915,Consumer,India,2025-09-26,VERIFIED
C004916,Enterprise,UAE,2025-07-28,VERIFIED
C004917,Consumer,India,2024-01-04,VERIFIED
C004918,Consumer,India,2026-03-06,VERIFIED
C004919,SME,UAE,2024-11-23,VERIFIED
C004920,Consumer,UAE,2026-01-31,VERIFIED
C004921,Enterprise,India,2025-05-26,REJECTED
C004922,SME,India,2024-05-09,VERIFIED
C004923,Consumer,India,2025-08-09,VERIFIED
C004924,SME,Singapore,2025-04-28,VERIFIED
C004925,Consumer,India,2026-04-20,VERIFIED
C004926,Consumer,Singapore,2024-12-23,REJECTED
C004927,Consumer,UAE,2025-01-19,VERIFIED
C004928,Consumer,India,2024-09-10,VERIFIED
C004929,SME,UAE,2026-04-14,VERIFIED
C004930,Enterprise,UAE,2024-06-15,VERIFIED
C004931,Consumer,India,2025-12-13,VERIFIED
C004932,Consumer,Singapore,2025-11-10,VERIFIED
C004933,Enterprise,India,2026-03-06,VERIFIED
C004934,Consumer,Singapore,2025-04-13,VERIFIED
C004935,Consumer,Singapore,2026-05-09,VERIFIED
C004936,Consumer,India,2025-05-07,VERIFIED
C004937,Enterprise,Singapore,2024-12-03,VERIFIED
C004938,Consumer,Singapore,2024-02-20,VERIFIED
C004939,SME,India,2024-02-25,VERIFIED
C004940,SME,India,2024-03-13,VERIFIED
C004941,Consumer,India,2026-03-04,VERIFIED
C004942,Consumer,India,2025-08-22,VERIFIED
C004943,SME,UAE,2024-02-21,REJECTED
C004944,Consumer,UAE,2024-05-04,VERIFIED
C004945,SME,India,2024-09-18,VERIFIED
C004946,Enterprise,India,2026-02-18,VERIFIED
C004947,Consumer,India,2025-07-28,VERIFIED
C004948,SME,India,2025-07-01,VERIFIED
C004949,SME,India,2025-06-04,VERIFIED
C004950,SME,India,2024-11-25,VERIFIED
C004951,Consumer,India,2024-11-18,VERIFIED
C004952,Consumer,UAE,2024-08-28,VERIFIED
C004953,Consumer,Singapore,2024-10-11,VERIFIED
C004954,SME,Singapore,2026-04-18,VERIFIED
C004955,Consumer,India,2025-08-24,VERIFIED
C004956,SME,UAE,2024-09-20,VERIFIED
C004957,Consumer,Singapore,2024-10-25,VERIFIED
C004958,SME,UAE,2024-07-23,VERIFIED
C004959,Consumer,India,2024-10-17,VERIFIED
C004960,SME,India,2024-07-29,VERIFIED
C004961,Consumer,India,2024-12-31,VERIFIED
C004962,Consumer,India,2026-02-28,VERIFIED
C004963,Consumer,Singapore,2025-04-08,VERIFIED
C004964,SME,UAE,2025-12-19,VERIFIED
C004965,Consumer,India,2024-11-17,PENDING
C004966,Consumer,India,2024-12-23,REJECTED
C004967,Enterprise,Singapore,2024-04-03,VERIFIED
C004968,SME,India,2025-12-11,VERIFIED
C004969,Enterprise,Singapore,2026-05-12,VERIFIED
C004970,Consumer,Singapore,2024-06-17,VERIFIED
C004971,Consumer,India,2024-10-23,REJECTED
C004972,SME,Singapore,2026-01-08,VERIFIED
C004973,Consumer,India,2025-05-30,VERIFIED
C004974,SME,UAE,2024-04-07,PENDING
C004975,Consumer,Singapore,2025-12-05,VERIFIED
C004976,Consumer,UAE,2026-02-16,VERIFIED
C004977,Consumer,India,2024-12-15,VERIFIED
C004978,Consumer,India,2026-01-05,VERIFIED
C004979,Consumer,India,2025-08-01,VERIFIED
C004980,Consumer,India,2025-10-11,PENDING
C004981,Enterprise,UAE,2026-04-20,PENDING
C004982,Consumer,India,2025-02-04,VERIFIED
C004983,SME,UAE,2026-01-20,VERIFIED
C004984,SME,India,2025-03-26,VERIFIED
C004985,Consumer,India,2025-04-19,VERIFIED
C004986,Consumer,UAE,2026-03-31,VERIFIED
C004987,SME,India,2025-02-22,VERIFIED
C004988,Consumer,Singapore,2024-01-04,PENDING
C004989,SME,India,2024-11-19,PENDING
C004990,SME,UAE,2025-01-03,VERIFIED
C004991,Enterprise,India,2026-05-13,VERIFIED
C004992,Consumer,Singapore,2025-09-05,VERIFIED
C004993,Consumer,India,2025-01-29,VERIFIED
C004994,SME,India,2025-07-09,VERIFIED
C004995,Consumer,UAE,2024-04-28,VERIFIED
C004996,SME,UAE,2025-11-30,VERIFIED
C004997,Consumer,India,2026-01-12,VERIFIED
C004998,Consumer,India,2024-07-08,VERIFIED
C004999,SME,India,2025-09-13,REJECTED
C005000,Consumer,India,2025-02-19,VERIFIED
C005001,Consumer,Singapore,2026-03-24,VERIFIED
C005002,Consumer,India,2026-03-01,VERIFIED
C005003,SME,India,2024-04-15,VERIFIED
C005004,Consumer,Singapore,2024-06-13,VERIFIED
C005005,SME,India,2025-09-29,VERIFIED
C005006,Consumer,Singapore,2024-12-11,VERIFIED
C005007,SME,UAE,2024-04-07,VERIFIED
C005008,SME,India,2025-04-30,VERIFIED
C005009,Consumer,Singapore,2024-11-26,VERIFIED
C005010,Consumer,India,2025-01-04,VERIFIED
C005011,Consumer,India,2025-03-17,VERIFIED
C005012,SME,India,2024-04-29,VERIFIED
C005013,Consumer,India,2026-05-02,VERIFIED
C005014,SME,India,2024-10-25,VERIFIED
C005015,Consumer,India,2026-05-05,PENDING
C005016,Consumer,UAE,2024-05-22,VERIFIED
C005017,Consumer,Singapore,2025-12-07,VERIFIED
C005018,Consumer,UAE,2025-10-03,VERIFIED
C005019,Consumer,Singapore,2025-09-07,VERIFIED
C005020,SME,India,2024-04-02,VERIFIED
C005021,SME,India,2024-10-23,VERIFIED
C005022,Consumer,India,2025-03-22,VERIFIED
C005023,Enterprise,India,2025-04-24,VERIFIED
C005024,SME,Singapore,2026-01-03,VERIFIED
C005025,Enterprise,India,2025-12-12,VERIFIED
C005026,Consumer,India,2026-03-10,VERIFIED
C005027,Consumer,India,2026-05-23,VERIFIED
C005028,Consumer,India,2024-09-14,VERIFIED
C005029,SME,India,2025-06-05,VERIFIED
C005030,Consumer,India,2025-11-13,VERIFIED
C005031,Consumer,Singapore,2025-01-09,VERIFIED
C005032,Consumer,India,2025-03-02,VERIFIED
C005033,Consumer,Singapore,2024-04-10,VERIFIED
C005034,Consumer,India,2025-09-13,REJECTED
C005035,Consumer,India,2026-01-28,PENDING
C005036,Consumer,Singapore,2026-04-14,VERIFIED
C005037,Consumer,India,2024-08-31,VERIFIED
C005038,Enterprise,India,2024-01-23,PENDING
C005039,SME,UAE,2024-12-19,PENDING
C005040,Enterprise,India,2025-04-10,PENDING
C005041,SME,India,2024-08-12,VERIFIED
C005042,Consumer,Singapore,2026-05-14,VERIFIED
C005043,Consumer,Singapore,2025-03-19,VERIFIED
C005044,SME,India,2026-02-12,VERIFIED
C005045,Consumer,India,2024-09-25,VERIFIED
C005046,Consumer,UAE,2025-06-16,REJECTED
C005047,Consumer,India,2024-11-09,VERIFIED
C005048,Consumer,India,2024-04-29,PENDING
C005049,Consumer,India,2025-04-25,VERIFIED
C005050,Consumer,UAE,2024-04-29,VERIFIED
C005051,Consumer,India,2025-12-10,VERIFIED
C005052,SME,Singapore,2024-05-15,VERIFIED
C005053,Consumer,India,2024-03-17,VERIFIED
C005054,Consumer,India,2024-12-19,VERIFIED
C005055,Consumer,Singapore,2024-02-27,REJECTED
C005056,SME,UAE,2024-03-26,VERIFIED
C005057,Consumer,India,2024-01-01,VERIFIED
C005058,Consumer,India,2024-03-17,VERIFIED
C005059,Consumer,UAE,2025-06-05,VERIFIED
C005060,Consumer,Singapore,2025-03-19,VERIFIED
C005061,Enterprise,India,2025-08-03,VERIFIED
C005062,Enterprise,India,2024-05-27,VERIFIED
C005063,Consumer,Singapore,2025-07-27,VERIFIED
C005064,Consumer,Singapore,2025-06-08,VERIFIED
C005065,SME,UAE,2024-07-04,VERIFIED
C005066,Consumer,India,2025-11-07,VERIFIED
C005067,Consumer,India,2025-06-05,VERIFIED
C005068,Consumer,Singapore,2026-02-09,VERIFIED
C005069,Enterprise,India,2024-06-10,VERIFIED
C005070,Consumer,Singapore,2024-10-16,VERIFIED
C005071,Consumer,India,2025-02-24,PENDING
C005072,SME,India,2024-07-14,VERIFIED
C005073,Consumer,India,2024-02-03,VERIFIED
C005074,Consumer,Singapore,2025-11-02,VERIFIED
C005075,Enterprise,Singapore,2025-08-19,VERIFIED
C005076,Consumer,India,2025-07-23,VERIFIED
C005077,Consumer,India,2026-05-22,VERIFIED
C005078,Consumer,India,2025-02-11,VERIFIED
C005079,Consumer,Singapore,2026-02-15,VERIFIED
C005080,Consumer,India,2024-10-23,VERIFIED
C005081,Consumer,Singapore,2025-06-20,PENDING
C005082,Consumer,India,2024-02-05,VERIFIED
C005083,SME,India,2024-09-20,VERIFIED
C005084,Consumer,Singapore,2025-01-16,VERIFIED
C005085,Consumer,India,2024-04-23,VERIFIED
C005086,Consumer,India,2025-09-08,VERIFIED
C005087,SME,India,2025-08-27,VERIFIED
C005088,Consumer,India,2025-08-23,VERIFIED
C005089,Consumer,India,2025-03-18,VERIFIED
C005090,Consumer,India,2024-06-11,VERIFIED
C005091,Consumer,Singapore,2024-02-07,VERIFIED
C005092,Consumer,Singapore,2024-04-01,VERIFIED
C005093,SME,Singapore,2025-09-22,VERIFIED
C005094,Consumer,India,2025-12-23,VERIFIED
C005095,Consumer,Singapore,2025-11-02,VERIFIED
C005096,Consumer,India,2024-04-10,VERIFIED
C005097,SME,India,2026-05-30,VERIFIED
C005098,Consumer,Singapore,2025-05-21,VERIFIED
C005099,Consumer,UAE,2024-06-27,VERIFIED
C005100,Consumer,India,2024-10-10,VERIFIED
C005101,Consumer,UAE,2024-12-20,VERIFIED
C005102,Consumer,India,2024-10-23,VERIFIED
C005103,Consumer,India,2025-06-18,VERIFIED
C005104,Consumer,India,2025-05-02,VERIFIED
C005105,Consumer,Singapore,2024-10-05,REJECTED
C005106,Consumer,India,2025-06-27,VERIFIED
C005107,Consumer,UAE,2025-10-11,VERIFIED
C005108,Consumer,UAE,2025-08-15,PENDING
C005109,SME,Singapore,2024-12-20,VERIFIED
C005110,Enterprise,India,2024-11-14,VERIFIED
C005111,Enterprise,UAE,2024-07-13,VERIFIED
C005112,SME,UAE,2026-03-14,VERIFIED
C005113,Consumer,India,2024-04-02,VERIFIED
C005114,SME,Singapore,2025-03-08,VERIFIED
C005115,Consumer,India,2025-07-11,REJECTED
C005116,SME,Singapore,2024-01-27,VERIFIED
C005117,Consumer,India,2025-02-18,VERIFIED
C005118,Consumer,India,2024-06-10,VERIFIED
C005119,SME,India,2026-04-23,VERIFIED
C005120,Consumer,India,2024-04-10,VERIFIED
C005121,Consumer,Singapore,2025-11-29,VERIFIED
C005122,Enterprise,UAE,2025-04-17,VERIFIED
C005123,Consumer,UAE,2025-12-06,VERIFIED
C005124,Consumer,India,2024-06-06,VERIFIED
C005125,Enterprise,Singapore,2025-05-06,VERIFIED
C005126,Consumer,India,2024-01-09,PENDING
C005127,Consumer,Singapore,2024-07-30,VERIFIED
C005128,Consumer,India,2025-03-14,VERIFIED
C005129,Consumer,India,2026-04-03,VERIFIED
C005130,SME,Singapore,2025-11-09,PENDING
C005131,Consumer,India,2026-05-04,VERIFIED
C005132,Consumer,India,2026-02-24,VERIFIED
C005133,Consumer,UAE,2026-03-20,VERIFIED
C005134,Consumer,India,2024-04-20,VERIFIED
C005135,Enterprise,India,2026-04-20,VERIFIED
C005136,Consumer,India,2024-07-21,VERIFIED
C005137,Consumer,India,2026-01-29,VERIFIED
C005138,Consumer,India,2024-03-05,PENDING
C005139,SME,Singapore,2025-12-15,VERIFIED
C005140,Enterprise,India,2024-06-09,VERIFIED
C005141,Consumer,Singapore,2025-02-17,VERIFIED
C005142,Consumer,India,2025-10-06,VERIFIED
C005143,Consumer,India,2025-11-20,VERIFIED
C005144,SME,Singapore,2025-12-05,VERIFIED
C005145,Consumer,Singapore,2024-09-22,REJECTED
C005146,SME,Singapore,2025-07-25,VERIFIED
C005147,SME,UAE,2024-07-23,VERIFIED
C005148,SME,India,2025-10-28,VERIFIED
C005149,Consumer,India,2025-08-06,VERIFIED
C005150,Consumer,UAE,2024-06-04,VERIFIED
C005151,Consumer,India,2024-06-21,VERIFIED
C005152,Consumer,India,2024-11-03,VERIFIED
C005153,Enterprise,India,2025-03-25,VERIFIED
C005154,SME,Singapore,2024-03-02,VERIFIED
C005155,SME,India,2025-01-07,VERIFIED
C005156,Consumer,India,2025-04-04,VERIFIED
C005157,Consumer,India,2025-04-19,VERIFIED
C005158,SME,Singapore,2025-01-15,VERIFIED
C005159,Consumer,India,2025-12-17,VERIFIED
C005160,Consumer,India,2025-07-25,VERIFIED
C005161,Consumer,Singapore,2024-03-26,VERIFIED
C005162,Consumer,UAE,2024-05-22,REJECTED
C005163,Consumer,Singapore,2026-05-12,VERIFIED
C005164,Consumer,Singapore,2024-01-07,VERIFIED
C005165,Consumer,India,2024-10-21,VERIFIED
C005166,Enterprise,India,2025-11-21,VERIFIED
C005167,Consumer,India,2026-01-08,VERIFIED
C005168,Consumer,Singapore,2025-06-02,VERIFIED
C005169,Consumer,India,2025-10-13,VERIFIED
C005170,SME,UAE,2025-06-09,VERIFIED
C005171,Consumer,UAE,2024-02-03,VERIFIED
C005172,Consumer,India,2026-01-21,VERIFIED
C005173,Consumer,India,2024-11-24,VERIFIED
C005174,Consumer,India,2026-04-11,VERIFIED
C005175,Consumer,India,2025-08-31,PENDING
C005176,SME,India,2026-02-18,VERIFIED
C005177,SME,UAE,2025-09-29,PENDING
C005178,Consumer,India,2024-02-03,VERIFIED
C005179,Consumer,India,2026-03-05,VERIFIED
C005180,Enterprise,India,2025-02-09,VERIFIED
C005181,Consumer,UAE,2024-01-18,VERIFIED
C005182,SME,Singapore,2025-03-05,VERIFIED
C005183,Consumer,UAE,2025-03-03,REJECTED
C005184,Enterprise,UAE,2024-10-19,PENDING
C005185,SME,India,2025-08-02,VERIFIED
C005186,Enterprise,India,2026-01-18,VERIFIED
C005187,SME,India,2024-03-20,VERIFIED
C005188,Consumer,India,2024-03-26,VERIFIED
C005189,Enterprise,Singapore,2025-07-25,VERIFIED
C005190,Consumer,India,2024-02-17,VERIFIED
C005191,Consumer,India,2025-11-21,VERIFIED
C005192,SME,Singapore,2026-05-17,VERIFIED
C005193,SME,Singapore,2024-03-24,VERIFIED
C005194,Enterprise,Singapore,2025-08-29,VERIFIED
C005195,Consumer,India,2024-11-03,VERIFIED
C005196,SME,Singapore,2024-09-08,VERIFIED
C005197,SME,India,2025-04-25,VERIFIED
C005198,Consumer,India,2026-04-24,VERIFIED
C005199,Consumer,Singapore,2024-06-28,VERIFIED
C005200,Consumer,UAE,2025-08-18,VERIFIED
C005201,Consumer,India,2024-11-05,VERIFIED
C005202,Enterprise,India,2025-03-01,VERIFIED
C005203,SME,India,2025-04-30,VERIFIED
C005204,SME,India,2025-10-23,VERIFIED
C005205,Enterprise,UAE,2024-02-08,VERIFIED
C005206,Consumer,India,2024-10-05,VERIFIED
C005207,SME,Singapore,2026-03-26,VERIFIED
C005208,Consumer,Singapore,2025-09-16,VERIFIED
C005209,SME,Singapore,2025-01-10,VERIFIED
C005210,Consumer,India,2025-09-30,VERIFIED
C005211,Enterprise,India,2024-02-10,VERIFIED
C005212,Consumer,India,2025-10-31,VERIFIED
C005213,Consumer,India,2025-12-18,PENDING
C005214,SME,India,2024-02-16,VERIFIED
C005215,Consumer,UAE,2025-04-28,VERIFIED
C005216,Consumer,India,2024-07-03,VERIFIED
C005217,Consumer,Singapore,2024-03-12,VERIFIED
C005218,SME,India,2025-07-22,VERIFIED
C005219,Consumer,Singapore,2026-01-20,VERIFIED
C005220,Consumer,UAE,2025-07-27,VERIFIED
C005221,Consumer,India,2024-12-07,VERIFIED
C005222,Consumer,UAE,2025-07-22,VERIFIED
C005223,Consumer,Singapore,2024-08-30,VERIFIED
C005224,Consumer,Singapore,2024-11-23,VERIFIED
C005225,Consumer,Singapore,2025-09-27,VERIFIED
C005226,Consumer,India,2024-06-01,VERIFIED
C005227,Consumer,India,2024-09-11,VERIFIED
C005228,SME,India,2025-12-29,VERIFIED
C005229,Consumer,India,2025-02-27,VERIFIED
C005230,Consumer,UAE,2024-08-19,VERIFIED
C005231,SME,Singapore,2025-06-12,VERIFIED
C005232,Consumer,India,2025-08-14,VERIFIED
C005233,SME,UAE,2025-05-10,VERIFIED
C005234,Consumer,Singapore,2024-06-24,VERIFIED
C005235,Consumer,India,2025-07-04,VERIFIED
C005236,Consumer,India,2024-05-22,VERIFIED
C005237,SME,India,2024-01-17,VERIFIED
C005238,SME,UAE,2024-09-05,PENDING
C005239,Consumer,UAE,2024-02-04,VERIFIED
C005240,Consumer,India,2026-03-11,PENDING
C005241,Enterprise,India,2024-05-25,VERIFIED
C005242,Consumer,Singapore,2025-12-27,VERIFIED
C005243,Consumer,UAE,2024-06-13,VERIFIED
C005244,Enterprise,Singapore,2024-04-20,VERIFIED
C005245,SME,Singapore,2025-10-08,PENDING
C005246,Consumer,India,2024-03-14,VERIFIED
C005247,SME,India,2025-10-29,VERIFIED
C005248,SME,India,2025-12-27,PENDING
C005249,Consumer,Singapore,2024-12-19,REJECTED
C005250,Consumer,India,2024-09-30,VERIFIED
C005251,Consumer,UAE,2024-10-05,VERIFIED
C005252,Enterprise,India,2025-10-21,VERIFIED
C005253,SME,UAE,2024-01-31,VERIFIED
C005254,Consumer,India,2025-06-09,REJECTED
C005255,SME,India,2025-06-18,VERIFIED
C005256,Consumer,Singapore,2025-05-24,VERIFIED
C005257,Consumer,India,2025-05-28,VERIFIED
C005258,Consumer,UAE,2024-06-26,VERIFIED
C005259,Consumer,India,2024-11-24,VERIFIED
C005260,SME,India,2025-07-24,VERIFIED
C005261,Consumer,UAE,2026-03-11,VERIFIED
C005262,SME,UAE,2025-11-18,VERIFIED
C005263,Consumer,India,2024-06-20,VERIFIED
C005264,Consumer,UAE,2025-01-30,VERIFIED
C005265,Enterprise,India,2025-08-17,VERIFIED
C005266,Consumer,India,2026-01-04,VERIFIED
C005267,Consumer,Singapore,2024-02-04,VERIFIED
C005268,Consumer,India,2024-10-23,VERIFIED
C005269,SME,India,2025-04-13,VERIFIED
C005270,Consumer,India,2025-05-09,VERIFIED
C005271,Consumer,India,2025-09-13,VERIFIED
C005272,Consumer,UAE,2024-08-22,VERIFIED
C005273,Consumer,Singapore,2024-02-08,VERIFIED
C005274,SME,UAE,2024-08-06,VERIFIED
C005275,Consumer,Singapore,2024-08-04,VERIFIED
C005276,Consumer,India,2025-12-06,VERIFIED
C005277,Consumer,India,2025-11-05,VERIFIED
C005278,Consumer,India,2025-09-19,VERIFIED
C005279,Enterprise,UAE,2026-04-19,VERIFIED
C005280,Consumer,India,2025-11-03,VERIFIED
C005281,Enterprise,India,2025-08-23,VERIFIED
C005282,Consumer,UAE,2025-02-23,VERIFIED
C005283,Consumer,Singapore,2025-10-14,VERIFIED
C005284,SME,India,2026-04-03,PENDING
C005285,Consumer,India,2024-06-22,VERIFIED
C005286,SME,UAE,2025-12-13,VERIFIED
C005287,Enterprise,UAE,2026-05-16,VERIFIED
C005288,Consumer,India,2026-03-24,VERIFIED
C005289,Consumer,India,2026-05-17,VERIFIED
C005290,SME,UAE,2024-04-22,VERIFIED
C005291,Consumer,Singapore,2026-05-28,PENDING
C005292,Consumer,Singapore,2024-06-22,VERIFIED
C005293,Consumer,India,2024-03-14,VERIFIED
C005294,Consumer,UAE,2026-04-16,VERIFIED
C005295,SME,India,2026-03-09,VERIFIED
C005296,Consumer,India,2025-09-28,VERIFIED
C005297,Consumer,Singapore,2025-06-19,VERIFIED
C005298,Consumer,India,2024-02-01,VERIFIED
C005299,Consumer,UAE,2024-09-10,VERIFIED
C005300,Consumer,India,2025-05-11,VERIFIED
C005301,SME,UAE,2024-04-22,VERIFIED
C005302,Consumer,India,2024-07-13,VERIFIED
C005303,SME,Singapore,2025-06-11,VERIFIED
C005304,SME,India,2025-03-16,VERIFIED
C005305,Consumer,Singapore,2025-05-03,VERIFIED
C005306,Consumer,Singapore,2025-05-11,VERIFIED
C005307,Consumer,India,2025-12-24,VERIFIED
C005308,Consumer,India,2025-09-11,VERIFIED
C005309,SME,India,2024-01-24,VERIFIED
C005310,SME,UAE,2024-10-16,VERIFIED
C005311,Consumer,India,2024-11-03,PENDING
C005312,Consumer,India,2024-10-30,VERIFIED
C005313,Enterprise,India,2026-05-04,REJECTED
C005314,Enterprise,UAE,2025-09-22,VERIFIED
C005315,Consumer,India,2025-11-23,PENDING
C005316,Consumer,India,2024-02-07,VERIFIED
C005317,Consumer,Singapore,2025-01-20,VERIFIED
C005318,Enterprise,Singapore,2026-01-14,VERIFIED
C005319,Consumer,India,2025-08-03,REJECTED
C005320,Consumer,UAE,2024-03-22,VERIFIED
C005321,Consumer,Singapore,2024-04-27,VERIFIED
C005322,Consumer,India,2026-03-31,VERIFIED
C005323,Consumer,India,2024-02-19,VERIFIED
C005324,Enterprise,UAE,2025-10-30,VERIFIED
C005325,Consumer,India,2024-03-14,VERIFIED
C005326,Consumer,India,2025-11-25,VERIFIED
C005327,Consumer,India,2024-04-15,VERIFIED
C005328,Consumer,Singapore,2025-12-01,VERIFIED
C005329,Consumer,Singapore,2026-03-28,VERIFIED
C005330,Consumer,Singapore,2026-02-22,VERIFIED
C005331,Consumer,India,2025-08-21,VERIFIED
C005332,Consumer,Singapore,2026-05-11,VERIFIED
C005333,Consumer,Singapore,2024-11-21,VERIFIED
C005334,Consumer,India,2025-11-14,VERIFIED
C005335,Enterprise,Singapore,2026-02-02,PENDING
C005336,Enterprise,India,2024-12-21,VERIFIED
C005337,Consumer,Singapore,2025-04-12,VERIFIED
C005338,Consumer,India,2025-10-17,VERIFIED
C005339,Enterprise,India,2024-10-10,VERIFIED
C005340,Consumer,UAE,2024-07-03,VERIFIED
C005341,SME,UAE,2024-06-02,VERIFIED
C005342,Enterprise,India,2026-05-03,VERIFIED
C005343,Consumer,India,2024-04-27,VERIFIED
C005344,Consumer,India,2024-09-23,VERIFIED
C005345,Enterprise,UAE,2025-01-19,VERIFIED
C005346,Consumer,India,2026-04-16,VERIFIED
C005347,Consumer,India,2024-09-11,VERIFIED
C005348,Consumer,India,2024-08-28,VERIFIED
C005349,Consumer,UAE,2024-06-19,VERIFIED
C005350,SME,India,2025-09-08,VERIFIED
C005351,SME,India,2025-07-01,VERIFIED
C005352,Enterprise,India,2025-07-31,VERIFIED
C005353,Consumer,India,2024-07-03,VERIFIED
C005354,Consumer,Singapore,2025-12-02,VERIFIED
C005355,Consumer,UAE,2025-10-28,VERIFIED
C005356,Consumer,UAE,2025-02-13,VERIFIED
C005357,Consumer,India,2026-01-08,VERIFIED
C005358,Enterprise,UAE,2025-10-14,PENDING
C005359,SME,India,2025-08-10,VERIFIED
C005360,Consumer,India,2024-05-25,VERIFIED
C005361,Consumer,UAE,2024-02-07,VERIFIED
C005362,Consumer,India,2025-05-04,VERIFIED
C005363,Consumer,India,2024-09-18,VERIFIED
C005364,SME,UAE,2024-05-05,VERIFIED
C005365,Consumer,India,2025-08-26,VERIFIED
C005366,Enterprise,Singapore,2026-03-06,VERIFIED
C005367,Consumer,UAE,2024-12-10,VERIFIED
C005368,Consumer,India,2024-09-17,VERIFIED
C005369,SME,India,2025-03-18,VERIFIED
C005370,Consumer,India,2026-05-28,VERIFIED
C005371,Consumer,India,2024-04-17,VERIFIED
C005372,Consumer,India,2025-07-10,VERIFIED
C005373,Consumer,Singapore,2026-05-29,VERIFIED
C005374,SME,India,2025-03-12,VERIFIED
C005375,Consumer,India,2025-05-28,VERIFIED
C005376,SME,India,2025-12-13,PENDING
C005377,Consumer,Singapore,2024-03-30,REJECTED
C005378,Consumer,UAE,2024-08-02,VERIFIED
C005379,SME,India,2025-09-18,VERIFIED
C005380,Consumer,UAE,2024-11-14,VERIFIED
C005381,Consumer,India,2025-08-26,VERIFIED
C005382,Consumer,India,2026-04-17,PENDING
C005383,Consumer,India,2025-11-28,VERIFIED
C005384,Consumer,India,2026-02-10,VERIFIED
C005385,SME,Singapore,2025-10-31,PENDING
C005386,Consumer,India,2024-02-26,VERIFIED
C005387,Consumer,UAE,2025-07-12,VERIFIED
C005388,Enterprise,India,2025-02-05,VERIFIED
C005389,Consumer,UAE,2024-08-09,PENDING
C005390,SME,India,2025-04-19,VERIFIED
C005391,Consumer,India,2024-04-17,PENDING
C005392,Consumer,India,2026-05-12,PENDING
C005393,SME,India,2026-03-22,VERIFIED
C005394,Consumer,UAE,2024-06-28,VERIFIED
C005395,SME,India,2024-06-25,VERIFIED
C005396,Consumer,India,2025-05-01,VERIFIED
C005397,Consumer,India,2025-02-17,VERIFIED
C005398,Consumer,India,2025-11-22,PENDING
C005399,Consumer,UAE,2024-02-06,VERIFIED
C005400,SME,Singapore,2025-07-28,VERIFIED
C005401,Consumer,Singapore,2024-09-24,VERIFIED
C005402,Enterprise,India,2026-02-23,VERIFIED
C005403,Enterprise,UAE,2026-03-12,VERIFIED
C005404,Consumer,Singapore,2025-01-22,VERIFIED
C005405,Consumer,India,2024-12-19,VERIFIED
C005406,SME,India,2026-03-24,VERIFIED
C005407,Enterprise,UAE,2024-09-26,VERIFIED
C005408,Consumer,India,2024-09-25,VERIFIED
C005409,Consumer,Singapore,2025-03-17,VERIFIED
C005410,Consumer,India,2024-10-31,VERIFIED
C005411,SME,India,2024-09-02,PENDING
C005412,Consumer,Singapore,2024-06-26,VERIFIED
C005413,SME,Singapore,2024-03-07,VERIFIED
C005414,Consumer,India,2024-10-03,VERIFIED
C005415,Consumer,Singapore,2024-07-26,REJECTED
C005416,Consumer,India,2024-11-02,PENDING
C005417,Consumer,Singapore,2025-07-03,VERIFIED
C005418,Consumer,UAE,2025-09-22,VERIFIED
C005419,Consumer,UAE,2025-06-21,VERIFIED
C005420,Consumer,India,2025-06-01,VERIFIED
C005421,Consumer,India,2024-09-30,VERIFIED
C005422,Consumer,Singapore,2024-08-20,VERIFIED
C005423,Enterprise,Singapore,2024-04-23,VERIFIED
C005424,Consumer,India,2024-05-13,VERIFIED
C005425,Consumer,UAE,2025-02-28,VERIFIED
C005426,Consumer,India,2026-04-04,VERIFIED
C005427,Enterprise,India,2025-11-20,VERIFIED
C005428,Consumer,India,2024-01-25,PENDING
C005429,SME,India,2025-07-13,VERIFIED
C005430,SME,India,2024-10-06,PENDING
C005431,Consumer,UAE,2024-12-08,VERIFIED
C005432,Consumer,India,2026-03-23,VERIFIED
C005433,SME,India,2026-03-21,VERIFIED
C005434,Consumer,UAE,2024-03-12,VERIFIED
C005435,Consumer,Singapore,2024-07-19,VERIFIED
C005436,SME,Singapore,2024-11-21,VERIFIED
C005437,Consumer,India,2024-02-02,VERIFIED
C005438,SME,UAE,2024-04-06,PENDING
C005439,Consumer,India,2025-07-10,VERIFIED
C005440,SME,India,2024-09-19,VERIFIED
C005441,Consumer,India,2026-05-23,VERIFIED
C005442,Consumer,India,2024-03-10,VERIFIED
C005443,Consumer,India,2026-03-23,VERIFIED
C005444,Enterprise,Singapore,2024-10-19,VERIFIED
C005445,Consumer,India,2025-12-30,PENDING
C005446,Consumer,Singapore,2024-07-25,VERIFIED
C005447,Consumer,India,2024-06-20,VERIFIED
C005448,Consumer,India,2026-01-27,VERIFIED
C005449,Consumer,India,2025-01-29,VERIFIED
C005450,Consumer,UAE,2024-09-12,VERIFIED
C005451,Consumer,UAE,2024-09-20,VERIFIED
C005452,Consumer,UAE,2024-09-20,VERIFIED
C005453,Consumer,Singapore,2025-05-31,VERIFIED
C005454,Consumer,Singapore,2024-01-10,VERIFIED
C005455,SME,Singapore,2024-09-27,VERIFIED
C005456,Consumer,Singapore,2026-01-11,VERIFIED
C005457,Consumer,India,2024-11-07,VERIFIED
C005458,Consumer,India,2025-01-04,VERIFIED
C005459,Enterprise,India,2025-07-20,VERIFIED
C005460,Enterprise,India,2025-07-06,VERIFIED
C005461,SME,India,2025-10-11,VERIFIED
C005462,Consumer,India,2025-01-25,VERIFIED
C005463,Consumer,India,2024-04-24,VERIFIED
C005464,Consumer,India,2025-07-28,VERIFIED
C005465,Consumer,UAE,2024-12-09,VERIFIED
C005466,Consumer,India,2025-02-13,PENDING
C005467,SME,India,2025-06-29,VERIFIED
C005468,SME,UAE,2025-01-12,VERIFIED
C005469,SME,India,2026-02-02,VERIFIED
C005470,Consumer,India,2025-03-31,VERIFIED
C005471,SME,India,2025-02-26,VERIFIED
C005472,Consumer,India,2025-03-19,PENDING
C005473,Consumer,India,2024-07-15,VERIFIED
C005474,SME,India,2026-05-17,VERIFIED
C005475,Consumer,India,2024-12-28,VERIFIED
C005476,Consumer,Singapore,2025-02-13,VERIFIED
C005477,Consumer,Singapore,2026-02-02,VERIFIED
C005478,SME,Singapore,2025-07-27,VERIFIED
C005479,SME,India,2025-01-28,VERIFIED
C005480,Consumer,India,2026-01-06,VERIFIED
C005481,SME,UAE,2025-05-23,VERIFIED
C005482,Consumer,India,2026-05-17,VERIFIED
C005483,Consumer,UAE,2025-07-19,PENDING
C005484,SME,India,2025-11-01,VERIFIED
C005485,SME,UAE,2024-10-20,VERIFIED
C005486,Enterprise,India,2026-05-31,VERIFIED
C005487,Consumer,India,2024-01-25,VERIFIED
C005488,SME,Singapore,2024-08-24,VERIFIED
C005489,Consumer,Singapore,2025-04-05,VERIFIED
C005490,Enterprise,India,2024-11-16,VERIFIED
C005491,Consumer,UAE,2024-04-09,VERIFIED
C005492,SME,India,2026-01-09,VERIFIED
C005493,Consumer,India,2025-11-20,VERIFIED
C005494,Consumer,Singapore,2025-02-11,VERIFIED
C005495,Consumer,Singapore,2024-06-03,VERIFIED
C005496,Consumer,UAE,2025-03-09,VERIFIED
C005497,Consumer,India,2026-01-20,VERIFIED
C005498,SME,India,2025-03-09,VERIFIED
C005499,Consumer,Singapore,2024-05-22,REJECTED
C005500,SME,India,2025-06-12,REJECTED
C005501,Consumer,India,2024-10-11,VERIFIED
C005502,Consumer,India,2024-01-05,VERIFIED
C005503,Consumer,India,2025-06-06,VERIFIED
C005504,Consumer,India,2025-12-20,VERIFIED
C005505,Consumer,India,2025-03-11,VERIFIED
C005506,Consumer,Singapore,2025-02-21,VERIFIED
C005507,Consumer,Singapore,2024-03-21,VERIFIED
C005508,Consumer,India,2025-06-28,VERIFIED
C005509,Consumer,India,2026-03-27,VERIFIED
C005510,Consumer,India,2025-01-11,VERIFIED
C005511,Consumer,India,2024-06-07,VERIFIED
C005512,Enterprise,Singapore,2026-02-24,VERIFIED
C005513,SME,UAE,2025-09-18,VERIFIED
C005514,SME,Singapore,2024-08-04,VERIFIED
C005515,Consumer,Singapore,2026-02-11,PENDING
C005516,SME,India,2025-10-31,VERIFIED
C005517,SME,India,2024-02-14,PENDING
C005518,SME,UAE,2025-09-23,VERIFIED
C005519,Consumer,UAE,2024-08-02,PENDING
C005520,SME,India,2025-05-25,VERIFIED
C005521,SME,India,2024-05-07,VERIFIED
C005522,Consumer,Singapore,2024-09-10,VERIFIED
C005523,SME,India,2025-07-03,VERIFIED
C005524,Consumer,Singapore,2026-05-26,VERIFIED
C005525,Consumer,Singapore,2025-12-22,VERIFIED
C005526,Consumer,India,2024-12-17,PENDING
C005527,SME,UAE,2025-08-28,VERIFIED
C005528,Consumer,UAE,2025-06-24,VERIFIED
C005529,Consumer,UAE,2024-06-12,VERIFIED
C005530,Consumer,India,2025-10-10,VERIFIED
C005531,Consumer,India,2025-06-18,VERIFIED
C005532,Consumer,Singapore,2024-05-10,VERIFIED
C005533,SME,India,2025-08-20,VERIFIED
C005534,SME,India,2025-11-26,REJECTED
C005535,Consumer,India,2025-05-18,VERIFIED
C005536,Consumer,Singapore,2025-02-27,VERIFIED
C005537,Consumer,India,2026-01-18,VERIFIED
C005538,SME,India,2024-07-02,VERIFIED
C005539,Consumer,India,2026-04-05,VERIFIED
C005540,Consumer,Singapore,2025-11-01,VERIFIED
C005541,Consumer,Singapore,2025-06-06,VERIFIED
C005542,SME,India,2025-07-07,VERIFIED
C005543,SME,UAE,2024-08-22,VERIFIED
C005544,SME,India,2024-05-10,PENDING
C005545,Consumer,Singapore,2025-11-27,VERIFIED
C005546,Consumer,Singapore,2024-01-14,VERIFIED
C005547,Consumer,Singapore,2026-03-24,VERIFIED
C005548,Consumer,India,2026-02-04,VERIFIED
C005549,Consumer,UAE,2025-10-20,VERIFIED
C005550,Consumer,UAE,2025-01-14,VERIFIED
C005551,Consumer,India,2024-02-29,VERIFIED
C005552,Consumer,India,2024-10-18,VERIFIED
C005553,Enterprise,India,2024-06-08,VERIFIED
C005554,Consumer,India,2025-03-22,VERIFIED
C005555,SME,India,2025-06-21,VERIFIED
C005556,SME,Singapore,2025-07-30,VERIFIED
C005557,Consumer,India,2025-01-20,VERIFIED
C005558,SME,Singapore,2024-03-10,VERIFIED
C005559,Consumer,India,2025-01-16,VERIFIED
C005560,SME,India,2025-11-15,VERIFIED
C005561,Consumer,India,2024-08-12,REJECTED
C005562,Enterprise,India,2025-05-22,VERIFIED
C005563,Consumer,India,2025-10-26,VERIFIED
C005564,Consumer,Singapore,2024-02-09,VERIFIED
C005565,Enterprise,Singapore,2024-05-25,VERIFIED
C005566,Consumer,India,2024-12-31,VERIFIED
C005567,SME,Singapore,2025-09-01,VERIFIED
C005568,SME,India,2024-09-04,VERIFIED
C005569,SME,India,2024-01-12,VERIFIED
C005570,Enterprise,India,2025-06-19,VERIFIED
C005571,Enterprise,Singapore,2026-01-06,VERIFIED
C005572,Consumer,India,2025-05-24,VERIFIED
C005573,SME,India,2024-09-01,VERIFIED
C005574,SME,Singapore,2024-06-19,VERIFIED
C005575,SME,UAE,2024-02-01,VERIFIED
C005576,Consumer,Singapore,2025-09-17,VERIFIED
C005577,SME,Singapore,2025-12-21,VERIFIED
C005578,Enterprise,Singapore,2026-03-25,VERIFIED
C005579,Enterprise,India,2025-03-04,VERIFIED
C005580,Consumer,Singapore,2024-02-04,VERIFIED
C005581,Consumer,UAE,2024-07-23,VERIFIED
C005582,Consumer,India,2025-01-18,PENDING
C005583,SME,India,2024-09-22,VERIFIED
C005584,SME,India,2025-07-30,VERIFIED
C005585,Consumer,India,2025-03-18,VERIFIED
C005586,Consumer,UAE,2025-09-01,VERIFIED
C005587,Consumer,India,2025-11-27,VERIFIED
C005588,Consumer,India,2026-01-19,VERIFIED
C005589,Enterprise,UAE,2025-04-29,VERIFIED
C005590,SME,India,2025-04-14,VERIFIED
C005591,Consumer,India,2024-09-22,VERIFIED
C005592,Consumer,UAE,2026-01-13,VERIFIED
C005593,Consumer,India,2024-04-18,VERIFIED
C005594,Enterprise,Singapore,2025-05-03,VERIFIED
C005595,Consumer,India,2024-06-26,VERIFIED
C005596,Consumer,India,2024-09-05,VERIFIED
C005597,Consumer,India,2026-04-15,VERIFIED
C005598,SME,India,2026-05-21,VERIFIED
C005599,SME,UAE,2024-01-05,VERIFIED
C005600,SME,UAE,2024-06-05,VERIFIED
C005601,Consumer,UAE,2024-08-17,VERIFIED
C005602,Consumer,India,2025-09-19,VERIFIED
C005603,Consumer,UAE,2024-09-17,VERIFIED
C005604,SME,Singapore,2026-04-07,VERIFIED
C005605,Consumer,India,2024-11-16,VERIFIED
C005606,Consumer,Singapore,2024-05-06,VERIFIED
C005607,SME,India,2024-01-28,VERIFIED
C005608,SME,India,2026-04-30,VERIFIED
C005609,Consumer,UAE,2025-05-24,PENDING
C005610,Consumer,Singapore,2024-08-15,VERIFIED
C005611,Consumer,India,2025-10-02,VERIFIED
C005612,SME,India,2025-06-24,VERIFIED
C005613,SME,UAE,2024-06-27,VERIFIED
C005614,Consumer,Singapore,2025-11-06,VERIFIED
C005615,Consumer,India,2025-11-02,PENDING
C005616,SME,India,2026-04-11,VERIFIED
C005617,SME,India,2024-10-14,VERIFIED
C005618,Consumer,UAE,2025-05-08,VERIFIED
C005619,Consumer,India,2024-09-21,VERIFIED
C005620,Consumer,India,2025-04-11,VERIFIED
C005621,Consumer,India,2025-01-29,VERIFIED
C005622,Enterprise,UAE,2025-03-07,VERIFIED
C005623,SME,Singapore,2025-03-10,VERIFIED
C005624,SME,Singapore,2025-01-22,VERIFIED
C005625,Consumer,India,2026-03-19,VERIFIED
C005626,SME,India,2025-06-20,VERIFIED
C005627,Consumer,UAE,2024-05-24,VERIFIED
C005628,Consumer,UAE,2024-06-23,VERIFIED
C005629,Consumer,UAE,2025-06-03,VERIFIED
C005630,Consumer,UAE,2024-11-09,VERIFIED
C005631,SME,Singapore,2025-09-12,VERIFIED
C005632,Consumer,Singapore,2024-05-08,VERIFIED
C005633,Consumer,UAE,2025-05-28,VERIFIED
C005634,Consumer,Singapore,2024-01-10,VERIFIED
C005635,Consumer,India,2024-12-12,VERIFIED
C005636,Consumer,India,2024-04-26,VERIFIED
C005637,Consumer,UAE,2025-02-14,VERIFIED
C005638,SME,India,2025-01-31,VERIFIED
C005639,Consumer,UAE,2026-04-10,VERIFIED
C005640,Consumer,India,2024-01-11,VERIFIED
C005641,Consumer,India,2025-02-01,VERIFIED
C005642,SME,India,2025-08-30,VERIFIED
C005643,Consumer,India,2024-04-02,VERIFIED
C005644,Consumer,India,2024-04-11,VERIFIED
C005645,Consumer,India,2024-04-07,VERIFIED
C005646,Consumer,UAE,2024-10-08,REJECTED
C005647,Consumer,India,2026-03-17,VERIFIED
C005648,SME,India,2026-05-09,VERIFIED
C005649,Consumer,India,2025-10-29,REJECTED
C005650,Consumer,Singapore,2025-10-18,VERIFIED
C005651,SME,Singapore,2025-02-24,VERIFIED
C005652,SME,Singapore,2024-12-29,VERIFIED
C005653,Consumer,India,2024-07-29,VERIFIED
C005654,Consumer,India,2025-10-28,PENDING
C005655,Consumer,Singapore,2026-01-23,VERIFIED
C005656,Consumer,Singapore,2025-05-22,VERIFIED
C005657,SME,India,2024-03-16,VERIFIED
C005658,SME,India,2024-11-18,VERIFIED
C005659,Enterprise,India,2025-03-27,VERIFIED
C005660,Consumer,India,2025-11-17,VERIFIED
C005661,Consumer,Singapore,2025-09-14,VERIFIED
C005662,Consumer,India,2024-01-18,VERIFIED
C005663,SME,India,2024-10-17,VERIFIED
C005664,Consumer,India,2026-02-24,VERIFIED
C005665,Consumer,UAE,2026-01-19,VERIFIED
C005666,SME,UAE,2024-07-16,VERIFIED
C005667,SME,UAE,2024-06-10,VERIFIED
C005668,SME,India,2025-02-20,VERIFIED
C005669,Consumer,Singapore,2025-01-18,VERIFIED
C005670,SME,India,2024-07-18,VERIFIED
C005671,SME,India,2026-01-15,VERIFIED
C005672,Consumer,India,2026-05-01,VERIFIED
C005673,SME,Singapore,2025-05-12,VERIFIED
C005674,Consumer,India,2024-02-12,VERIFIED
C005675,Enterprise,UAE,2024-03-22,VERIFIED
C005676,Consumer,India,2025-06-22,VERIFIED
C005677,Consumer,India,2024-10-30,VERIFIED
C005678,Consumer,India,2025-08-03,VERIFIED
C005679,SME,India,2024-07-17,VERIFIED
C005680,Consumer,India,2025-02-09,VERIFIED
C005681,Consumer,India,2025-03-02,VERIFIED
C005682,Consumer,India,2025-04-05,VERIFIED
C005683,Enterprise,India,2025-04-24,VERIFIED
C005684,Consumer,India,2025-12-28,VERIFIED
C005685,Consumer,India,2024-05-03,VERIFIED
C005686,SME,India,2025-06-11,PENDING
C005687,Consumer,India,2025-09-29,VERIFIED
C005688,Enterprise,India,2025-06-09,VERIFIED
C005689,Consumer,UAE,2024-02-08,PENDING
C005690,SME,India,2024-07-17,VERIFIED
C005691,Consumer,India,2024-04-17,VERIFIED
C005692,Consumer,UAE,2024-09-24,VERIFIED
C005693,SME,UAE,2024-12-18,VERIFIED
C005694,Consumer,UAE,2024-11-06,VERIFIED
C005695,SME,Singapore,2025-01-24,VERIFIED
C005696,Consumer,India,2024-02-09,VERIFIED
C005697,Consumer,India,2026-05-08,VERIFIED
C005698,Consumer,Singapore,2026-02-19,VERIFIED
C005699,Enterprise,UAE,2025-08-03,PENDING
C005700,Consumer,Singapore,2024-05-31,VERIFIED
C005701,Consumer,UAE,2024-07-05,VERIFIED
C005702,Consumer,India,2025-03-05,PENDING
C005703,Consumer,India,2026-05-13,VERIFIED
C005704,Consumer,UAE,2025-04-01,VERIFIED
C005705,Enterprise,Singapore,2026-01-22,VERIFIED
C005706,Consumer,UAE,2024-08-14,VERIFIED
C005707,SME,Singapore,2025-03-03,VERIFIED
C005708,Consumer,India,2024-07-22,VERIFIED
C005709,SME,India,2026-02-17,REJECTED
C005710,Enterprise,UAE,2024-04-27,VERIFIED
C005711,Consumer,India,2026-04-08,VERIFIED
C005712,Enterprise,India,2026-03-14,VERIFIED
C005713,Consumer,India,2025-01-28,VERIFIED
C005714,Enterprise,India,2024-08-09,VERIFIED
C005715,SME,India,2024-03-03,VERIFIED
C005716,Consumer,Singapore,2025-01-30,VERIFIED
C005717,Consumer,India,2024-01-05,VERIFIED
C005718,Consumer,India,2024-11-29,VERIFIED
C005719,Consumer,Singapore,2024-10-18,VERIFIED
C005720,Consumer,India,2025-05-22,VERIFIED
C005721,Consumer,UAE,2024-05-24,VERIFIED
C005722,Consumer,India,2025-10-23,VERIFIED
C005723,SME,UAE,2024-06-07,PENDING
C005724,Consumer,India,2026-02-19,VERIFIED
C005725,Consumer,India,2026-04-10,VERIFIED
C005726,SME,UAE,2024-01-11,VERIFIED
C005727,Consumer,Singapore,2024-03-09,VERIFIED
C005728,Consumer,India,2025-12-04,VERIFIED
C005729,Consumer,UAE,2025-09-05,VERIFIED
C005730,Enterprise,India,2025-06-27,VERIFIED
C005731,SME,UAE,2024-07-20,VERIFIED
C005732,Consumer,India,2024-09-22,VERIFIED
C005733,SME,India,2024-04-17,VERIFIED
C005734,Consumer,India,2024-02-23,VERIFIED
C005735,SME,India,2024-12-03,VERIFIED
C005736,SME,India,2024-07-08,VERIFIED
C005737,Consumer,India,2024-08-26,VERIFIED
C005738,Consumer,India,2024-12-08,PENDING
C005739,Consumer,India,2026-04-29,VERIFIED
C005740,Consumer,India,2024-10-17,VERIFIED
C005741,SME,UAE,2024-11-18,VERIFIED
C005742,Consumer,Singapore,2024-11-16,VERIFIED
C005743,SME,Singapore,2026-02-23,VERIFIED
C005744,Enterprise,UAE,2024-02-11,VERIFIED
C005745,Consumer,Singapore,2024-07-16,PENDING
C005746,SME,UAE,2025-09-24,VERIFIED
C005747,SME,India,2026-04-25,VERIFIED
C005748,Enterprise,India,2024-10-10,VERIFIED
C005749,Enterprise,India,2026-03-17,VERIFIED
C005750,SME,India,2024-06-30,VERIFIED
C005751,Consumer,UAE,2025-09-03,VERIFIED
C005752,SME,India,2024-01-11,VERIFIED
C005753,Consumer,India,2026-01-14,VERIFIED
C005754,SME,Singapore,2025-03-17,VERIFIED
C005755,Enterprise,India,2025-09-20,PENDING
C005756,Consumer,India,2025-02-27,PENDING
C005757,SME,India,2025-05-14,VERIFIED
C005758,Consumer,UAE,2025-01-22,VERIFIED
C005759,Consumer,UAE,2025-07-29,VERIFIED
C005760,Consumer,Singapore,2025-11-18,VERIFIED
C005761,SME,India,2025-03-29,VERIFIED
C005762,Enterprise,India,2025-08-17,VERIFIED
C005763,Enterprise,India,2024-01-02,VERIFIED
C005764,Consumer,Singapore,2026-03-21,VERIFIED
C005765,SME,India,2025-12-29,PENDING
C005766,SME,India,2024-08-29,VERIFIED
C005767,Consumer,UAE,2026-03-19,VERIFIED
C005768,Consumer,UAE,2024-02-29,VERIFIED
C005769,Consumer,Singapore,2025-01-02,VERIFIED
C005770,Enterprise,India,2025-12-15,VERIFIED
C005771,SME,India,2024-02-09,VERIFIED
C005772,SME,India,2024-11-10,VERIFIED
C005773,Consumer,Singapore,2025-07-10,VERIFIED
C005774,SME,India,2024-10-24,VERIFIED
C005775,Consumer,UAE,2025-09-22,VERIFIED
C005776,Consumer,UAE,2025-10-04,VERIFIED
C005777,Consumer,India,2025-03-25,VERIFIED
C005778,Consumer,India,2025-01-29,REJECTED
C005779,SME,Singapore,2026-03-02,VERIFIED
C005780,Consumer,UAE,2025-07-15,VERIFIED
C005781,SME,UAE,2024-03-28,VERIFIED
C005782,Consumer,India,2025-06-16,VERIFIED
C005783,Consumer,India,2025-01-22,VERIFIED
C005784,Consumer,Singapore,2026-01-13,VERIFIED
C005785,Consumer,Singapore,2025-01-15,PENDING
C005786,Enterprise,India,2025-07-08,VERIFIED
C005787,Consumer,India,2025-03-06,VERIFIED
C005788,SME,Singapore,2025-06-18,VERIFIED
C005789,Enterprise,India,2024-08-03,VERIFIED
C005790,Consumer,UAE,2024-10-03,REJECTED
C005791,Consumer,India,2024-07-12,VERIFIED
C005792,SME,Singapore,2025-12-27,PENDING
C005793,Enterprise,Singapore,2024-06-27,PENDING
C005794,Enterprise,India,2024-05-22,PENDING
C005795,Consumer,Singapore,2026-04-05,VERIFIED
C005796,SME,Singapore,2025-06-21,VERIFIED
C005797,Consumer,UAE,2024-08-05,VERIFIED
C005798,Enterprise,India,2025-05-25,VERIFIED
C005799,Enterprise,Singapore,2024-02-28,VERIFIED
C005800,Consumer,Singapore,2024-12-11,VERIFIED
C005801,Consumer,India,2025-07-10,VERIFIED
C005802,Consumer,UAE,2025-02-22,VERIFIED
C005803,Consumer,India,2024-08-11,VERIFIED
C005804,SME,India,2024-12-15,VERIFIED
C005805,Consumer,India,2026-02-06,VERIFIED
C005806,Consumer,India,2025-09-13,VERIFIED
C005807,Consumer,UAE,2026-04-11,VERIFIED
C005808,Enterprise,Singapore,2026-05-01,VERIFIED
C005809,Consumer,India,2026-01-31,VERIFIED
C005810,Consumer,Singapore,2024-03-17,VERIFIED
C005811,Consumer,India,2026-03-05,VERIFIED
C005812,Enterprise,India,2025-08-21,VERIFIED
C005813,SME,India,2026-01-31,PENDING
C005814,Consumer,India,2024-07-26,VERIFIED
C005815,Consumer,India,2024-06-07,VERIFIED
C005816,Consumer,Singapore,2025-06-07,PENDING
C005817,Consumer,India,2024-08-12,VERIFIED
C005818,Consumer,India,2024-12-23,VERIFIED
C005819,Enterprise,India,2026-03-23,VERIFIED
C005820,Consumer,India,2025-01-18,VERIFIED
C005821,SME,UAE,2025-06-27,VERIFIED
C005822,Consumer,India,2025-07-19,VERIFIED
C005823,SME,UAE,2025-05-18,VERIFIED
C005824,SME,India,2025-03-25,VERIFIED
C005825,Consumer,Singapore,2024-08-29,VERIFIED
C005826,Consumer,India,2025-01-03,VERIFIED
C005827,SME,UAE,2025-09-18,VERIFIED
C005828,Consumer,India,2025-04-15,VERIFIED
C005829,Consumer,Singapore,2024-10-14,VERIFIED
C005830,Consumer,UAE,2025-02-02,VERIFIED
C005831,Enterprise,UAE,2024-04-13,VERIFIED
C005832,Consumer,India,2024-11-06,VERIFIED
C005833,SME,UAE,2026-03-19,VERIFIED
C005834,Consumer,Singapore,2024-05-06,VERIFIED
C005835,SME,India,2024-02-09,PENDING
C005836,Consumer,India,2024-03-12,VERIFIED
C005837,SME,India,2026-01-16,VERIFIED
C005838,Consumer,India,2026-05-31,VERIFIED
C005839,Consumer,Singapore,2024-09-03,VERIFIED
C005840,SME,Singapore,2026-03-16,VERIFIED
C005841,Consumer,India,2024-09-03,VERIFIED
C005842,Consumer,UAE,2024-11-07,VERIFIED
C005843,Consumer,India,2024-02-03,PENDING
C005844,Consumer,UAE,2024-05-08,VERIFIED
C005845,SME,UAE,2024-01-10,VERIFIED
C005846,Consumer,UAE,2024-06-16,PENDING
C005847,Consumer,Singapore,2026-02-22,VERIFIED
C005848,SME,India,2024-08-03,VERIFIED
C005849,Consumer,India,2025-02-11,VERIFIED
C005850,Consumer,India,2026-01-21,PENDING
C005851,Consumer,India,2025-06-09,VERIFIED
C005852,Enterprise,Singapore,2025-08-24,VERIFIED
C005853,SME,India,2024-01-18,VERIFIED
C005854,SME,UAE,2024-12-05,VERIFIED
C005855,Consumer,UAE,2025-11-11,VERIFIED
C005856,SME,India,2025-07-21,VERIFIED
C005857,Consumer,India,2025-11-06,VERIFIED
C005858,Consumer,India,2025-10-25,VERIFIED
C005859,Consumer,UAE,2024-03-30,VERIFIED
C005860,Consumer,Singapore,2024-10-11,REJECTED
C005861,Consumer,India,2025-06-17,VERIFIED
C005862,Consumer,India,2024-09-23,VERIFIED
C005863,Consumer,India,2026-03-19,VERIFIED
C005864,Consumer,UAE,2025-03-08,VERIFIED
C005865,SME,India,2026-01-27,VERIFIED
C005866,Consumer,India,2025-10-12,VERIFIED
C005867,SME,UAE,2024-02-21,VERIFIED
C005868,Consumer,UAE,2024-03-07,REJECTED
C005869,SME,UAE,2025-08-19,VERIFIED
C005870,Consumer,India,2024-09-06,VERIFIED
C005871,Consumer,Singapore,2024-11-26,PENDING
C005872,Consumer,India,2025-02-18,VERIFIED
C005873,Consumer,India,2024-05-02,VERIFIED
C005874,SME,Singapore,2024-07-20,VERIFIED
C005875,Consumer,India,2024-01-06,VERIFIED
C005876,Consumer,India,2026-04-28,VERIFIED
C005877,SME,UAE,2025-04-30,VERIFIED
C005878,SME,India,2024-07-17,VERIFIED
C005879,Consumer,UAE,2026-01-05,VERIFIED
C005880,Consumer,India,2024-01-13,VERIFIED
C005881,Consumer,India,2024-01-06,VERIFIED
C005882,Consumer,Singapore,2025-02-14,VERIFIED
C005883,Consumer,Singapore,2024-04-30,VERIFIED
C005884,Enterprise,India,2025-07-10,PENDING
C005885,Consumer,UAE,2024-12-27,VERIFIED
C005886,Consumer,India,2025-06-21,VERIFIED
C005887,Consumer,UAE,2024-01-04,VERIFIED
C005888,Enterprise,India,2026-03-15,VERIFIED
C005889,SME,UAE,2026-02-27,VERIFIED
C005890,Consumer,India,2024-10-10,PENDING
C005891,SME,UAE,2025-12-22,VERIFIED
C005892,Consumer,Singapore,2026-03-10,VERIFIED
C005893,Consumer,India,2024-12-24,VERIFIED
C005894,Consumer,UAE,2025-11-23,VERIFIED
C005895,Consumer,India,2026-02-03,VERIFIED
C005896,Consumer,India,2024-10-08,VERIFIED
C005897,Enterprise,Singapore,2025-10-18,VERIFIED
C005898,Consumer,India,2025-09-19,VERIFIED
C005899,Enterprise,India,2024-12-14,VERIFIED
C005900,Consumer,India,2024-01-30,VERIFIED
C005901,SME,UAE,2026-01-23,VERIFIED
C005902,Consumer,India,2025-05-31,VERIFIED
C005903,Consumer,India,2025-01-08,VERIFIED
C005904,Consumer,Singapore,2026-02-12,VERIFIED
C005905,Consumer,UAE,2025-09-09,VERIFIED
C005906,Consumer,UAE,2024-05-03,PENDING
C005907,Consumer,Singapore,2025-03-21,VERIFIED
C005908,SME,Singapore,2025-01-28,VERIFIED
C005909,Consumer,India,2026-04-17,VERIFIED
C005910,Consumer,India,2025-10-11,VERIFIED
C005911,Consumer,Singapore,2025-09-09,VERIFIED
C005912,Enterprise,UAE,2025-12-25,VERIFIED
C005913,SME,Singapore,2026-03-22,VERIFIED
C005914,Consumer,India,2024-02-25,PENDING
C005915,Consumer,India,2024-05-11,VERIFIED
C005916,Consumer,Singapore,2026-02-19,VERIFIED
C005917,Enterprise,Singapore,2024-05-01,VERIFIED
C005918,SME,Singapore,2024-07-20,VERIFIED
C005919,Consumer,India,2025-12-20,VERIFIED
C005920,Consumer,India,2026-02-25,REJECTED
C005921,Consumer,UAE,2025-08-24,VERIFIED
C005922,Enterprise,Singapore,2025-12-02,VERIFIED
C005923,Consumer,India,2024-09-21,VERIFIED
C005924,SME,India,2025-07-11,VERIFIED
C005925,Consumer,UAE,2026-04-03,VERIFIED
C005926,SME,UAE,2026-04-21,VERIFIED
C005927,SME,India,2024-02-09,VERIFIED
C005928,SME,India,2025-08-01,PENDING
C005929,Consumer,India,2024-04-22,PENDING
C005930,SME,India,2024-12-04,VERIFIED
C005931,Consumer,Singapore,2024-03-02,VERIFIED
C005932,Consumer,Singapore,2024-08-14,VERIFIED
C005933,Consumer,Singapore,2024-06-22,REJECTED
C005934,Enterprise,Singapore,2024-05-13,VERIFIED
C005935,Consumer,India,2024-10-11,VERIFIED
C005936,SME,India,2026-02-25,VERIFIED
C005937,SME,India,2025-09-17,VERIFIED
C005938,Consumer,India,2024-04-17,VERIFIED
C005939,Consumer,India,2024-05-22,VERIFIED
C005940,Consumer,Singapore,2025-07-22,VERIFIED
C005941,Consumer,Singapore,2024-10-20,VERIFIED
C005942,Consumer,Singapore,2024-10-03,VERIFIED
C005943,Consumer,Singapore,2025-05-06,VERIFIED
C005944,SME,Singapore,2025-07-16,VERIFIED
C005945,Enterprise,Singapore,2025-04-15,VERIFIED
C005946,Consumer,India,2024-10-02,VERIFIED
C005947,Consumer,UAE,2024-08-21,VERIFIED
C005948,Consumer,India,2024-08-29,VERIFIED
C005949,SME,India,2024-09-14,VERIFIED
C005950,SME,India,2026-01-18,VERIFIED
C005951,Consumer,UAE,2024-02-01,VERIFIED
C005952,Consumer,UAE,2025-01-01,VERIFIED
C005953,SME,Singapore,2024-12-13,VERIFIED
C005954,Consumer,Singapore,2026-01-29,PENDING
C005955,Consumer,India,2024-05-11,VERIFIED
C005956,Consumer,UAE,2026-02-13,VERIFIED
C005957,Consumer,Singapore,2026-02-09,VERIFIED
C005958,Consumer,UAE,2026-03-03,VERIFIED
C005959,SME,India,2025-01-02,PENDING
C005960,SME,India,2026-01-31,VERIFIED
C005961,Consumer,UAE,2024-09-21,VERIFIED
C005962,Enterprise,India,2024-08-02,VERIFIED
C005963,Consumer,UAE,2024-08-02,VERIFIED
C005964,SME,India,2024-10-08,VERIFIED
C005965,Consumer,UAE,2026-04-11,PENDING
C005966,SME,India,2025-06-13,VERIFIED
C005967,Enterprise,Singapore,2026-05-08,VERIFIED
C005968,Consumer,India,2024-01-02,VERIFIED
C005969,Enterprise,Singapore,2025-05-27,PENDING
C005970,SME,India,2026-03-26,VERIFIED
C005971,SME,UAE,2025-04-08,VERIFIED
C005972,Consumer,Singapore,2025-03-22,PENDING
C005973,SME,India,2024-12-28,VERIFIED
C005974,SME,UAE,2024-08-03,VERIFIED
C005975,Consumer,India,2024-06-12,VERIFIED
C005976,Enterprise,India,2025-12-03,VERIFIED
C005977,Consumer,India,2025-08-09,VERIFIED
C005978,Consumer,UAE,2025-06-21,VERIFIED
C005979,Consumer,India,2025-05-25,VERIFIED
C005980,Consumer,India,2026-02-12,VERIFIED
C005981,SME,UAE,2026-03-04,VERIFIED
C005982,Consumer,Singapore,2024-08-08,REJECTED
C005983,Enterprise,India,2025-07-08,VERIFIED
C005984,Consumer,Singapore,2025-09-25,VERIFIED
C005985,Consumer,UAE,2025-10-02,PENDING
C005986,Consumer,India,2026-02-15,VERIFIED
C005987,Consumer,UAE,2024-10-09,REJECTED
C005988,Enterprise,India,2024-03-11,VERIFIED
C005989,SME,Singapore,2025-01-08,VERIFIED
C005990,SME,India,2024-09-15,VERIFIED
C005991,Consumer,Singapore,2025-03-20,PENDING
C005992,Consumer,India,2024-07-19,VERIFIED
C005993,Consumer,Singapore,2025-10-03,VERIFIED
C005994,Consumer,India,2025-01-14,VERIFIED
C005995,Consumer,India,2026-04-21,PENDING
C005996,SME,India,2025-08-15,VERIFIED
C005997,Consumer,UAE,2026-02-04,VERIFIED
C005998,SME,India,2025-02-18,VERIFIED
C005999,Consumer,India,2024-03-05,VERIFIED
C006000,Consumer,India,2025-01-12,VERIFIED
C006001,SME,Singapore,2025-10-19,VERIFIED
C006002,Consumer,India,2025-10-07,VERIFIED
C006003,SME,Singapore,2024-04-11,VERIFIED
C006004,Consumer,India,2024-02-11,VERIFIED
C006005,Consumer,India,2026-05-28,VERIFIED
C006006,Enterprise,India,2024-07-14,VERIFIED
C006007,Consumer,UAE,2024-12-25,VERIFIED
C006008,Consumer,India,2026-02-10,VERIFIED
C006009,Consumer,India,2024-04-08,VERIFIED
C006010,Consumer,India,2025-01-22,VERIFIED
C006011,SME,Singapore,2024-03-05,VERIFIED
C006012,SME,India,2024-10-23,VERIFIED
C006013,Enterprise,UAE,2025-03-02,VERIFIED
C006014,Consumer,India,2024-08-10,REJECTED
C006015,Consumer,India,2026-01-26,VERIFIED
C006016,SME,India,2025-11-25,VERIFIED
C006017,Consumer,Singapore,2024-05-28,VERIFIED
C006018,Consumer,Singapore,2025-05-23,VERIFIED
C006019,Consumer,India,2025-03-17,VERIFIED
C006020,Consumer,UAE,2025-02-17,VERIFIED
C006021,Consumer,India,2024-04-25,VERIFIED
C006022,SME,Singapore,2025-03-28,VERIFIED
C006023,SME,India,2024-11-15,VERIFIED
C006024,Consumer,India,2026-02-08,VERIFIED
C006025,Consumer,UAE,2025-03-26,VERIFIED
C006026,Consumer,Singapore,2024-03-19,VERIFIED
C006027,SME,India,2026-01-12,VERIFIED
C006028,Consumer,Singapore,2024-12-22,VERIFIED
C006029,SME,India,2024-04-28,PENDING
C006030,Consumer,Singapore,2025-08-08,VERIFIED
C006031,Consumer,India,2025-06-04,VERIFIED
C006032,Consumer,UAE,2024-10-05,VERIFIED
C006033,SME,India,2026-02-20,VERIFIED
C006034,Consumer,India,2025-07-19,VERIFIED
C006035,SME,India,2024-02-14,VERIFIED
C006036,Consumer,India,2024-08-12,VERIFIED
C006037,SME,India,2025-06-11,VERIFIED
C006038,SME,India,2025-12-24,VERIFIED
C006039,Consumer,Singapore,2025-12-12,VERIFIED
C006040,SME,India,2024-08-28,VERIFIED
C006041,Consumer,Singapore,2025-09-05,VERIFIED
C006042,Consumer,India,2025-04-26,VERIFIED
C006043,Consumer,UAE,2024-04-04,VERIFIED
C006044,Consumer,UAE,2024-12-30,VERIFIED
C006045,SME,UAE,2024-07-03,VERIFIED
C006046,SME,Singapore,2024-05-15,VERIFIED
C006047,Consumer,India,2024-01-25,VERIFIED
C006048,Consumer,Singapore,2024-11-13,VERIFIED
C006049,SME,UAE,2024-11-28,VERIFIED
C006050,Enterprise,India,2025-07-15,VERIFIED
C006051,Consumer,India,2025-11-11,VERIFIED
C006052,Enterprise,India,2026-03-12,VERIFIED
C006053,Consumer,India,2024-04-09,VERIFIED
C006054,Consumer,India,2025-01-04,VERIFIED
C006055,SME,India,2025-08-15,VERIFIED
C006056,Consumer,India,2024-01-12,VERIFIED
C006057,Consumer,UAE,2025-12-20,PENDING
C006058,Consumer,India,2024-03-17,VERIFIED
C006059,SME,UAE,2025-08-09,VERIFIED
C006060,SME,India,2025-11-12,VERIFIED
C006061,Consumer,India,2026-04-02,VERIFIED
C006062,Consumer,India,2024-12-13,PENDING
C006063,Consumer,India,2025-03-18,VERIFIED
C006064,Consumer,India,2025-11-21,VERIFIED
C006065,Consumer,Singapore,2024-03-28,VERIFIED
C006066,SME,Singapore,2025-04-09,VERIFIED
C006067,Consumer,Singapore,2026-02-15,VERIFIED
C006068,Consumer,India,2025-05-08,VERIFIED
C006069,Consumer,India,2024-08-09,VERIFIED
C006070,Consumer,Singapore,2025-05-29,VERIFIED
C006071,Enterprise,India,2024-04-27,VERIFIED
C006072,Consumer,India,2024-05-15,VERIFIED
C006073,Consumer,India,2024-07-05,REJECTED
C006074,Consumer,India,2025-06-25,VERIFIED
C006075,Consumer,India,2025-08-01,VERIFIED
C006076,Consumer,India,2024-11-06,VERIFIED
C006077,Consumer,India,2025-01-13,VERIFIED
C006078,Consumer,Singapore,2026-03-21,VERIFIED
C006079,Consumer,India,2025-02-15,VERIFIED
C006080,Consumer,India,2025-02-24,VERIFIED
C006081,Consumer,UAE,2024-08-04,VERIFIED
C006082,Enterprise,Singapore,2025-10-31,PENDING
C006083,Consumer,India,2024-03-11,VERIFIED
C006084,Consumer,UAE,2026-04-09,VERIFIED
C006085,Consumer,India,2024-04-19,VERIFIED
C006086,Consumer,India,2024-10-11,VERIFIED
C006087,SME,UAE,2026-02-08,VERIFIED
C006088,Consumer,UAE,2025-08-24,VERIFIED
C006089,SME,India,2026-05-22,VERIFIED
C006090,Consumer,Singapore,2025-07-22,PENDING
C006091,Consumer,Singapore,2024-10-24,PENDING
C006092,SME,India,2025-05-13,PENDING
C006093,Consumer,India,2025-07-14,VERIFIED
C006094,Consumer,India,2025-11-27,VERIFIED
C006095,Consumer,UAE,2025-12-11,PENDING
C006096,SME,India,2025-06-13,VERIFIED
C006097,Consumer,Singapore,2024-07-16,VERIFIED
C006098,SME,India,2025-05-21,VERIFIED
C006099,Consumer,India,2025-05-03,VERIFIED
C006100,SME,Singapore,2026-01-13,VERIFIED
C006101,Consumer,Singapore,2024-01-27,VERIFIED
C006102,SME,India,2024-04-27,VERIFIED
C006103,Consumer,India,2024-02-23,VERIFIED
C006104,Enterprise,Singapore,2025-05-18,VERIFIED
C006105,Consumer,India,2024-05-31,VERIFIED
C006106,Consumer,India,2026-01-06,VERIFIED
C006107,Consumer,Singapore,2025-04-23,VERIFIED
C006108,Consumer,India,2024-06-10,VERIFIED
C006109,Consumer,India,2025-10-23,VERIFIED
C006110,Enterprise,India,2024-08-03,VERIFIED
C006111,Enterprise,UAE,2026-04-10,VERIFIED
C006112,Consumer,India,2025-02-23,VERIFIED
C006113,Enterprise,Singapore,2024-12-13,VERIFIED
C006114,Consumer,India,2024-12-05,VERIFIED
C006115,Consumer,India,2026-04-08,PENDING
C006116,SME,India,2026-04-29,VERIFIED
C006117,SME,India,2025-07-07,VERIFIED
C006118,Enterprise,Singapore,2024-12-17,PENDING
C006119,Consumer,India,2025-11-03,VERIFIED
C006120,SME,Singapore,2025-08-08,VERIFIED
C006121,Consumer,India,2025-01-09,VERIFIED
C006122,Consumer,India,2025-06-20,VERIFIED
C006123,Consumer,India,2024-10-29,VERIFIED
C006124,Enterprise,Singapore,2024-08-29,VERIFIED
C006125,SME,UAE,2025-01-12,VERIFIED
C006126,SME,UAE,2025-11-15,VERIFIED
C006127,Consumer,India,2025-01-23,VERIFIED
C006128,Consumer,Singapore,2024-10-13,VERIFIED
C006129,Consumer,India,2024-06-07,VERIFIED
C006130,Consumer,Singapore,2024-12-19,VERIFIED
C006131,Consumer,UAE,2025-12-30,VERIFIED
C006132,SME,India,2025-03-30,VERIFIED
C006133,Consumer,India,2025-09-18,VERIFIED
C006134,Consumer,Singapore,2024-08-28,VERIFIED
C006135,Consumer,Singapore,2026-03-30,REJECTED
C006136,Consumer,India,2024-07-30,VERIFIED
C006137,Consumer,UAE,2024-12-28,VERIFIED
C006138,Enterprise,Singapore,2025-08-20,VERIFIED
C006139,SME,India,2024-05-12,VERIFIED
C006140,SME,India,2026-02-18,PENDING
C006141,Consumer,Singapore,2025-05-23,VERIFIED
C006142,Consumer,India,2024-10-03,PENDING
C006143,Consumer,India,2024-09-21,VERIFIED
C006144,SME,India,2025-08-27,VERIFIED
C006145,SME,Singapore,2025-08-25,REJECTED
C006146,Consumer,Singapore,2025-10-18,VERIFIED
C006147,Consumer,India,2024-12-25,PENDING
C006148,Consumer,Singapore,2025-10-25,VERIFIED
C006149,Consumer,UAE,2025-10-28,VERIFIED
C006150,Enterprise,India,2024-05-15,VERIFIED
C006151,Consumer,Singapore,2026-02-03,REJECTED
C006152,Consumer,UAE,2025-03-03,VERIFIED
C006153,Consumer,Singapore,2026-04-09,VERIFIED
C006154,Consumer,Singapore,2024-01-29,VERIFIED
C006155,Consumer,India,2025-08-17,REJECTED
C006156,Consumer,India,2024-11-25,VERIFIED
C006157,SME,India,2024-02-03,VERIFIED
C006158,SME,Singapore,2025-05-18,VERIFIED
C006159,Consumer,UAE,2026-04-07,VERIFIED
C006160,SME,India,2024-04-13,VERIFIED
C006161,Consumer,India,2025-05-08,VERIFIED
C006162,Consumer,India,2025-01-05,VERIFIED
C006163,Consumer,Singapore,2025-01-22,VERIFIED
C006164,Consumer,India,2026-01-14,VERIFIED
C006165,Consumer,Singapore,2024-08-24,VERIFIED
C006166,Consumer,India,2026-01-04,VERIFIED
C006167,Consumer,India,2024-03-30,VERIFIED
C006168,Enterprise,India,2024-11-28,VERIFIED
C006169,Consumer,UAE,2025-01-11,VERIFIED
C006170,Consumer,Singapore,2024-08-27,VERIFIED
C006171,Consumer,UAE,2025-12-30,VERIFIED
C006172,Consumer,India,2024-06-30,PENDING
C006173,Consumer,India,2024-09-13,VERIFIED
C006174,SME,India,2026-01-13,VERIFIED
C006175,Consumer,UAE,2024-07-07,VERIFIED
C006176,Consumer,Singapore,2026-04-20,VERIFIED
C006177,Consumer,India,2025-02-18,PENDING
C006178,Consumer,Singapore,2026-05-05,VERIFIED
C006179,Consumer,India,2024-09-11,VERIFIED
C006180,Consumer,India,2024-02-14,VERIFIED
C006181,Consumer,India,2026-04-07,VERIFIED
C006182,Consumer,UAE,2025-08-20,VERIFIED
C006183,Consumer,India,2024-07-19,PENDING
C006184,Enterprise,India,2024-12-24,VERIFIED
C006185,Consumer,India,2024-12-08,VERIFIED
C006186,SME,India,2024-07-30,VERIFIED
C006187,SME,India,2025-09-22,PENDING
C006188,Consumer,India,2024-10-24,REJECTED
C006189,Consumer,India,2024-06-03,REJECTED
C006190,Consumer,UAE,2025-11-28,VERIFIED
C006191,SME,India,2024-07-15,VERIFIED
C006192,SME,India,2026-04-28,VERIFIED
C006193,SME,India,2025-04-26,VERIFIED
C006194,Enterprise,India,2025-12-13,VERIFIED
C006195,SME,Singapore,2026-02-16,VERIFIED
C006196,Consumer,India,2025-01-13,VERIFIED
C006197,Consumer,UAE,2026-01-17,VERIFIED
C006198,SME,Singapore,2025-12-06,VERIFIED
C006199,Consumer,Singapore,2025-01-01,VERIFIED
C006200,Consumer,India,2025-06-20,VERIFIED
C006201,SME,India,2026-02-09,VERIFIED
C006202,Consumer,Singapore,2024-03-11,VERIFIED
C006203,Enterprise,UAE,2024-01-28,VERIFIED
C006204,SME,Singapore,2025-01-27,VERIFIED
C006205,Consumer,India,2025-06-06,VERIFIED
C006206,Enterprise,India,2024-12-14,VERIFIED
C006207,Consumer,Singapore,2024-04-27,VERIFIED
C006208,Consumer,Singapore,2025-01-14,PENDING
C006209,Consumer,India,2024-07-26,VERIFIED
C006210,Consumer,India,2025-02-26,VERIFIED
C006211,Consumer,India,2024-04-02,PENDING
C006212,Consumer,Singapore,2024-05-20,VERIFIED
C006213,Consumer,Singapore,2024-12-20,VERIFIED
C006214,Consumer,Singapore,2025-06-06,PENDING
C006215,SME,Singapore,2026-03-13,VERIFIED
C006216,SME,India,2026-01-20,VERIFIED
C006217,Consumer,Singapore,2026-02-14,PENDING
C006218,Consumer,UAE,2026-02-13,VERIFIED
C006219,Consumer,UAE,2024-03-09,VERIFIED
C006220,Consumer,UAE,2025-08-04,VERIFIED
C006221,SME,India,2025-11-27,VERIFIED
C006222,SME,Singapore,2024-05-03,VERIFIED
C006223,Consumer,UAE,2025-02-22,REJECTED
C006224,Consumer,Singapore,2026-01-03,VERIFIED
C006225,Consumer,India,2025-06-06,VERIFIED
C006226,Consumer,UAE,2025-11-08,VERIFIED
C006227,Consumer,India,2025-08-25,VERIFIED
C006228,Enterprise,India,2026-01-29,VERIFIED
C006229,SME,India,2024-12-06,VERIFIED
C006230,Consumer,Singapore,2024-10-31,VERIFIED
C006231,Consumer,India,2026-03-13,VERIFIED
C006232,Enterprise,India,2024-06-05,VERIFIED
C006233,Consumer,Singapore,2024-03-28,VERIFIED
C006234,Consumer,Singapore,2024-08-15,VERIFIED
C006235,Consumer,Singapore,2024-12-30,VERIFIED
C006236,SME,India,2025-10-07,VERIFIED
C006237,SME,Singapore,2024-09-22,VERIFIED
C006238,SME,India,2024-03-24,VERIFIED
C006239,SME,India,2024-07-30,VERIFIED
C006240,SME,India,2024-08-05,PENDING
C006241,Enterprise,UAE,2026-05-02,VERIFIED
C006242,Consumer,India,2026-01-18,VERIFIED
C006243,Consumer,India,2024-05-30,VERIFIED
C006244,SME,India,2025-11-16,VERIFIED
C006245,SME,India,2024-05-19,VERIFIED
C006246,Consumer,UAE,2024-02-24,VERIFIED
C006247,Consumer,UAE,2024-05-20,VERIFIED
C006248,SME,India,2024-03-14,VERIFIED
C006249,SME,India,2024-05-14,VERIFIED
C006250,Consumer,India,2026-04-08,VERIFIED
C006251,Consumer,Singapore,2025-10-03,VERIFIED
C006252,Consumer,India,2026-01-13,VERIFIED
C006253,Consumer,India,2024-01-26,VERIFIED
C006254,Consumer,India,2025-05-02,VERIFIED
C006255,Consumer,India,2025-03-10,VERIFIED
C006256,Consumer,India,2025-08-03,VERIFIED
C006257,Consumer,India,2024-03-02,VERIFIED
C006258,SME,India,2024-07-18,VERIFIED
C006259,SME,India,2025-05-04,VERIFIED
C006260,Consumer,UAE,2025-05-07,VERIFIED
C006261,Consumer,India,2025-11-09,PENDING
C006262,SME,India,2025-04-12,VERIFIED
C006263,Consumer,UAE,2024-04-25,VERIFIED
C006264,Enterprise,UAE,2025-01-05,VERIFIED
C006265,SME,India,2025-10-12,VERIFIED
C006266,Consumer,Singapore,2024-08-19,VERIFIED
C006267,Enterprise,India,2025-03-23,VERIFIED
C006268,Consumer,Singapore,2024-08-01,VERIFIED
C006269,Consumer,UAE,2024-07-26,VERIFIED
C006270,SME,India,2024-04-11,VERIFIED
C006271,Consumer,India,2026-03-20,VERIFIED
C006272,Enterprise,India,2024-01-10,VERIFIED
C006273,Consumer,Singapore,2025-04-17,VERIFIED
C006274,Consumer,Singapore,2024-05-02,VERIFIED
C006275,Consumer,Singapore,2026-02-25,VERIFIED
C006276,SME,India,2024-01-04,REJECTED
C006277,Consumer,India,2025-04-11,VERIFIED
C006278,Consumer,Singapore,2024-09-15,VERIFIED
C006279,SME,India,2025-12-21,VERIFIED
C006280,Consumer,India,2026-02-16,VERIFIED
C006281,SME,India,2026-02-12,REJECTED
C006282,Consumer,Singapore,2024-10-13,PENDING
C006283,SME,Singapore,2024-01-31,VERIFIED
C006284,SME,UAE,2025-11-18,PENDING
C006285,Consumer,India,2025-06-04,VERIFIED
C006286,Consumer,UAE,2025-12-16,VERIFIED
C006287,SME,Singapore,2025-09-11,VERIFIED
C006288,Consumer,India,2024-05-03,VERIFIED
C006289,Enterprise,India,2026-01-19,VERIFIED
C006290,Consumer,India,2024-05-09,VERIFIED
C006291,Consumer,UAE,2026-01-15,VERIFIED
C006292,Consumer,India,2025-05-30,REJECTED
C006293,Enterprise,India,2025-04-24,VERIFIED
C006294,Consumer,India,2026-01-01,VERIFIED
C006295,SME,Singapore,2026-02-12,VERIFIED
C006296,SME,India,2025-06-25,VERIFIED
C006297,Consumer,India,2026-04-08,VERIFIED
C006298,Consumer,India,2024-03-17,VERIFIED
C006299,SME,India,2024-07-01,VERIFIED
C006300,Consumer,India,2024-12-31,VERIFIED
C006301,SME,India,2024-10-18,VERIFIED
C006302,Consumer,Singapore,2025-12-14,PENDING
C006303,Consumer,Singapore,2025-01-23,VERIFIED
C006304,SME,Singapore,2024-06-05,VERIFIED
C006305,Consumer,India,2024-04-09,VERIFIED
C006306,Consumer,Singapore,2025-09-25,VERIFIED
C006307,Consumer,India,2026-04-06,VERIFIED
C006308,Consumer,India,2024-04-19,VERIFIED
C006309,Consumer,UAE,2025-11-09,VERIFIED
C006310,SME,Singapore,2025-10-03,PENDING
C006311,Consumer,India,2024-09-26,VERIFIED
C006312,Consumer,UAE,2024-05-17,VERIFIED
C006313,SME,UAE,2025-11-18,VERIFIED
C006314,Consumer,Singapore,2024-03-04,VERIFIED
C006315,Consumer,Singapore,2025-10-04,VERIFIED
C006316,Enterprise,Singapore,2025-05-21,VERIFIED
C006317,SME,India,2026-04-19,VERIFIED
C006318,Consumer,India,2025-11-30,VERIFIED
C006319,SME,Singapore,2026-02-27,REJECTED
C006320,Consumer,India,2024-12-15,PENDING
C006321,Consumer,India,2024-05-26,PENDING
C006322,Consumer,India,2024-11-30,VERIFIED
C006323,Consumer,India,2025-06-15,VERIFIED
C006324,Consumer,UAE,2026-04-05,VERIFIED
C006325,Consumer,Singapore,2025-07-07,VERIFIED
C006326,Consumer,India,2026-05-11,VERIFIED
C006327,Enterprise,UAE,2025-02-10,VERIFIED
C006328,Consumer,UAE,2024-12-09,VERIFIED
C006329,Consumer,India,2025-10-13,VERIFIED
C006330,Consumer,UAE,2025-06-04,VERIFIED
C006331,Consumer,India,2025-08-13,VERIFIED
C006332,SME,India,2026-04-29,VERIFIED
C006333,Consumer,India,2025-10-21,VERIFIED
C006334,Consumer,Singapore,2025-12-05,PENDING
C006335,Consumer,India,2026-02-09,VERIFIED
C006336,SME,Singapore,2024-05-15,VERIFIED
C006337,Consumer,Singapore,2024-02-08,PENDING
C006338,Consumer,India,2024-11-15,VERIFIED
C006339,Consumer,India,2024-10-13,REJECTED
C006340,Consumer,India,2026-05-28,VERIFIED
C006341,Consumer,India,2025-04-07,VERIFIED
C006342,SME,Singapore,2025-10-23,VERIFIED
C006343,SME,India,2024-12-17,VERIFIED
C006344,SME,Singapore,2024-01-05,VERIFIED
C006345,Consumer,India,2024-08-23,VERIFIED
C006346,Consumer,Singapore,2024-08-23,VERIFIED
C006347,Consumer,UAE,2026-04-05,VERIFIED
C006348,Enterprise,UAE,2025-05-15,VERIFIED
C006349,Consumer,UAE,2024-04-14,VERIFIED
C006350,SME,India,2024-07-25,VERIFIED
C006351,Consumer,India,2024-08-26,VERIFIED
C006352,Consumer,Singapore,2026-04-10,VERIFIED
C006353,Consumer,UAE,2026-04-08,VERIFIED
C006354,Consumer,India,2024-02-21,PENDING
C006355,Enterprise,India,2024-04-17,VERIFIED
C006356,Enterprise,India,2024-12-22,VERIFIED
C006357,Consumer,Singapore,2024-02-02,VERIFIED
C006358,Consumer,India,2024-01-22,VERIFIED
C006359,Enterprise,India,2024-11-02,VERIFIED
C006360,SME,UAE,2024-01-11,VERIFIED
C006361,Consumer,India,2025-09-30,VERIFIED
C006362,Consumer,India,2025-03-17,PENDING
C006363,Consumer,India,2025-07-15,VERIFIED
C006364,Consumer,India,2024-07-16,VERIFIED
C006365,Consumer,India,2025-06-12,VERIFIED
C006366,Consumer,India,2024-02-13,VERIFIED
C006367,Consumer,India,2024-07-03,VERIFIED
C006368,Consumer,Singapore,2025-01-23,VERIFIED
C006369,Consumer,Singapore,2025-07-04,PENDING
C006370,SME,India,2025-05-21,VERIFIED
C006371,SME,India,2025-03-17,VERIFIED
C006372,Consumer,UAE,2025-05-10,VERIFIED
C006373,Enterprise,India,2025-05-19,VERIFIED
C006374,Enterprise,India,2024-05-16,VERIFIED
C006375,Consumer,India,2024-10-05,VERIFIED
C006376,Consumer,Singapore,2024-06-12,VERIFIED
C006377,SME,India,2025-06-26,VERIFIED
C006378,SME,Singapore,2026-05-01,VERIFIED
C006379,Enterprise,Singapore,2024-01-23,PENDING
C006380,SME,UAE,2025-12-11,VERIFIED
C006381,Consumer,India,2025-05-21,VERIFIED
C006382,Consumer,Singapore,2025-11-16,VERIFIED
C006383,Consumer,India,2025-05-24,PENDING
C006384,Consumer,India,2025-07-23,VERIFIED
C006385,Consumer,India,2025-12-08,VERIFIED
C006386,Consumer,India,2025-08-22,VERIFIED
C006387,Consumer,UAE,2025-03-19,VERIFIED
C006388,SME,India,2024-05-21,PENDING
C006389,Consumer,India,2024-10-07,VERIFIED
C006390,Consumer,India,2024-07-25,VERIFIED
C006391,Consumer,Singapore,2025-11-14,REJECTED
C006392,Consumer,India,2024-10-28,VERIFIED
C006393,SME,UAE,2025-01-31,VERIFIED
C006394,SME,UAE,2024-11-13,VERIFIED
C006395,Enterprise,UAE,2026-02-25,VERIFIED
C006396,Consumer,India,2026-05-29,VERIFIED
C006397,Consumer,Singapore,2026-05-07,VERIFIED
C006398,Consumer,India,2024-02-17,VERIFIED
C006399,Consumer,UAE,2025-11-03,VERIFIED
C006400,SME,Singapore,2025-11-07,VERIFIED
C006401,SME,India,2025-01-24,VERIFIED
C006402,SME,Singapore,2025-01-13,VERIFIED
C006403,Consumer,India,2024-08-04,VERIFIED
C006404,SME,India,2025-09-20,PENDING
C006405,Consumer,India,2026-04-28,PENDING
C006406,SME,UAE,2024-09-07,VERIFIED
C006407,Consumer,UAE,2026-05-17,VERIFIED
C006408,Consumer,Singapore,2025-03-09,VERIFIED
C006409,Consumer,UAE,2026-01-25,VERIFIED
C006410,Enterprise,India,2026-01-28,VERIFIED
C006411,Consumer,UAE,2025-08-07,VERIFIED
C006412,Consumer,India,2024-10-10,VERIFIED
C006413,SME,Singapore,2025-04-27,VERIFIED
C006414,Consumer,Singapore,2025-12-07,VERIFIED
C006415,Consumer,India,2024-09-23,VERIFIED
C006416,Consumer,India,2025-08-21,VERIFIED
C006417,Consumer,India,2024-09-02,VERIFIED
C006418,Enterprise,UAE,2024-06-06,VERIFIED
C006419,SME,India,2024-12-22,VERIFIED
C006420,Consumer,India,2025-07-01,VERIFIED
C006421,Enterprise,Singapore,2024-08-23,VERIFIED
C006422,Consumer,India,2026-01-29,VERIFIED
C006423,Consumer,India,2025-04-04,PENDING
C006424,Consumer,Singapore,2024-04-09,PENDING
C006425,Consumer,India,2026-01-08,VERIFIED
C006426,Consumer,Singapore,2024-04-28,VERIFIED
C006427,Enterprise,India,2024-12-19,VERIFIED
C006428,SME,India,2025-12-08,VERIFIED
C006429,Consumer,India,2024-03-28,VERIFIED
C006430,Consumer,India,2024-02-05,VERIFIED
C006431,SME,UAE,2024-11-09,VERIFIED
C006432,Enterprise,UAE,2025-06-23,VERIFIED
C006433,SME,India,2025-07-04,REJECTED
C006434,Consumer,India,2024-11-17,VERIFIED
C006435,SME,India,2025-03-02,VERIFIED
C006436,Consumer,India,2025-05-31,VERIFIED
C006437,Consumer,India,2025-10-14,VERIFIED
C006438,Consumer,Singapore,2026-01-09,VERIFIED
C006439,Consumer,India,2024-01-09,REJECTED
C006440,Consumer,India,2024-12-24,VERIFIED
C006441,Consumer,India,2025-04-22,VERIFIED
C006442,Consumer,India,2024-02-26,PENDING
C006443,SME,Singapore,2024-10-09,VERIFIED
C006444,Consumer,India,2025-03-20,VERIFIED
C006445,Consumer,India,2025-04-05,VERIFIED
C006446,Consumer,India,2025-05-04,VERIFIED
C006447,Enterprise,UAE,2024-12-24,VERIFIED
C006448,Consumer,India,2025-11-20,VERIFIED
C006449,Consumer,UAE,2025-08-16,VERIFIED
C006450,Consumer,India,2025-08-19,VERIFIED
C006451,SME,UAE,2024-03-05,PENDING
C006452,Enterprise,Singapore,2025-03-04,VERIFIED
C006453,Consumer,India,2026-05-04,VERIFIED
C006454,Consumer,UAE,2026-03-12,VERIFIED
C006455,Enterprise,Singapore,2026-05-17,VERIFIED
C006456,Consumer,India,2025-04-01,VERIFIED
C006457,Consumer,India,2024-05-15,VERIFIED
C006458,Consumer,Singapore,2026-01-31,VERIFIED
C006459,Consumer,Singapore,2025-08-28,VERIFIED
C006460,Consumer,Singapore,2024-02-17,VERIFIED
C006461,Consumer,Singapore,2025-09-03,VERIFIED
C006462,SME,Singapore,2026-04-29,VERIFIED
C006463,Enterprise,Singapore,2024-07-12,VERIFIED
C006464,Consumer,India,2024-04-26,VERIFIED
C006465,SME,India,2026-02-17,PENDING
C006466,Consumer,UAE,2026-03-30,VERIFIED
C006467,Consumer,India,2024-06-12,PENDING
C006468,Consumer,India,2025-04-23,VERIFIED
C006469,Enterprise,Singapore,2024-10-13,VERIFIED
C006470,SME,India,2025-06-19,VERIFIED
C006471,SME,India,2025-05-08,PENDING
C006472,SME,India,2025-02-08,VERIFIED
C006473,SME,Singapore,2024-04-05,VERIFIED
C006474,Enterprise,UAE,2025-05-11,VERIFIED
C006475,SME,India,2024-09-10,VERIFIED
C006476,Enterprise,India,2025-02-17,VERIFIED
C006477,Consumer,India,2025-09-24,VERIFIED
C006478,Consumer,India,2025-08-06,VERIFIED
C006479,Consumer,India,2026-05-14,VERIFIED
C006480,Consumer,India,2025-01-05,VERIFIED
C006481,Consumer,India,2025-07-29,VERIFIED
C006482,Consumer,India,2024-08-30,VERIFIED
C006483,Consumer,India,2025-09-30,VERIFIED
C006484,Consumer,Singapore,2025-01-07,VERIFIED
C006485,Consumer,UAE,2024-02-08,VERIFIED
C006486,Consumer,UAE,2024-12-18,VERIFIED
C006487,Enterprise,Singapore,2025-03-01,VERIFIED
C006488,Consumer,India,2024-03-17,VERIFIED
C006489,Consumer,Singapore,2025-05-24,VERIFIED
C006490,SME,India,2025-05-31,VERIFIED
C006491,Consumer,Singapore,2024-05-19,VERIFIED
C006492,Consumer,Singapore,2024-09-08,PENDING
C006493,Consumer,Singapore,2025-10-30,VERIFIED
C006494,Consumer,UAE,2026-02-09,VERIFIED
C006495,Enterprise,Singapore,2024-11-12,VERIFIED
C006496,Consumer,Singapore,2025-02-23,REJECTED
C006497,Consumer,India,2026-05-28,VERIFIED
C006498,Consumer,UAE,2026-01-18,VERIFIED
C006499,Consumer,India,2024-03-15,PENDING
C006500,SME,UAE,2024-01-29,VERIFIED
C006501,Consumer,India,2024-02-10,VERIFIED
C006502,Consumer,India,2025-06-24,VERIFIED
C006503,Consumer,UAE,2025-05-06,VERIFIED
C006504,Consumer,India,2024-04-09,VERIFIED
C006505,Consumer,UAE,2024-11-15,PENDING
C006506,SME,India,2025-07-23,VERIFIED
C006507,SME,UAE,2025-12-23,VERIFIED
C006508,Enterprise,Singapore,2025-10-11,VERIFIED
C006509,SME,Singapore,2025-06-06,VERIFIED
C006510,SME,India,2026-04-24,VERIFIED
C006511,Consumer,India,2026-05-25,PENDING
C006512,SME,UAE,2024-07-07,VERIFIED
C006513,SME,India,2025-03-25,VERIFIED
C006514,SME,India,2024-04-03,VERIFIED
C006515,Consumer,Singapore,2026-05-03,VERIFIED
C006516,Consumer,India,2024-06-29,VERIFIED
C006517,SME,India,2024-11-16,VERIFIED
C006518,SME,India,2024-10-09,VERIFIED
C006519,Enterprise,India,2025-01-25,VERIFIED
C006520,Consumer,UAE,2024-11-16,VERIFIED
C006521,Consumer,India,2025-07-23,VERIFIED
C006522,Consumer,UAE,2024-01-25,VERIFIED
C006523,SME,India,2026-03-26,VERIFIED
C006524,Consumer,India,2024-09-16,VERIFIED
C006525,Consumer,India,2025-05-11,PENDING
C006526,Enterprise,India,2024-07-31,VERIFIED
C006527,Consumer,Singapore,2024-04-24,VERIFIED
C006528,SME,UAE,2025-03-27,VERIFIED
C006529,Consumer,India,2025-11-30,REJECTED
C006530,SME,Singapore,2026-02-10,VERIFIED
C006531,Consumer,India,2025-10-09,VERIFIED
C006532,Enterprise,India,2025-05-04,VERIFIED
C006533,Enterprise,India,2025-08-24,REJECTED
C006534,Consumer,UAE,2026-01-02,VERIFIED
C006535,Consumer,India,2025-06-11,VERIFIED
C006536,Consumer,UAE,2025-10-20,VERIFIED
C006537,SME,India,2025-01-19,VERIFIED
C006538,SME,India,2025-09-04,VERIFIED
C006539,Consumer,India,2025-02-21,VERIFIED
C006540,Consumer,Singapore,2024-08-06,VERIFIED
C006541,Consumer,Singapore,2026-05-29,VERIFIED
C006542,SME,India,2025-07-10,VERIFIED
C006543,Enterprise,UAE,2024-03-03,VERIFIED
C006544,Consumer,India,2024-12-15,VERIFIED
C006545,Consumer,UAE,2025-01-24,VERIFIED
C006546,Consumer,UAE,2026-03-14,VERIFIED
C006547,Consumer,Singapore,2025-01-11,VERIFIED
C006548,Consumer,Singapore,2026-05-20,VERIFIED
C006549,Consumer,India,2024-03-06,VERIFIED
C006550,Consumer,Singapore,2024-04-28,VERIFIED
C006551,Consumer,India,2026-01-15,VERIFIED
C006552,Consumer,India,2024-01-08,VERIFIED
C006553,Consumer,India,2025-12-07,VERIFIED
C006554,Consumer,India,2026-01-08,PENDING
C006555,SME,India,2024-01-27,PENDING
C006556,SME,India,2024-10-16,REJECTED
C006557,Consumer,India,2024-01-28,PENDING
C006558,Consumer,India,2024-06-07,REJECTED
C006559,SME,UAE,2024-05-24,VERIFIED
C006560,Enterprise,India,2025-04-11,PENDING
C006561,Consumer,Singapore,2026-01-15,VERIFIED
C006562,Consumer,India,2024-04-17,VERIFIED
C006563,Consumer,India,2025-03-14,VERIFIED
C006564,Consumer,India,2024-07-21,VERIFIED
C006565,Consumer,India,2026-02-15,PENDING
C006566,Consumer,Singapore,2026-04-04,VERIFIED
C006567,SME,Singapore,2024-10-27,VERIFIED
C006568,Consumer,India,2025-03-13,VERIFIED
C006569,Consumer,India,2024-01-11,VERIFIED
C006570,Consumer,UAE,2026-04-16,VERIFIED
C006571,Consumer,India,2025-08-29,VERIFIED
C006572,Consumer,India,2025-10-03,VERIFIED
C006573,Consumer,Singapore,2024-04-12,PENDING
C006574,SME,India,2026-02-23,VERIFIED
C006575,Consumer,UAE,2025-04-30,VERIFIED
C006576,SME,Singapore,2024-04-19,VERIFIED
C006577,Enterprise,India,2026-03-14,VERIFIED
C006578,Consumer,India,2025-10-04,VERIFIED
C006579,Consumer,India,2025-12-03,VERIFIED
C006580,Consumer,India,2026-03-21,VERIFIED
C006581,SME,UAE,2024-04-02,VERIFIED
C006582,Enterprise,Singapore,2026-03-11,VERIFIED
C006583,SME,India,2025-12-18,VERIFIED
C006584,Consumer,India,2026-05-19,PENDING
C006585,SME,India,2025-06-24,PENDING
C006586,Consumer,India,2025-11-29,VERIFIED
C006587,Consumer,Singapore,2026-04-28,VERIFIED
C006588,Consumer,Singapore,2025-05-21,VERIFIED
C006589,Consumer,Singapore,2024-06-25,PENDING
C006590,SME,India,2025-03-14,VERIFIED
C006591,Consumer,Singapore,2026-04-22,VERIFIED
C006592,Consumer,India,2025-10-29,VERIFIED
C006593,Consumer,Singapore,2026-01-27,VERIFIED
C006594,SME,India,2025-12-11,VERIFIED
C006595,SME,Singapore,2025-05-25,VERIFIED
C006596,Consumer,UAE,2024-04-18,VERIFIED
C006597,Consumer,UAE,2026-05-21,VERIFIED
C006598,Consumer,UAE,2024-03-12,VERIFIED
C006599,Enterprise,UAE,2025-05-03,VERIFIED
C006600,Consumer,Singapore,2026-01-02,VERIFIED
C006601,Consumer,UAE,2024-10-07,VERIFIED
C006602,Consumer,UAE,2024-08-01,VERIFIED
C006603,Consumer,Singapore,2025-04-01,VERIFIED
C006604,SME,India,2025-08-09,PENDING
C006605,Consumer,India,2025-02-21,VERIFIED
C006606,Consumer,UAE,2026-01-23,VERIFIED
C006607,Consumer,India,2025-05-24,VERIFIED
C006608,Consumer,Singapore,2025-10-23,PENDING
C006609,Enterprise,India,2024-11-18,VERIFIED
C006610,Consumer,India,2024-06-26,VERIFIED
C006611,SME,Singapore,2025-11-18,VERIFIED
C006612,SME,UAE,2024-04-13,VERIFIED
C006613,Consumer,India,2024-04-28,VERIFIED
C006614,Consumer,UAE,2025-12-12,PENDING
C006615,Consumer,Singapore,2025-08-04,VERIFIED
C006616,SME,India,2024-02-26,VERIFIED
C006617,Consumer,India,2025-02-12,VERIFIED
C006618,Consumer,India,2025-07-31,VERIFIED
C006619,Consumer,India,2024-02-27,PENDING
C006620,SME,India,2024-04-26,VERIFIED
C006621,Consumer,India,2025-02-28,VERIFIED
C006622,Consumer,India,2026-03-29,VERIFIED
C006623,Consumer,UAE,2024-01-21,REJECTED
C006624,Consumer,India,2024-03-19,VERIFIED
C006625,SME,Singapore,2026-04-03,VERIFIED
C006626,Consumer,India,2026-05-15,VERIFIED
C006627,SME,UAE,2025-07-12,VERIFIED
C006628,SME,UAE,2025-11-13,VERIFIED
C006629,Consumer,India,2025-08-18,VERIFIED
C006630,SME,UAE,2024-04-17,VERIFIED
C006631,Consumer,UAE,2026-03-09,VERIFIED
C006632,Consumer,Singapore,2024-09-27,VERIFIED
C006633,SME,Singapore,2025-11-18,VERIFIED
C006634,Consumer,India,2026-04-09,VERIFIED
C006635,SME,India,2025-04-20,VERIFIED
C006636,Consumer,India,2024-03-10,PENDING
C006637,Enterprise,India,2025-01-21,VERIFIED
C006638,Consumer,India,2024-06-14,VERIFIED
C006639,Consumer,UAE,2026-05-04,VERIFIED
C006640,Consumer,India,2024-02-27,VERIFIED
C006641,SME,UAE,2025-03-26,VERIFIED
C006642,SME,Singapore,2024-09-01,VERIFIED
C006643,Consumer,India,2024-02-14,PENDING
C006644,SME,India,2025-11-14,REJECTED
C006645,Consumer,India,2026-02-14,VERIFIED
C006646,Consumer,UAE,2025-01-17,VERIFIED
C006647,SME,UAE,2025-07-31,VERIFIED
C006648,SME,India,2026-04-18,VERIFIED
C006649,SME,UAE,2025-12-01,VERIFIED
C006650,SME,Singapore,2026-02-23,VERIFIED
C006651,Consumer,India,2024-03-11,VERIFIED
C006652,SME,Singapore,2026-05-14,VERIFIED
C006653,Consumer,Singapore,2025-07-01,VERIFIED
C006654,Consumer,India,2024-08-26,PENDING
C006655,Consumer,Singapore,2025-08-02,VERIFIED
C006656,Consumer,India,2024-04-17,VERIFIED
C006657,Consumer,India,2024-07-26,VERIFIED
C006658,Consumer,India,2026-02-27,VERIFIED
C006659,Consumer,UAE,2025-12-22,VERIFIED
C006660,Consumer,Singapore,2024-10-28,VERIFIED
C006661,Consumer,India,2025-03-05,VERIFIED
C006662,Consumer,India,2024-12-13,VERIFIED
C006663,Consumer,India,2024-04-16,VERIFIED
C006664,SME,Singapore,2025-06-11,VERIFIED
C006665,SME,India,2026-01-20,VERIFIED
C006666,SME,UAE,2025-02-09,VERIFIED
C006667,Consumer,UAE,2026-01-03,VERIFIED
C006668,SME,Singapore,2024-09-12,VERIFIED
C006669,Consumer,India,2024-10-27,VERIFIED
C006670,Consumer,India,2024-05-24,VERIFIED
C006671,Consumer,India,2025-11-06,VERIFIED
C006672,SME,Singapore,2025-06-07,VERIFIED
C006673,Consumer,Singapore,2025-07-15,VERIFIED
C006674,Consumer,India,2026-04-06,VERIFIED
C006675,Consumer,India,2024-12-25,VERIFIED
C006676,SME,UAE,2025-06-07,VERIFIED
C006677,SME,India,2025-04-28,VERIFIED
C006678,Consumer,India,2024-07-08,VERIFIED
C006679,Consumer,Singapore,2024-10-22,VERIFIED
C006680,Consumer,India,2024-04-02,VERIFIED
C006681,SME,Singapore,2024-05-09,VERIFIED
C006682,Consumer,Singapore,2026-05-10,VERIFIED
C006683,SME,Singapore,2025-04-28,VERIFIED
C006684,Consumer,India,2026-05-25,VERIFIED
C006685,SME,India,2025-02-12,VERIFIED
C006686,Consumer,India,2024-12-06,REJECTED
C006687,Consumer,India,2024-08-01,VERIFIED
C006688,Consumer,UAE,2024-11-25,VERIFIED
C006689,Consumer,Singapore,2026-03-09,PENDING
C006690,Consumer,India,2024-06-23,VERIFIED
C006691,SME,UAE,2025-03-19,VERIFIED
C006692,Consumer,Singapore,2024-07-19,VERIFIED
C006693,SME,India,2025-09-08,VERIFIED
C006694,SME,India,2026-01-12,VERIFIED
C006695,Consumer,India,2024-04-07,VERIFIED
C006696,SME,UAE,2024-04-12,VERIFIED
C006697,SME,India,2025-07-06,VERIFIED
C006698,Consumer,UAE,2024-05-30,VERIFIED
C006699,SME,India,2024-09-24,VERIFIED
C006700,Consumer,UAE,2026-04-18,PENDING
C006701,Consumer,India,2024-12-17,VERIFIED
C006702,SME,UAE,2025-04-11,PENDING
C006703,Consumer,UAE,2024-10-04,VERIFIED
C006704,Consumer,India,2025-07-21,VERIFIED
C006705,Consumer,Singapore,2024-01-16,VERIFIED
C006706,SME,Singapore,2025-03-31,VERIFIED
C006707,Enterprise,UAE,2026-01-03,VERIFIED
C006708,Consumer,India,2024-06-27,VERIFIED
C006709,SME,India,2024-05-13,VERIFIED
C006710,Enterprise,UAE,2024-09-14,VERIFIED
C006711,Consumer,Singapore,2024-03-02,REJECTED
C006712,Consumer,India,2025-04-26,VERIFIED
C006713,SME,UAE,2025-04-21,VERIFIED
C006714,SME,India,2025-09-26,VERIFIED
C006715,SME,Singapore,2024-02-11,VERIFIED
C006716,Consumer,India,2025-01-07,VERIFIED
C006717,Consumer,India,2025-01-07,VERIFIED
C006718,Consumer,India,2024-10-25,VERIFIED
C006719,Consumer,India,2024-02-21,VERIFIED
C006720,Consumer,India,2025-01-13,VERIFIED
C006721,SME,India,2024-11-07,VERIFIED
C006722,Consumer,India,2025-08-01,VERIFIED
C006723,SME,India,2024-02-28,VERIFIED
C006724,Consumer,Singapore,2024-10-30,VERIFIED
C006725,Consumer,India,2024-02-04,VERIFIED
C006726,Consumer,India,2025-10-09,VERIFIED
C006727,Consumer,Singapore,2025-08-10,VERIFIED
C006728,Consumer,UAE,2026-01-23,VERIFIED
C006729,Enterprise,Singapore,2025-05-07,VERIFIED
C006730,SME,India,2025-05-05,PENDING
C006731,Consumer,UAE,2026-03-10,VERIFIED
C006732,Consumer,UAE,2024-08-08,VERIFIED
C006733,Enterprise,India,2026-03-23,PENDING
C006734,Consumer,UAE,2025-08-19,VERIFIED
C006735,Consumer,India,2024-05-02,REJECTED
C006736,Consumer,India,2025-12-07,VERIFIED
C006737,Enterprise,India,2024-04-11,VERIFIED
C006738,Consumer,Singapore,2026-03-05,VERIFIED
C006739,Consumer,India,2025-05-29,VERIFIED
C006740,Enterprise,India,2024-11-08,VERIFIED
C006741,Consumer,India,2025-05-20,VERIFIED
C006742,Consumer,India,2025-05-08,VERIFIED
C006743,Consumer,India,2026-01-28,PENDING
C006744,SME,India,2025-10-21,VERIFIED
C006745,Consumer,India,2024-07-17,VERIFIED
C006746,Enterprise,UAE,2025-09-24,VERIFIED
C006747,SME,India,2025-11-11,VERIFIED
C006748,Consumer,India,2025-05-27,VERIFIED
C006749,Enterprise,India,2024-11-25,VERIFIED
C006750,Consumer,India,2025-09-12,VERIFIED
C006751,Consumer,India,2024-11-22,VERIFIED
C006752,Consumer,India,2024-01-10,VERIFIED
C006753,Consumer,Singapore,2024-05-06,VERIFIED
C006754,Consumer,India,2025-10-30,VERIFIED
C006755,Consumer,India,2024-08-18,VERIFIED
C006756,Consumer,India,2024-01-15,VERIFIED
C006757,SME,UAE,2026-02-25,VERIFIED
C006758,Consumer,Singapore,2025-05-01,PENDING
C006759,Enterprise,India,2025-03-17,VERIFIED
C006760,Consumer,India,2026-05-27,PENDING
C006761,Consumer,UAE,2025-07-11,PENDING
C006762,Consumer,India,2024-09-30,VERIFIED
C006763,Consumer,India,2025-09-09,PENDING
C006764,Consumer,India,2024-01-03,VERIFIED
C006765,SME,Singapore,2024-11-21,PENDING
C006766,Enterprise,UAE,2024-09-09,VERIFIED
C006767,Enterprise,UAE,2025-06-17,VERIFIED
C006768,Consumer,Singapore,2024-02-24,VERIFIED
C006769,SME,India,2025-03-23,VERIFIED
C006770,Consumer,India,2024-10-23,VERIFIED
C006771,Consumer,India,2025-09-13,VERIFIED
C006772,SME,UAE,2025-01-07,VERIFIED
C006773,SME,Singapore,2026-01-04,VERIFIED
C006774,Consumer,India,2025-04-13,VERIFIED
C006775,Consumer,India,2026-01-29,VERIFIED
C006776,Consumer,India,2024-05-15,VERIFIED
C006777,SME,UAE,2026-04-12,VERIFIED
C006778,Consumer,India,2024-09-02,VERIFIED
C006779,Enterprise,India,2024-03-10,VERIFIED
C006780,Consumer,India,2025-04-25,PENDING
C006781,Consumer,India,2025-06-13,VERIFIED
C006782,Consumer,UAE,2025-05-04,PENDING
C006783,Consumer,UAE,2025-05-17,PENDING
C006784,Consumer,UAE,2025-11-28,VERIFIED
C006785,SME,Singapore,2024-04-26,PENDING
C006786,SME,India,2024-09-13,VERIFIED
C006787,Enterprise,Singapore,2026-02-28,VERIFIED
C006788,SME,India,2025-08-29,VERIFIED
C006789,SME,Singapore,2025-03-03,VERIFIED
C006790,Consumer,India,2024-04-24,PENDING
C006791,SME,Singapore,2025-05-08,VERIFIED
C006792,Consumer,India,2024-03-02,VERIFIED
C006793,Consumer,India,2026-02-25,VERIFIED
C006794,Consumer,UAE,2026-04-06,VERIFIED
C006795,Consumer,UAE,2025-05-11,VERIFIED
C006796,Consumer,India,2025-09-27,VERIFIED
C006797,Enterprise,India,2024-03-20,VERIFIED
C006798,Consumer,UAE,2025-10-20,VERIFIED
C006799,Consumer,Singapore,2025-04-29,VERIFIED
C006800,Consumer,India,2024-01-22,VERIFIED
C006801,Consumer,Singapore,2025-08-17,VERIFIED
C006802,Consumer,India,2024-11-19,PENDING
C006803,Consumer,India,2025-05-31,VERIFIED
C006804,Consumer,UAE,2024-09-17,VERIFIED
C006805,Consumer,India,2026-03-02,VERIFIED
C006806,SME,India,2024-05-08,VERIFIED
C006807,SME,India,2025-09-17,VERIFIED
C006808,Consumer,India,2024-10-10,VERIFIED
C006809,Consumer,India,2024-02-16,VERIFIED
C006810,Consumer,India,2026-05-02,VERIFIED
C006811,SME,India,2024-07-06,VERIFIED
C006812,Consumer,India,2024-01-19,VERIFIED
C006813,Consumer,India,2025-08-21,VERIFIED
C006814,SME,India,2025-10-15,VERIFIED
C006815,Consumer,Singapore,2026-02-01,VERIFIED
C006816,Consumer,India,2026-04-17,VERIFIED
C006817,Consumer,India,2026-05-31,VERIFIED
C006818,Enterprise,Singapore,2024-01-08,VERIFIED
C006819,SME,UAE,2024-02-06,VERIFIED
C006820,SME,UAE,2025-08-20,VERIFIED
C006821,Consumer,India,2024-03-12,VERIFIED
C006822,Consumer,Singapore,2025-01-15,VERIFIED
C006823,Enterprise,India,2024-09-22,VERIFIED
C006824,Enterprise,India,2024-03-07,VERIFIED
C006825,Consumer,India,2025-10-14,VERIFIED
C006826,SME,India,2026-03-17,VERIFIED
C006827,Consumer,India,2024-03-04,VERIFIED
C006828,Consumer,Singapore,2024-01-30,VERIFIED
C006829,SME,Singapore,2025-07-10,VERIFIED
C006830,Consumer,India,2025-10-07,VERIFIED
C006831,Enterprise,India,2024-01-16,VERIFIED
C006832,Consumer,India,2024-10-04,VERIFIED
C006833,Consumer,India,2025-12-31,PENDING
C006834,Enterprise,UAE,2024-10-03,VERIFIED
C006835,Enterprise,Singapore,2024-08-08,VERIFIED
C006836,Consumer,UAE,2024-07-11,VERIFIED
C006837,Consumer,Singapore,2025-10-31,PENDING
C006838,Consumer,India,2024-01-24,VERIFIED
C006839,Consumer,India,2026-04-11,VERIFIED
C006840,Enterprise,India,2024-05-20,VERIFIED
C006841,Enterprise,India,2026-01-03,VERIFIED
C006842,Consumer,UAE,2024-01-26,VERIFIED
C006843,Consumer,India,2024-04-07,VERIFIED
C006844,Consumer,India,2024-10-02,VERIFIED
C006845,Enterprise,Singapore,2025-07-26,REJECTED
C006846,Consumer,UAE,2024-08-30,VERIFIED
C006847,Consumer,India,2025-03-08,VERIFIED
C006848,Consumer,Singapore,2024-01-09,VERIFIED
C006849,Consumer,India,2026-05-18,VERIFIED
C006850,Consumer,India,2024-09-28,VERIFIED
C006851,Consumer,India,2026-02-10,VERIFIED
C006852,Enterprise,India,2024-02-01,VERIFIED
C006853,Enterprise,Singapore,2026-05-01,VERIFIED
C006854,SME,India,2025-08-27,VERIFIED
C006855,Consumer,Singapore,2025-04-23,VERIFIED
C006856,Consumer,UAE,2024-05-07,VERIFIED
C006857,Consumer,India,2026-01-18,VERIFIED
C006858,Consumer,Singapore,2024-01-17,VERIFIED
C006859,Enterprise,India,2025-07-06,VERIFIED
C006860,SME,India,2025-04-17,PENDING
C006861,Consumer,Singapore,2024-10-27,VERIFIED
C006862,Enterprise,Singapore,2026-02-22,VERIFIED
C006863,Enterprise,India,2026-02-26,REJECTED
C006864,Consumer,UAE,2024-02-11,VERIFIED
C006865,Consumer,India,2026-02-16,VERIFIED
C006866,Consumer,UAE,2024-02-21,VERIFIED
C006867,Consumer,India,2024-07-06,VERIFIED
C006868,Consumer,India,2024-05-30,VERIFIED
C006869,Consumer,India,2024-08-31,VERIFIED
C006870,Enterprise,India,2026-03-11,VERIFIED
C006871,Consumer,Singapore,2025-05-05,PENDING
C006872,Consumer,Singapore,2024-05-06,VERIFIED
C006873,Consumer,India,2025-12-17,VERIFIED
C006874,Consumer,India,2025-02-12,PENDING
C006875,SME,India,2026-03-28,VERIFIED
C006876,Consumer,India,2026-05-18,PENDING
C006877,Consumer,Singapore,2025-09-03,REJECTED
C006878,Consumer,Singapore,2024-12-09,VERIFIED
C006879,SME,UAE,2025-08-13,VERIFIED
C006880,Consumer,India,2025-11-25,VERIFIED
C006881,SME,India,2024-04-07,VERIFIED
C006882,Consumer,India,2024-03-08,VERIFIED
C006883,Consumer,UAE,2026-04-25,VERIFIED
C006884,Consumer,Singapore,2024-01-28,VERIFIED
C006885,Enterprise,India,2024-01-29,VERIFIED
C006886,Enterprise,India,2026-04-29,VERIFIED
C006887,Consumer,Singapore,2025-09-25,VERIFIED
C006888,Consumer,Singapore,2024-07-30,VERIFIED
C006889,Consumer,UAE,2025-11-18,VERIFIED
C006890,Consumer,India,2025-09-08,VERIFIED
C006891,Consumer,UAE,2025-04-24,VERIFIED
C006892,Enterprise,India,2024-03-12,VERIFIED
C006893,Enterprise,UAE,2025-05-05,VERIFIED
C006894,Consumer,UAE,2024-04-19,VERIFIED
C006895,Consumer,Singapore,2024-04-22,VERIFIED
C006896,SME,Singapore,2025-01-31,VERIFIED
C006897,SME,India,2024-08-19,VERIFIED
C006898,Consumer,India,2024-02-12,VERIFIED
C006899,Consumer,India,2024-09-21,VERIFIED
C006900,Consumer,India,2026-03-18,VERIFIED
C006901,Consumer,India,2024-02-15,VERIFIED
C006902,Consumer,India,2025-07-23,PENDING
C006903,Consumer,UAE,2024-08-12,VERIFIED
C006904,SME,India,2025-10-13,VERIFIED
C006905,Consumer,Singapore,2024-04-10,VERIFIED
C006906,Consumer,Singapore,2024-10-07,VERIFIED
C006907,Consumer,India,2024-08-25,VERIFIED
C006908,SME,India,2025-08-23,VERIFIED
C006909,SME,India,2024-09-02,VERIFIED
C006910,Consumer,Singapore,2025-11-21,VERIFIED
C006911,Consumer,Singapore,2026-01-12,VERIFIED
C006912,Enterprise,India,2024-04-08,VERIFIED
C006913,Consumer,Singapore,2025-12-27,VERIFIED
C006914,Consumer,India,2024-07-18,VERIFIED
C006915,Consumer,Singapore,2024-09-12,VERIFIED
C006916,Consumer,India,2025-03-12,VERIFIED
C006917,Consumer,Singapore,2025-05-08,VERIFIED
C006918,Enterprise,UAE,2025-03-11,VERIFIED
C006919,Consumer,Singapore,2025-12-07,VERIFIED
C006920,Consumer,India,2024-01-24,VERIFIED
C006921,Enterprise,India,2024-12-28,VERIFIED
C006922,Consumer,Singapore,2024-09-26,VERIFIED
C006923,Consumer,India,2026-02-28,VERIFIED
C006924,Consumer,India,2026-01-07,VERIFIED
C006925,Consumer,Singapore,2024-08-15,VERIFIED
C006926,Consumer,India,2024-05-07,PENDING
C006927,Consumer,India,2025-06-26,VERIFIED
C006928,SME,UAE,2026-05-02,VERIFIED
C006929,SME,India,2026-02-01,VERIFIED
C006930,SME,India,2024-02-27,VERIFIED
C006931,Consumer,Singapore,2024-11-20,VERIFIED
C006932,Consumer,UAE,2025-10-20,VERIFIED
C006933,Consumer,India,2024-04-15,PENDING
C006934,Consumer,Singapore,2025-03-12,VERIFIED
C006935,Enterprise,Singapore,2024-03-25,VERIFIED
C006936,Consumer,India,2024-01-02,VERIFIED
C006937,Consumer,India,2025-03-12,VERIFIED
C006938,SME,India,2025-03-26,VERIFIED
C006939,Consumer,Singapore,2026-03-25,VERIFIED
C006940,Consumer,UAE,2025-07-18,VERIFIED
C006941,SME,India,2025-03-16,VERIFIED
C006942,SME,Singapore,2024-08-09,VERIFIED
C006943,SME,Singapore,2024-01-25,VERIFIED
C006944,Consumer,India,2024-02-04,VERIFIED
C006945,Consumer,Singapore,2025-10-30,VERIFIED
C006946,SME,India,2024-12-08,VERIFIED
C006947,Consumer,UAE,2024-12-31,VERIFIED
C006948,Consumer,India,2025-10-18,VERIFIED
C006949,SME,Singapore,2024-12-01,VERIFIED
C006950,Consumer,Singapore,2025-03-08,VERIFIED
C006951,SME,India,2025-04-01,VERIFIED
C006952,Consumer,UAE,2026-02-28,VERIFIED
C006953,Consumer,Singapore,2025-04-23,VERIFIED
C006954,Consumer,UAE,2025-02-01,VERIFIED
C006955,SME,Singapore,2026-03-16,VERIFIED
C006956,Consumer,India,2024-12-08,REJECTED
C006957,Consumer,UAE,2026-02-27,VERIFIED
C006958,SME,Singapore,2025-11-21,VERIFIED
C006959,SME,Singapore,2024-10-06,VERIFIED
C006960,Enterprise,UAE,2024-12-17,VERIFIED
C006961,Consumer,India,2026-03-23,VERIFIED
C006962,Consumer,India,2024-07-15,VERIFIED
C006963,Enterprise,India,2024-08-12,VERIFIED
C006964,SME,Singapore,2024-02-16,PENDING
C006965,Consumer,Singapore,2024-07-03,VERIFIED
C006966,Consumer,UAE,2024-06-10,VERIFIED
C006967,SME,India,2025-10-04,PENDING
C006968,Consumer,Singapore,2024-10-21,VERIFIED
C006969,SME,UAE,2024-04-01,VERIFIED
C006970,Consumer,Singapore,2025-08-09,VERIFIED
C006971,Consumer,India,2025-10-11,VERIFIED
C006972,Consumer,Singapore,2024-06-16,VERIFIED
C006973,Consumer,UAE,2024-09-14,VERIFIED
C006974,Consumer,UAE,2026-01-19,VERIFIED
C006975,Consumer,Singapore,2025-07-10,PENDING
C006976,Consumer,UAE,2024-11-04,VERIFIED
C006977,SME,India,2025-10-10,VERIFIED
C006978,SME,India,2025-09-06,VERIFIED
C006979,SME,UAE,2024-05-08,VERIFIED
C006980,Consumer,India,2025-11-03,VERIFIED
C006981,Consumer,India,2025-07-03,VERIFIED
C006982,Consumer,India,2025-07-22,VERIFIED
C006983,Enterprise,Singapore,2024-06-09,PENDING
C006984,SME,Singapore,2024-06-24,VERIFIED
C006985,SME,India,2026-02-09,VERIFIED
C006986,Consumer,UAE,2024-10-14,PENDING
C006987,Consumer,UAE,2025-02-08,VERIFIED
C006988,Consumer,India,2026-04-15,VERIFIED
C006989,Consumer,India,2025-10-18,PENDING
C006990,Consumer,Singapore,2025-08-02,VERIFIED
C006991,Enterprise,Singapore,2024-12-05,VERIFIED
C006992,Consumer,India,2024-09-24,VERIFIED
C006993,Consumer,India,2024-08-05,VERIFIED
C006994,Consumer,India,2026-03-23,VERIFIED
C006995,Enterprise,India,2024-06-12,VERIFIED
C006996,Consumer,India,2026-04-27,VERIFIED
C006997,SME,Singapore,2025-11-21,VERIFIED
C006998,Enterprise,Singapore,2025-01-25,PENDING
C006999,Consumer,Singapore,2025-02-20,VERIFIED
C007000,Consumer,India,2024-02-17,VERIFIED
C007001,Consumer,Singapore,2024-07-12,PENDING
C007002,Consumer,India,2026-03-11,VERIFIED
C007003,SME,India,2025-12-18,VERIFIED
C007004,SME,Singapore,2024-03-24,VERIFIED
C007005,Consumer,Singapore,2025-09-04,PENDING
C007006,Consumer,India,2025-10-28,VERIFIED
C007007,Consumer,Singapore,2024-02-16,PENDING
C007008,Consumer,UAE,2024-08-21,VERIFIED
C007009,Consumer,India,2026-05-02,VERIFIED
C007010,Consumer,Singapore,2024-10-25,VERIFIED
C007011,Consumer,UAE,2026-04-27,PENDING
C007012,SME,Singapore,2024-05-26,VERIFIED
C007013,Consumer,India,2024-07-14,VERIFIED
C007014,Consumer,India,2024-01-22,VERIFIED
C007015,Consumer,India,2024-07-12,VERIFIED
C007016,SME,India,2025-01-20,VERIFIED
C007017,Consumer,Singapore,2024-12-29,VERIFIED
C007018,Consumer,India,2026-05-15,VERIFIED
C007019,Consumer,UAE,2024-09-30,VERIFIED
C007020,SME,India,2025-01-18,VERIFIED
C007021,Consumer,Singapore,2024-07-26,VERIFIED
C007022,SME,India,2024-10-01,VERIFIED
C007023,Enterprise,India,2025-12-29,VERIFIED
C007024,SME,Singapore,2025-05-10,PENDING
C007025,Consumer,India,2025-06-22,VERIFIED
C007026,Consumer,India,2025-06-10,VERIFIED
C007027,Consumer,India,2024-06-07,VERIFIED
C007028,Enterprise,India,2025-12-26,VERIFIED
C007029,Consumer,Singapore,2025-04-04,VERIFIED
C007030,Consumer,UAE,2025-01-28,PENDING
C007031,SME,India,2025-03-14,VERIFIED
C007032,Consumer,Singapore,2025-01-13,VERIFIED
C007033,Consumer,Singapore,2026-05-12,PENDING
C007034,Consumer,UAE,2024-06-12,VERIFIED
C007035,Consumer,UAE,2025-09-30,VERIFIED
C007036,SME,Singapore,2024-11-25,VERIFIED
C007037,Consumer,India,2025-07-23,VERIFIED
C007038,Consumer,India,2024-05-26,VERIFIED
C007039,Consumer,India,2026-02-06,VERIFIED
C007040,SME,Singapore,2024-04-19,VERIFIED
C007041,SME,Singapore,2025-01-28,VERIFIED
C007042,Consumer,Singapore,2025-07-14,VERIFIED
C007043,SME,Singapore,2024-06-30,VERIFIED
C007044,Consumer,India,2025-07-26,VERIFIED
C007045,Enterprise,Singapore,2025-03-18,VERIFIED
C007046,Consumer,India,2026-01-16,VERIFIED
C007047,SME,India,2026-01-23,VERIFIED
C007048,Consumer,India,2024-05-09,VERIFIED
C007049,Consumer,UAE,2026-04-22,VERIFIED
C007050,Consumer,India,2026-02-14,PENDING
C007051,SME,Singapore,2025-02-06,VERIFIED
C007052,Consumer,India,2025-05-19,VERIFIED
C007053,Enterprise,India,2025-12-20,VERIFIED
C007054,Consumer,UAE,2025-10-15,VERIFIED
C007055,Consumer,Singapore,2024-01-22,VERIFIED
C007056,Consumer,India,2024-01-17,PENDING
C007057,SME,India,2026-05-24,VERIFIED
C007058,Consumer,UAE,2026-04-10,VERIFIED
C007059,SME,India,2025-09-25,VERIFIED
C007060,Enterprise,Singapore,2024-10-08,VERIFIED
C007061,Enterprise,India,2024-08-14,VERIFIED
C007062,Consumer,India,2025-02-23,VERIFIED
C007063,SME,India,2025-01-07,VERIFIED
C007064,SME,Singapore,2024-10-27,VERIFIED
C007065,Consumer,Singapore,2024-10-12,VERIFIED
C007066,Consumer,India,2024-04-25,VERIFIED
C007067,Consumer,Singapore,2024-05-28,VERIFIED
C007068,Consumer,UAE,2025-02-07,VERIFIED
C007069,Consumer,UAE,2025-11-12,VERIFIED
C007070,Consumer,India,2024-03-30,VERIFIED
C007071,Consumer,India,2024-04-28,VERIFIED
C007072,Consumer,UAE,2025-11-26,VERIFIED
C007073,Consumer,India,2026-02-14,VERIFIED
C007074,Consumer,India,2026-01-08,VERIFIED
C007075,Consumer,UAE,2024-04-02,VERIFIED
C007076,Consumer,India,2025-09-20,VERIFIED
C007077,Consumer,India,2025-03-22,VERIFIED
C007078,SME,India,2024-11-07,VERIFIED
C007079,Consumer,UAE,2024-11-13,VERIFIED
C007080,SME,India,2024-04-30,VERIFIED
C007081,Consumer,UAE,2024-11-12,VERIFIED
C007082,SME,Singapore,2024-05-17,VERIFIED
C007083,Consumer,India,2026-01-12,VERIFIED
C007084,Consumer,India,2026-03-28,VERIFIED
C007085,SME,India,2025-10-21,VERIFIED
C007086,Consumer,Singapore,2024-10-10,VERIFIED
C007087,SME,India,2025-10-15,VERIFIED
C007088,Consumer,UAE,2026-04-23,VERIFIED
C007089,Consumer,India,2025-06-03,VERIFIED
C007090,Consumer,India,2025-05-19,VERIFIED
C007091,Consumer,India,2025-01-25,VERIFIED
C007092,Enterprise,Singapore,2024-01-05,VERIFIED
C007093,SME,India,2026-02-07,VERIFIED
C007094,Consumer,India,2025-01-01,PENDING
C007095,Consumer,UAE,2026-04-20,VERIFIED
C007096,Consumer,Singapore,2025-05-06,VERIFIED
C007097,SME,Singapore,2026-01-27,VERIFIED
C007098,Consumer,Singapore,2025-04-10,VERIFIED
C007099,Consumer,Singapore,2024-08-22,VERIFIED
C007100,SME,India,2024-12-27,VERIFIED
C007101,Consumer,India,2025-06-05,VERIFIED
C007102,Consumer,Singapore,2024-08-29,VERIFIED
C007103,Enterprise,India,2025-03-17,PENDING
C007104,Consumer,Singapore,2026-04-12,PENDING
C007105,Consumer,India,2024-07-06,VERIFIED
C007106,Consumer,India,2025-02-07,VERIFIED
C007107,Consumer,India,2026-04-05,PENDING
C007108,Consumer,India,2025-03-02,VERIFIED
C007109,SME,Singapore,2025-02-16,VERIFIED
C007110,Consumer,India,2025-05-28,PENDING
C007111,SME,India,2024-06-02,PENDING
C007112,Enterprise,UAE,2024-07-21,VERIFIED
C007113,Consumer,India,2024-08-04,VERIFIED
C007114,Consumer,Singapore,2025-04-26,VERIFIED
C007115,Consumer,UAE,2024-11-10,VERIFIED
C007116,Enterprise,UAE,2025-09-08,VERIFIED
C007117,SME,UAE,2024-01-01,VERIFIED
C007118,Consumer,India,2026-02-04,VERIFIED
C007119,SME,UAE,2025-05-17,VERIFIED
C007120,Consumer,Singapore,2026-03-09,VERIFIED
C007121,Enterprise,UAE,2026-03-16,VERIFIED
C007122,Consumer,India,2024-10-04,VERIFIED
C007123,Consumer,UAE,2024-07-12,PENDING
C007124,SME,Singapore,2026-02-07,VERIFIED
C007125,Consumer,Singapore,2026-01-31,VERIFIED
C007126,Consumer,India,2024-09-04,VERIFIED
C007127,Consumer,India,2024-03-28,VERIFIED
C007128,Consumer,UAE,2025-03-09,VERIFIED
C007129,Consumer,India,2025-02-23,VERIFIED
C007130,Enterprise,India,2024-09-09,VERIFIED
C007131,Consumer,UAE,2025-03-04,VERIFIED
C007132,Consumer,India,2024-06-12,PENDING
C007133,SME,India,2025-05-09,VERIFIED
C007134,Consumer,India,2024-06-10,VERIFIED
C007135,Consumer,India,2025-05-21,VERIFIED
C007136,SME,India,2024-09-21,VERIFIED
C007137,SME,India,2024-04-19,VERIFIED
C007138,Consumer,India,2026-05-01,PENDING
C007139,SME,Singapore,2025-12-19,VERIFIED
C007140,Consumer,UAE,2024-11-14,VERIFIED
C007141,Enterprise,India,2024-05-11,VERIFIED
C007142,Consumer,India,2024-05-12,VERIFIED
C007143,SME,India,2025-01-28,VERIFIED
C007144,Consumer,UAE,2025-09-11,VERIFIED
C007145,Enterprise,UAE,2025-11-14,VERIFIED
C007146,SME,India,2025-07-05,VERIFIED
C007147,SME,India,2026-03-14,VERIFIED
C007148,Consumer,Singapore,2024-02-04,VERIFIED
C007149,Consumer,Singapore,2025-07-24,VERIFIED
C007150,Consumer,India,2025-12-05,VERIFIED
C007151,SME,Singapore,2025-12-22,VERIFIED
C007152,Consumer,Singapore,2025-01-06,VERIFIED
C007153,Enterprise,UAE,2024-01-31,VERIFIED
C007154,SME,India,2024-06-22,VERIFIED
C007155,Consumer,UAE,2026-03-27,PENDING
C007156,SME,India,2025-01-24,VERIFIED
C007157,Consumer,Singapore,2025-12-10,VERIFIED
C007158,Consumer,India,2024-04-15,VERIFIED
C007159,Consumer,India,2024-10-01,VERIFIED
C007160,Consumer,Singapore,2024-04-05,VERIFIED
C007161,SME,India,2025-11-12,VERIFIED
C007162,Consumer,India,2024-01-30,VERIFIED
C007163,Consumer,India,2026-03-04,VERIFIED
C007164,SME,India,2024-06-09,VERIFIED
C007165,SME,India,2024-11-01,VERIFIED
C007166,Consumer,UAE,2025-09-14,VERIFIED
C007167,SME,India,2025-12-24,VERIFIED
C007168,Consumer,India,2024-07-14,VERIFIED
C007169,Consumer,India,2025-08-30,VERIFIED
C007170,Consumer,India,2024-12-03,VERIFIED
C007171,Consumer,India,2024-05-17,VERIFIED
C007172,SME,India,2026-02-28,VERIFIED
C007173,Consumer,India,2025-03-22,VERIFIED
C007174,SME,India,2024-11-05,VERIFIED
C007175,Consumer,Singapore,2024-06-27,VERIFIED
C007176,Consumer,Singapore,2024-12-02,VERIFIED
C007177,Enterprise,India,2024-08-21,VERIFIED
C007178,SME,India,2024-09-05,VERIFIED
C007179,Consumer,UAE,2024-05-11,VERIFIED
C007180,Consumer,India,2024-09-05,VERIFIED
C007181,Consumer,UAE,2026-03-15,VERIFIED
C007182,Consumer,India,2025-03-30,VERIFIED
C007183,SME,India,2025-05-13,VERIFIED
C007184,SME,Singapore,2024-03-03,VERIFIED
C007185,Consumer,UAE,2026-03-29,VERIFIED
C007186,Enterprise,India,2025-01-26,VERIFIED
C007187,Consumer,India,2024-09-13,VERIFIED
C007188,Consumer,India,2024-09-04,PENDING
C007189,Consumer,UAE,2024-09-20,VERIFIED
C007190,Consumer,Singapore,2025-04-11,VERIFIED
C007191,Consumer,India,2026-04-28,VERIFIED
C007192,Consumer,India,2024-12-26,VERIFIED
C007193,Consumer,India,2026-05-29,VERIFIED
C007194,Consumer,India,2025-01-27,VERIFIED
C007195,SME,India,2024-06-27,VERIFIED
C007196,Consumer,Singapore,2025-05-20,VERIFIED
C007197,Consumer,India,2026-04-06,VERIFIED
C007198,SME,India,2026-03-23,VERIFIED
C007199,Enterprise,Singapore,2025-05-13,PENDING
C007200,Enterprise,India,2025-11-07,VERIFIED
C007201,Consumer,India,2025-08-25,VERIFIED
C007202,Consumer,India,2026-04-13,PENDING
C007203,Consumer,India,2025-12-04,VERIFIED
C007204,Consumer,UAE,2024-10-18,VERIFIED
C007205,Enterprise,Singapore,2025-08-10,VERIFIED
C007206,Consumer,India,2026-03-28,VERIFIED
C007207,Consumer,India,2024-04-08,VERIFIED
C007208,Consumer,India,2025-08-29,VERIFIED
C007209,Consumer,India,2024-06-29,VERIFIED
C007210,SME,India,2025-02-06,VERIFIED
C007211,Consumer,India,2025-10-27,VERIFIED
C007212,Consumer,India,2025-01-08,VERIFIED
C007213,Consumer,India,2026-05-17,VERIFIED
C007214,Consumer,Singapore,2026-04-15,VERIFIED
C007215,Consumer,UAE,2025-09-15,VERIFIED
C007216,Consumer,UAE,2025-11-13,VERIFIED
C007217,Consumer,India,2024-09-09,VERIFIED
C007218,SME,Singapore,2026-05-12,VERIFIED
C007219,Enterprise,Singapore,2024-05-01,VERIFIED
C007220,Enterprise,UAE,2025-03-17,VERIFIED
C007221,Enterprise,India,2025-12-17,VERIFIED
C007222,Consumer,Singapore,2024-09-01,VERIFIED
C007223,Consumer,India,2025-09-30,VERIFIED
C007224,Consumer,Singapore,2025-05-05,VERIFIED
C007225,SME,India,2026-05-20,VERIFIED
C007226,Enterprise,Singapore,2026-04-06,REJECTED
C007227,SME,UAE,2024-02-15,VERIFIED
C007228,Consumer,India,2025-03-27,VERIFIED
C007229,Enterprise,India,2024-10-22,VERIFIED
C007230,Consumer,India,2026-01-17,VERIFIED
C007231,Consumer,India,2024-05-20,VERIFIED
C007232,Consumer,India,2025-09-24,PENDING
C007233,Consumer,India,2026-05-22,VERIFIED
C007234,Consumer,UAE,2025-06-04,PENDING
C007235,Consumer,India,2024-03-06,VERIFIED
C007236,Consumer,Singapore,2025-04-27,VERIFIED
C007237,Consumer,UAE,2024-11-04,VERIFIED
C007238,SME,UAE,2025-04-04,VERIFIED
C007239,SME,Singapore,2025-08-15,VERIFIED
C007240,Consumer,India,2026-02-10,VERIFIED
C007241,SME,Singapore,2025-02-01,VERIFIED
C007242,Enterprise,India,2025-04-13,VERIFIED
C007243,Consumer,UAE,2025-09-08,VERIFIED
C007244,Consumer,Singapore,2025-01-26,VERIFIED
C007245,Consumer,Singapore,2024-04-06,VERIFIED
C007246,Consumer,India,2024-07-08,VERIFIED
C007247,SME,Singapore,2026-05-09,VERIFIED
C007248,SME,UAE,2024-07-13,VERIFIED
C007249,Consumer,UAE,2024-11-29,VERIFIED
C007250,SME,India,2024-03-23,VERIFIED
C007251,SME,UAE,2024-09-07,VERIFIED
C007252,Enterprise,India,2024-03-10,PENDING
C007253,Consumer,Singapore,2024-10-18,PENDING
C007254,Enterprise,Singapore,2024-12-05,VERIFIED
C007255,Consumer,India,2025-01-19,VERIFIED
C007256,Consumer,India,2025-11-30,VERIFIED
C007257,Consumer,Singapore,2025-04-02,VERIFIED
C007258,Consumer,India,2024-05-20,VERIFIED
C007259,SME,India,2024-05-19,VERIFIED
C007260,Consumer,Singapore,2024-03-15,PENDING
C007261,Consumer,UAE,2024-04-09,VERIFIED
C007262,Consumer,Singapore,2025-10-18,VERIFIED
C007263,SME,India,2024-06-23,VERIFIED
C007264,Consumer,India,2026-03-31,VERIFIED
C007265,SME,Singapore,2026-01-02,VERIFIED
C007266,Consumer,India,2024-11-18,VERIFIED
C007267,Consumer,Singapore,2025-04-21,VERIFIED
C007268,Consumer,Singapore,2024-01-10,VERIFIED
C007269,Consumer,India,2024-02-15,VERIFIED
C007270,Consumer,India,2026-04-30,VERIFIED
C007271,Consumer,UAE,2025-09-20,VERIFIED
C007272,Enterprise,India,2025-05-30,VERIFIED
C007273,SME,Singapore,2024-11-08,VERIFIED
C007274,Consumer,UAE,2024-08-25,REJECTED
C007275,Consumer,UAE,2026-03-16,VERIFIED
C007276,SME,India,2024-01-31,VERIFIED
C007277,Consumer,India,2025-05-24,PENDING
C007278,Consumer,UAE,2024-05-09,VERIFIED
C007279,SME,Singapore,2026-01-22,VERIFIED
C007280,Consumer,India,2025-01-19,VERIFIED
C007281,Consumer,India,2025-08-15,PENDING
C007282,Consumer,India,2024-01-25,VERIFIED
C007283,Consumer,UAE,2024-09-17,VERIFIED
C007284,Consumer,India,2025-07-13,VERIFIED
C007285,Consumer,UAE,2025-02-01,VERIFIED
C007286,Consumer,UAE,2025-07-17,VERIFIED
C007287,Consumer,UAE,2024-11-25,VERIFIED
C007288,Consumer,Singapore,2024-05-28,VERIFIED
C007289,Enterprise,UAE,2025-02-12,VERIFIED
C007290,SME,India,2025-09-02,VERIFIED
C007291,SME,India,2025-08-01,VERIFIED
C007292,Consumer,UAE,2025-12-22,VERIFIED
C007293,Consumer,India,2026-01-29,VERIFIED
C007294,Consumer,India,2024-04-28,VERIFIED
C007295,Consumer,India,2025-03-09,VERIFIED
C007296,Enterprise,India,2024-08-15,VERIFIED
C007297,Consumer,Singapore,2025-09-06,VERIFIED
C007298,Consumer,Singapore,2026-03-11,VERIFIED
C007299,Consumer,India,2024-08-27,VERIFIED
C007300,SME,UAE,2024-08-19,PENDING
C007301,Consumer,India,2024-10-16,VERIFIED
C007302,Consumer,Singapore,2024-06-02,VERIFIED
C007303,Consumer,India,2025-11-12,VERIFIED
C007304,SME,Singapore,2024-06-07,VERIFIED
C007305,Consumer,India,2025-09-16,VERIFIED
C007306,Enterprise,India,2025-07-16,VERIFIED
C007307,SME,UAE,2025-04-20,VERIFIED
C007308,Consumer,India,2025-07-01,PENDING
C007309,SME,UAE,2024-01-13,VERIFIED
C007310,Consumer,Singapore,2026-05-02,VERIFIED
C007311,Enterprise,India,2025-05-21,VERIFIED
C007312,Consumer,Singapore,2024-08-05,VERIFIED
C007313,Consumer,India,2026-01-24,VERIFIED
C007314,Consumer,India,2026-01-04,VERIFIED
C007315,Consumer,UAE,2025-12-20,VERIFIED
C007316,Enterprise,India,2026-02-19,VERIFIED
C007317,Consumer,Singapore,2024-08-09,VERIFIED
C007318,SME,India,2024-10-14,VERIFIED
C007319,Consumer,Singapore,2025-06-07,VERIFIED
C007320,Enterprise,India,2025-05-01,VERIFIED
C007321,Consumer,India,2025-11-29,PENDING
C007322,Consumer,UAE,2025-11-11,VERIFIED
C007323,Consumer,India,2026-03-15,PENDING
C007324,SME,Singapore,2024-11-19,PENDING
C007325,Consumer,India,2025-09-09,VERIFIED
C007326,Consumer,India,2024-06-24,VERIFIED
C007327,Consumer,Singapore,2026-05-10,VERIFIED
C007328,SME,India,2024-02-10,VERIFIED
C007329,Consumer,India,2026-04-03,VERIFIED
C007330,Consumer,UAE,2024-11-20,VERIFIED
C007331,Consumer,UAE,2026-01-30,VERIFIED
C007332,SME,India,2024-09-23,VERIFIED
C007333,Enterprise,India,2026-01-03,VERIFIED
C007334,Consumer,Singapore,2025-01-27,PENDING
C007335,Consumer,UAE,2024-04-22,VERIFIED
C007336,Consumer,UAE,2024-10-10,PENDING
C007337,Consumer,UAE,2026-02-28,VERIFIED
C007338,Consumer,India,2024-07-21,VERIFIED
C007339,SME,UAE,2026-05-02,VERIFIED
C007340,Consumer,UAE,2026-02-12,VERIFIED
C007341,Enterprise,India,2026-03-04,REJECTED
C007342,Consumer,India,2024-05-23,VERIFIED
C007343,SME,India,2024-08-30,VERIFIED
C007344,Consumer,Singapore,2026-02-20,VERIFIED
C007345,Consumer,India,2024-02-04,VERIFIED
C007346,Consumer,India,2026-03-20,REJECTED
C007347,Consumer,India,2024-02-22,VERIFIED
C007348,Consumer,India,2025-05-17,VERIFIED
C007349,SME,India,2024-12-21,VERIFIED
C007350,Enterprise,Singapore,2024-05-29,VERIFIED
C007351,Consumer,India,2025-03-12,VERIFIED
C007352,Consumer,UAE,2025-03-25,VERIFIED
C007353,Consumer,UAE,2025-06-08,VERIFIED
C007354,Consumer,UAE,2024-09-23,VERIFIED
C007355,Consumer,Singapore,2025-08-31,VERIFIED
C007356,SME,India,2024-03-26,VERIFIED
C007357,Enterprise,India,2024-11-04,VERIFIED
C007358,Enterprise,India,2024-09-21,VERIFIED
C007359,Consumer,UAE,2025-05-06,VERIFIED
C007360,SME,India,2025-08-05,VERIFIED
C007361,SME,Singapore,2024-01-17,VERIFIED
C007362,Consumer,Singapore,2024-07-07,VERIFIED
C007363,Consumer,UAE,2025-06-05,VERIFIED
C007364,SME,Singapore,2024-06-14,VERIFIED
C007365,Consumer,Singapore,2025-07-04,VERIFIED
C007366,Consumer,India,2026-05-27,VERIFIED
C007367,Consumer,Singapore,2024-12-10,VERIFIED
C007368,Consumer,India,2024-08-06,VERIFIED
C007369,Consumer,UAE,2024-04-03,VERIFIED
C007370,Enterprise,India,2024-06-06,VERIFIED
C007371,SME,India,2026-05-24,REJECTED
C007372,SME,UAE,2024-02-03,VERIFIED
C007373,Consumer,India,2026-03-11,VERIFIED
C007374,Consumer,UAE,2025-02-19,VERIFIED
C007375,Consumer,UAE,2025-05-20,VERIFIED
C007376,Consumer,Singapore,2025-05-04,VERIFIED
C007377,Consumer,India,2025-06-07,VERIFIED
C007378,Consumer,India,2024-08-20,VERIFIED
C007379,Consumer,UAE,2025-08-21,VERIFIED
C007380,Consumer,UAE,2025-08-27,VERIFIED
C007381,Consumer,India,2024-04-16,VERIFIED
C007382,Consumer,India,2024-07-11,VERIFIED
C007383,Enterprise,India,2025-04-12,VERIFIED
C007384,Consumer,UAE,2025-06-05,VERIFIED
C007385,SME,India,2025-09-28,VERIFIED
C007386,Consumer,India,2026-02-25,VERIFIED
C007387,Consumer,Singapore,2024-10-05,PENDING
C007388,Enterprise,India,2024-05-07,VERIFIED
C007389,Consumer,UAE,2024-12-06,VERIFIED
C007390,Consumer,India,2025-11-27,VERIFIED
C007391,SME,India,2026-05-24,VERIFIED
C007392,Consumer,India,2026-05-16,REJECTED
C007393,SME,India,2024-02-28,VERIFIED
C007394,Consumer,India,2024-06-30,VERIFIED
C007395,Consumer,India,2025-08-08,VERIFIED
C007396,Consumer,India,2025-05-28,VERIFIED
C007397,Consumer,UAE,2024-08-30,VERIFIED
C007398,SME,India,2024-08-15,VERIFIED
C007399,SME,UAE,2025-07-13,VERIFIED
C007400,Consumer,Singapore,2025-06-01,VERIFIED
C007401,Consumer,India,2025-07-08,VERIFIED
C007402,SME,India,2024-05-24,VERIFIED
C007403,Consumer,India,2024-05-06,VERIFIED
C007404,Consumer,India,2024-11-30,VERIFIED
C007405,Consumer,India,2026-01-27,VERIFIED
C007406,Consumer,India,2025-02-11,VERIFIED
C007407,SME,Singapore,2024-04-30,VERIFIED
C007408,Enterprise,India,2026-01-13,VERIFIED
C007409,Consumer,India,2025-12-01,VERIFIED
C007410,Consumer,India,2024-10-11,VERIFIED
C007411,Consumer,Singapore,2024-08-29,VERIFIED
C007412,Consumer,India,2024-03-18,PENDING
C007413,Consumer,UAE,2025-07-23,VERIFIED
C007414,SME,India,2025-03-25,VERIFIED
C007415,Consumer,UAE,2025-04-14,VERIFIED
C007416,Consumer,India,2024-06-29,VERIFIED
C007417,Consumer,UAE,2025-08-04,REJECTED
C007418,Consumer,Singapore,2024-09-21,VERIFIED
C007419,Consumer,India,2025-12-16,VERIFIED
C007420,SME,India,2025-11-12,VERIFIED
C007421,Consumer,India,2024-10-21,VERIFIED
C007422,SME,UAE,2024-09-03,REJECTED
C007423,Consumer,Singapore,2025-02-27,VERIFIED
C007424,Consumer,India,2024-02-28,VERIFIED
C007425,Consumer,India,2026-03-22,VERIFIED
C007426,Consumer,India,2026-04-12,VERIFIED
C007427,Consumer,Singapore,2025-04-02,PENDING
C007428,Consumer,Singapore,2024-01-11,VERIFIED
C007429,SME,India,2024-12-12,VERIFIED
C007430,SME,India,2026-05-01,VERIFIED
C007431,Consumer,India,2024-01-05,VERIFIED
C007432,Consumer,India,2025-12-17,VERIFIED
C007433,Consumer,India,2025-01-04,VERIFIED
C007434,Consumer,India,2025-04-02,VERIFIED
C007435,Consumer,India,2024-09-01,VERIFIED
C007436,SME,UAE,2024-09-05,VERIFIED
C007437,Consumer,Singapore,2025-03-10,VERIFIED
C007438,Consumer,UAE,2025-02-23,VERIFIED
C007439,Consumer,India,2024-04-14,VERIFIED
C007440,Consumer,UAE,2024-08-29,VERIFIED
C007441,SME,Singapore,2024-09-28,PENDING
C007442,Consumer,India,2025-06-02,VERIFIED
C007443,Consumer,India,2026-01-05,VERIFIED
C007444,SME,Singapore,2025-12-29,REJECTED
C007445,Consumer,UAE,2024-02-13,VERIFIED
C007446,SME,India,2024-01-26,VERIFIED
C007447,Consumer,India,2026-03-14,VERIFIED
C007448,Consumer,Singapore,2024-06-29,VERIFIED
C007449,SME,UAE,2025-08-26,REJECTED
C007450,Consumer,Singapore,2025-03-03,VERIFIED
C007451,Consumer,India,2024-09-24,VERIFIED
C007452,Consumer,India,2026-05-07,VERIFIED
C007453,Consumer,India,2025-08-02,VERIFIED
C007454,Consumer,UAE,2026-05-25,VERIFIED
C007455,SME,Singapore,2024-05-30,VERIFIED
C007456,Enterprise,Singapore,2025-09-07,VERIFIED
C007457,Consumer,India,2025-08-22,VERIFIED
C007458,Consumer,UAE,2024-04-04,VERIFIED
C007459,Consumer,Singapore,2025-01-16,VERIFIED
C007460,Consumer,UAE,2026-03-08,VERIFIED
C007461,Consumer,Singapore,2026-04-10,VERIFIED
C007462,Consumer,UAE,2025-05-29,VERIFIED
C007463,Enterprise,Singapore,2025-12-20,VERIFIED
C007464,Consumer,India,2025-09-05,VERIFIED
C007465,Consumer,UAE,2026-05-09,REJECTED
C007466,Consumer,India,2025-11-19,VERIFIED
C007467,SME,Singapore,2025-03-03,VERIFIED
C007468,SME,UAE,2025-02-28,VERIFIED
C007469,Consumer,India,2026-03-26,REJECTED
C007470,Consumer,Singapore,2024-07-17,VERIFIED
C007471,SME,India,2024-01-08,VERIFIED
C007472,Consumer,Singapore,2026-01-26,VERIFIED
C007473,SME,UAE,2026-03-15,VERIFIED
C007474,Consumer,Singapore,2024-11-22,VERIFIED
C007475,Consumer,Singapore,2025-11-20,VERIFIED
C007476,Consumer,India,2025-08-16,PENDING
C007477,SME,India,2025-09-15,VERIFIED
C007478,Consumer,India,2026-05-20,VERIFIED
C007479,SME,Singapore,2024-01-21,VERIFIED
C007480,Consumer,India,2025-06-29,VERIFIED
C007481,Consumer,Singapore,2024-09-11,VERIFIED
C007482,Consumer,India,2025-03-08,VERIFIED
C007483,Consumer,Singapore,2025-05-19,VERIFIED
C007484,Consumer,India,2024-01-27,VERIFIED
C007485,Consumer,Singapore,2025-06-03,VERIFIED
C007486,SME,Singapore,2025-06-13,PENDING
C007487,Consumer,UAE,2025-05-14,VERIFIED
C007488,Enterprise,Singapore,2024-08-20,VERIFIED
C007489,Consumer,Singapore,2025-01-30,VERIFIED
C007490,SME,UAE,2024-11-02,VERIFIED
C007491,Consumer,Singapore,2025-05-24,VERIFIED
C007492,Consumer,India,2025-12-03,PENDING
C007493,Consumer,UAE,2025-02-27,PENDING
C007494,Consumer,Singapore,2024-05-29,VERIFIED
C007495,SME,India,2025-01-26,VERIFIED
C007496,Consumer,Singapore,2025-05-04,PENDING
C007497,Consumer,UAE,2025-10-29,VERIFIED
C007498,SME,UAE,2024-02-16,VERIFIED
C007499,Consumer,UAE,2024-11-07,VERIFIED
C007500,SME,India,2024-05-18,REJECTED
C007501,Consumer,India,2025-02-08,VERIFIED
C007502,SME,India,2025-10-15,VERIFIED
C007503,Consumer,India,2026-04-26,VERIFIED
C007504,Consumer,UAE,2024-01-14,VERIFIED
C007505,Consumer,India,2026-05-17,VERIFIED
C007506,Enterprise,Singapore,2026-02-09,VERIFIED
C007507,Consumer,Singapore,2026-01-17,VERIFIED
C007508,Consumer,Singapore,2025-06-02,VERIFIED
C007509,Consumer,India,2025-07-04,VERIFIED
C007510,Enterprise,India,2024-07-03,VERIFIED
C007511,SME,India,2024-04-24,VERIFIED
C007512,Enterprise,India,2024-04-19,VERIFIED
C007513,Consumer,UAE,2025-07-30,VERIFIED
C007514,Consumer,UAE,2026-01-12,VERIFIED
C007515,Consumer,India,2024-10-07,VERIFIED
C007516,SME,UAE,2025-06-26,VERIFIED
C007517,Consumer,India,2024-03-26,VERIFIED
C007518,Consumer,Singapore,2024-05-17,VERIFIED
C007519,SME,India,2025-04-10,VERIFIED
C007520,Consumer,Singapore,2024-03-17,VERIFIED
C007521,Consumer,India,2024-05-16,VERIFIED
C007522,Consumer,India,2025-09-25,PENDING
C007523,Consumer,India,2026-02-14,VERIFIED
C007524,SME,India,2024-04-06,PENDING
C007525,Consumer,Singapore,2025-06-14,VERIFIED
C007526,Consumer,India,2026-03-08,VERIFIED
C007527,Consumer,Singapore,2024-01-09,VERIFIED
C007528,Consumer,Singapore,2024-03-23,VERIFIED
C007529,SME,Singapore,2024-02-16,VERIFIED
C007530,Consumer,Singapore,2025-05-26,VERIFIED
C007531,Consumer,India,2025-03-05,VERIFIED
C007532,Consumer,Singapore,2024-03-30,VERIFIED
C007533,Consumer,UAE,2025-05-27,VERIFIED
C007534,Consumer,Singapore,2025-11-04,VERIFIED
C007535,SME,Singapore,2025-10-26,VERIFIED
C007536,SME,Singapore,2025-02-17,VERIFIED
C007537,SME,India,2025-05-27,VERIFIED
C007538,Consumer,Singapore,2025-10-19,VERIFIED
C007539,Consumer,UAE,2025-11-03,VERIFIED
C007540,Consumer,India,2025-10-08,VERIFIED
C007541,Consumer,UAE,2026-03-08,VERIFIED
C007542,Consumer,India,2024-03-17,VERIFIED
C007543,Consumer,India,2024-03-21,VERIFIED
C007544,Enterprise,UAE,2026-02-19,VERIFIED
C007545,Consumer,UAE,2026-02-19,VERIFIED
C007546,Consumer,UAE,2025-07-07,VERIFIED
C007547,SME,UAE,2025-09-27,VERIFIED
C007548,Consumer,India,2026-01-11,VERIFIED
C007549,SME,Singapore,2026-05-18,PENDING
C007550,SME,India,2024-07-20,VERIFIED
C007551,Enterprise,India,2026-04-25,VERIFIED
C007552,Consumer,India,2025-03-22,VERIFIED
C007553,SME,Singapore,2024-04-16,VERIFIED
C007554,Consumer,India,2024-10-18,VERIFIED
C007555,SME,Singapore,2026-03-13,VERIFIED
C007556,Consumer,Singapore,2025-11-16,VERIFIED
C007557,Consumer,India,2024-11-07,VERIFIED
C007558,Consumer,Singapore,2025-08-21,VERIFIED
C007559,Consumer,India,2025-05-31,VERIFIED
C007560,SME,India,2025-11-14,PENDING
C007561,SME,Singapore,2025-09-24,REJECTED
C007562,SME,India,2025-10-29,VERIFIED
C007563,Consumer,UAE,2025-08-21,VERIFIED
C007564,SME,Singapore,2025-03-01,VERIFIED
C007565,Consumer,India,2025-09-01,VERIFIED
C007566,SME,Singapore,2025-02-18,VERIFIED
C007567,Enterprise,India,2024-05-14,VERIFIED
C007568,Consumer,India,2025-06-02,VERIFIED
C007569,SME,India,2026-02-10,VERIFIED
C007570,Consumer,India,2024-12-29,VERIFIED
C007571,Consumer,India,2025-01-18,VERIFIED
C007572,Consumer,UAE,2024-02-01,VERIFIED
C007573,Consumer,India,2025-06-23,REJECTED
C007574,SME,Singapore,2026-02-10,VERIFIED
C007575,Consumer,India,2025-05-01,VERIFIED
C007576,Consumer,India,2026-01-25,REJECTED
C007577,Consumer,India,2024-12-30,VERIFIED
C007578,SME,Singapore,2024-09-20,VERIFIED
C007579,Enterprise,India,2024-05-21,VERIFIED
C007580,SME,India,2024-01-30,VERIFIED
C007581,SME,Singapore,2024-05-09,VERIFIED
C007582,Consumer,Singapore,2026-02-16,VERIFIED
C007583,Consumer,India,2024-03-10,VERIFIED
C007584,Consumer,Singapore,2024-04-28,VERIFIED
C007585,Consumer,India,2024-11-22,VERIFIED
C007586,SME,Singapore,2024-03-10,VERIFIED
C007587,Consumer,India,2024-07-26,VERIFIED
C007588,SME,India,2024-03-31,PENDING
C007589,Consumer,India,2024-04-29,VERIFIED
C007590,Consumer,UAE,2024-07-25,VERIFIED
C007591,Consumer,India,2025-02-09,VERIFIED
C007592,SME,UAE,2026-02-06,VERIFIED
C007593,SME,India,2025-06-30,PENDING
C007594,SME,India,2024-05-03,VERIFIED
C007595,Consumer,India,2024-04-21,VERIFIED
C007596,Enterprise,India,2024-07-25,VERIFIED
C007597,Consumer,UAE,2025-09-05,VERIFIED
C007598,Consumer,Singapore,2025-01-20,VERIFIED
C007599,Enterprise,Singapore,2025-12-06,VERIFIED
C007600,Consumer,Singapore,2026-01-22,PENDING
C007601,SME,India,2024-05-26,VERIFIED
C007602,Consumer,UAE,2024-05-11,VERIFIED
C007603,Consumer,India,2026-01-01,VERIFIED
C007604,Enterprise,Singapore,2026-04-29,VERIFIED
C007605,Consumer,Singapore,2024-04-13,VERIFIED
C007606,SME,UAE,2025-07-06,VERIFIED
C007607,Consumer,UAE,2025-07-21,VERIFIED
C007608,Consumer,UAE,2026-04-02,VERIFIED
C007609,Consumer,Singapore,2026-01-31,VERIFIED
C007610,Consumer,India,2024-08-29,VERIFIED
C007611,Consumer,India,2025-09-30,VERIFIED
C007612,Consumer,Singapore,2025-10-23,VERIFIED
C007613,Enterprise,Singapore,2024-11-26,VERIFIED
C007614,Consumer,India,2026-04-27,VERIFIED
C007615,Consumer,India,2024-05-28,VERIFIED
C007616,Consumer,India,2024-06-17,VERIFIED
C007617,Consumer,UAE,2025-07-10,VERIFIED
C007618,SME,India,2024-03-24,VERIFIED
C007619,Enterprise,Singapore,2025-06-03,VERIFIED
C007620,Consumer,India,2024-04-16,VERIFIED
C007621,SME,India,2024-09-21,VERIFIED
C007622,Consumer,UAE,2025-10-19,VERIFIED
C007623,Consumer,India,2024-01-31,VERIFIED
C007624,SME,India,2026-01-25,PENDING
C007625,Consumer,India,2025-06-30,VERIFIED
C007626,SME,India,2024-09-03,PENDING
C007627,SME,Singapore,2025-06-13,PENDING
C007628,Consumer,India,2024-01-24,VERIFIED
C007629,Enterprise,Singapore,2025-05-12,VERIFIED
C007630,SME,India,2026-05-03,VERIFIED
C007631,Consumer,UAE,2024-10-30,VERIFIED
C007632,Consumer,Singapore,2025-02-01,VERIFIED
C007633,Consumer,UAE,2025-02-06,VERIFIED
C007634,Enterprise,UAE,2024-11-11,VERIFIED
C007635,SME,India,2026-05-10,VERIFIED
C007636,Consumer,India,2024-10-04,VERIFIED
C007637,Consumer,Singapore,2025-06-25,VERIFIED
C007638,Consumer,India,2024-05-22,PENDING
C007639,Consumer,India,2026-02-27,VERIFIED
C007640,Consumer,India,2025-02-13,VERIFIED
C007641,Consumer,India,2024-12-21,VERIFIED
C007642,Consumer,India,2025-06-07,VERIFIED
C007643,Consumer,India,2024-07-21,PENDING
C007644,Consumer,India,2024-09-06,VERIFIED
C007645,Consumer,Singapore,2024-04-12,VERIFIED
C007646,SME,India,2025-04-12,VERIFIED
C007647,Consumer,UAE,2024-02-04,VERIFIED
C007648,Consumer,India,2024-11-19,VERIFIED
C007649,Consumer,Singapore,2025-06-15,PENDING
C007650,Consumer,India,2025-07-12,VERIFIED
C007651,Consumer,India,2025-08-18,VERIFIED
C007652,Consumer,India,2024-09-24,VERIFIED
C007653,Consumer,India,2024-02-22,PENDING
C007654,SME,UAE,2026-02-23,VERIFIED
C007655,SME,Singapore,2024-01-18,VERIFIED
C007656,SME,India,2024-04-13,VERIFIED
C007657,SME,India,2024-05-31,VERIFIED
C007658,SME,India,2026-04-19,VERIFIED
C007659,Consumer,India,2025-11-07,VERIFIED
C007660,SME,India,2026-05-22,VERIFIED
C007661,Consumer,UAE,2025-02-17,VERIFIED
C007662,Consumer,India,2024-03-24,VERIFIED
C007663,SME,Singapore,2024-11-03,VERIFIED
C007664,Consumer,Singapore,2024-05-30,VERIFIED
C007665,Consumer,UAE,2025-07-02,PENDING
C007666,Consumer,India,2025-01-13,REJECTED
C007667,SME,Singapore,2025-04-02,VERIFIED
C007668,SME,UAE,2024-12-18,PENDING
C007669,SME,India,2025-10-25,VERIFIED
C007670,Consumer,India,2026-05-17,VERIFIED
C007671,SME,UAE,2025-01-10,VERIFIED
C007672,Consumer,Singapore,2024-07-26,VERIFIED
C007673,SME,India,2025-07-15,VERIFIED
C007674,Consumer,India,2026-01-01,PENDING
C007675,Consumer,India,2025-04-04,VERIFIED
C007676,Consumer,India,2025-02-07,VERIFIED
C007677,SME,India,2025-07-12,VERIFIED
C007678,Enterprise,India,2025-06-13,VERIFIED
C007679,Consumer,Singapore,2025-04-29,VERIFIED
C007680,Consumer,Singapore,2024-05-01,VERIFIED
C007681,Enterprise,UAE,2026-03-04,VERIFIED
C007682,Consumer,India,2024-04-29,PENDING
C007683,Consumer,UAE,2024-09-07,VERIFIED
C007684,Consumer,India,2026-04-18,VERIFIED
C007685,Consumer,India,2024-10-25,VERIFIED
C007686,SME,UAE,2024-02-16,VERIFIED
C007687,SME,India,2025-08-19,VERIFIED
C007688,Consumer,India,2024-10-25,VERIFIED
C007689,Consumer,India,2025-11-02,VERIFIED
C007690,SME,India,2025-06-02,VERIFIED
C007691,Consumer,Singapore,2024-09-01,VERIFIED
C007692,SME,UAE,2025-12-27,VERIFIED
C007693,Consumer,Singapore,2025-12-24,VERIFIED
C007694,Consumer,UAE,2025-12-24,VERIFIED
C007695,Enterprise,Singapore,2026-03-10,VERIFIED
C007696,SME,UAE,2024-08-05,VERIFIED
C007697,Consumer,India,2026-02-01,VERIFIED
C007698,SME,UAE,2024-12-09,VERIFIED
C007699,Consumer,India,2026-04-12,VERIFIED
C007700,Consumer,UAE,2024-11-09,VERIFIED
C007701,Enterprise,India,2025-11-23,VERIFIED
C007702,SME,Singapore,2025-08-26,VERIFIED
C007703,SME,Singapore,2025-12-30,VERIFIED
C007704,Consumer,UAE,2024-10-16,PENDING
C007705,Consumer,Singapore,2025-08-24,VERIFIED
C007706,Consumer,India,2024-07-15,VERIFIED
C007707,Consumer,India,2025-11-26,VERIFIED
C007708,SME,India,2025-07-31,VERIFIED
C007709,Consumer,India,2025-02-19,PENDING
C007710,SME,India,2025-09-01,VERIFIED
C007711,Consumer,India,2024-11-01,VERIFIED
C007712,Consumer,India,2025-04-22,VERIFIED
C007713,Consumer,UAE,2025-06-19,PENDING
C007714,Consumer,UAE,2024-08-07,VERIFIED
C007715,Consumer,India,2025-11-16,VERIFIED
C007716,Enterprise,India,2026-01-26,VERIFIED
C007717,Consumer,India,2025-09-17,VERIFIED
C007718,Enterprise,India,2026-02-16,VERIFIED
C007719,Consumer,India,2024-12-19,VERIFIED
C007720,Enterprise,India,2026-01-04,VERIFIED
C007721,Consumer,Singapore,2026-03-30,VERIFIED
C007722,Enterprise,India,2024-08-22,VERIFIED
C007723,Consumer,India,2024-11-01,VERIFIED
C007724,SME,India,2024-04-19,PENDING
C007725,Enterprise,Singapore,2024-11-09,VERIFIED
C007726,Consumer,UAE,2024-01-13,VERIFIED
C007727,Consumer,India,2025-09-28,VERIFIED
C007728,Consumer,India,2026-04-06,VERIFIED
C007729,Enterprise,India,2024-06-15,VERIFIED
C007730,Consumer,India,2024-02-22,VERIFIED
C007731,Consumer,India,2024-07-04,PENDING
C007732,Consumer,India,2024-10-02,VERIFIED
C007733,Consumer,India,2025-03-22,VERIFIED
C007734,SME,India,2024-12-17,VERIFIED
C007735,Consumer,Singapore,2024-01-10,VERIFIED
C007736,SME,India,2025-02-13,VERIFIED
C007737,Enterprise,India,2024-05-26,VERIFIED
C007738,Consumer,India,2025-04-21,VERIFIED
C007739,SME,India,2026-04-08,VERIFIED
C007740,Consumer,UAE,2026-04-24,VERIFIED
C007741,Consumer,Singapore,2025-09-21,VERIFIED
C007742,Consumer,India,2026-05-01,VERIFIED
C007743,SME,Singapore,2025-03-03,VERIFIED
C007744,Consumer,Singapore,2025-05-02,VERIFIED
C007745,Consumer,India,2025-06-13,VERIFIED
C007746,Consumer,India,2025-01-11,VERIFIED
C007747,Consumer,UAE,2026-01-07,VERIFIED
C007748,SME,India,2024-04-21,PENDING
C007749,Consumer,India,2025-08-06,VERIFIED
C007750,SME,India,2025-10-17,VERIFIED
C007751,Consumer,Singapore,2025-09-07,VERIFIED
C007752,SME,UAE,2024-08-02,VERIFIED
C007753,Consumer,UAE,2025-05-24,PENDING
C007754,Consumer,Singapore,2025-05-25,VERIFIED
C007755,Consumer,UAE,2025-08-11,VERIFIED
C007756,SME,Singapore,2024-01-26,VERIFIED
C007757,Consumer,Singapore,2026-01-11,VERIFIED
C007758,SME,UAE,2024-07-11,VERIFIED
C007759,SME,India,2024-04-12,VERIFIED
C007760,Consumer,Singapore,2024-07-23,VERIFIED
C007761,Consumer,Singapore,2025-02-14,VERIFIED
C007762,Consumer,UAE,2026-02-10,VERIFIED
C007763,Consumer,UAE,2026-01-14,PENDING
C007764,SME,UAE,2024-02-20,VERIFIED
C007765,SME,UAE,2024-05-10,VERIFIED
C007766,Consumer,India,2024-12-08,VERIFIED
C007767,Consumer,India,2025-07-31,PENDING
C007768,Consumer,India,2025-02-03,PENDING
C007769,Consumer,India,2024-07-20,VERIFIED
C007770,SME,India,2026-03-06,VERIFIED
C007771,Consumer,India,2024-10-26,VERIFIED
C007772,SME,India,2024-05-25,VERIFIED
C007773,Consumer,UAE,2026-02-08,VERIFIED
C007774,Consumer,India,2025-04-06,VERIFIED
C007775,Consumer,UAE,2026-04-03,PENDING
C007776,Consumer,UAE,2025-05-18,VERIFIED
C007777,Consumer,India,2025-09-07,VERIFIED
C007778,SME,India,2024-05-30,VERIFIED
C007779,SME,Singapore,2025-09-21,VERIFIED
C007780,Consumer,Singapore,2024-11-11,VERIFIED
C007781,Consumer,India,2024-07-17,VERIFIED
C007782,Consumer,India,2025-03-04,VERIFIED
C007783,SME,India,2024-10-29,VERIFIED
C007784,Consumer,India,2026-04-25,VERIFIED
C007785,Enterprise,India,2025-05-12,VERIFIED
C007786,Consumer,India,2026-03-01,VERIFIED
C007787,Consumer,Singapore,2024-04-14,VERIFIED
C007788,Enterprise,UAE,2024-01-10,VERIFIED
C007789,Consumer,Singapore,2025-09-16,VERIFIED
C007790,Consumer,UAE,2024-01-27,VERIFIED
C007791,Consumer,Singapore,2025-09-02,VERIFIED
C007792,Consumer,Singapore,2026-02-07,VERIFIED
C007793,Consumer,India,2024-11-22,VERIFIED
C007794,SME,India,2025-05-09,VERIFIED
C007795,SME,UAE,2025-10-09,VERIFIED
C007796,Consumer,UAE,2026-01-07,VERIFIED
C007797,Enterprise,India,2024-05-06,VERIFIED
C007798,Consumer,India,2024-04-25,PENDING
C007799,Consumer,Singapore,2026-03-12,VERIFIED
C007800,Consumer,India,2024-06-19,VERIFIED
C007801,Consumer,India,2024-07-30,VERIFIED
C007802,Consumer,Singapore,2024-07-07,VERIFIED
C007803,Enterprise,India,2025-05-04,VERIFIED
C007804,Consumer,Singapore,2025-01-21,VERIFIED
C007805,Consumer,UAE,2026-02-15,VERIFIED
C007806,Consumer,India,2025-12-26,VERIFIED
C007807,SME,India,2025-08-23,REJECTED
C007808,SME,India,2024-05-09,VERIFIED
C007809,Consumer,India,2024-01-23,VERIFIED
C007810,Consumer,Singapore,2024-06-27,VERIFIED
C007811,Consumer,India,2025-02-04,VERIFIED
C007812,Consumer,India,2025-05-19,VERIFIED
C007813,Consumer,India,2025-02-14,PENDING
C007814,Consumer,India,2025-06-15,VERIFIED
C007815,Consumer,India,2024-11-24,VERIFIED
C007816,Consumer,Singapore,2025-04-15,VERIFIED
C007817,Consumer,India,2025-02-23,VERIFIED
C007818,Enterprise,India,2025-02-15,VERIFIED
C007819,Enterprise,India,2026-01-23,VERIFIED
C007820,Consumer,UAE,2026-01-21,VERIFIED
C007821,Consumer,India,2024-01-29,VERIFIED
C007822,Consumer,Singapore,2024-09-01,VERIFIED
C007823,Consumer,Singapore,2025-09-23,VERIFIED
C007824,SME,Singapore,2026-04-05,VERIFIED
C007825,Consumer,India,2025-06-27,PENDING
C007826,SME,UAE,2025-10-13,VERIFIED
C007827,Enterprise,Singapore,2025-10-31,VERIFIED
C007828,Consumer,UAE,2024-02-29,VERIFIED
C007829,Consumer,India,2024-05-18,VERIFIED
C007830,Consumer,Singapore,2024-12-22,VERIFIED
C007831,Consumer,Singapore,2024-07-30,VERIFIED
C007832,Consumer,India,2024-05-18,VERIFIED
C007833,Consumer,India,2025-01-02,PENDING
C007834,SME,Singapore,2025-09-14,PENDING
C007835,Consumer,India,2025-04-30,VERIFIED
C007836,Consumer,Singapore,2025-05-07,VERIFIED
C007837,Consumer,India,2024-12-01,VERIFIED
C007838,SME,India,2026-02-01,VERIFIED
C007839,Consumer,Singapore,2025-09-02,VERIFIED
C007840,SME,India,2024-06-26,VERIFIED
C007841,Consumer,UAE,2025-05-27,PENDING
C007842,Consumer,UAE,2025-08-23,VERIFIED
C007843,Consumer,Singapore,2024-04-22,VERIFIED
C007844,Consumer,Singapore,2024-10-09,VERIFIED
C007845,SME,UAE,2024-04-25,VERIFIED
C007846,Consumer,India,2025-06-27,VERIFIED
C007847,SME,UAE,2026-02-12,VERIFIED
C007848,Consumer,India,2024-02-10,PENDING
C007849,Consumer,India,2024-06-15,VERIFIED
C007850,Consumer,India,2026-05-04,PENDING
C007851,Consumer,Singapore,2024-08-08,VERIFIED
C007852,SME,India,2025-12-26,VERIFIED
C007853,SME,India,2024-11-08,VERIFIED
C007854,Consumer,Singapore,2024-12-11,PENDING
C007855,Consumer,India,2025-04-15,VERIFIED
C007856,Consumer,Singapore,2024-05-10,VERIFIED
C007857,Consumer,Singapore,2024-02-17,VERIFIED
C007858,Consumer,India,2024-05-13,VERIFIED
C007859,Consumer,India,2025-06-02,VERIFIED
C007860,Consumer,Singapore,2025-07-09,VERIFIED
C007861,Consumer,India,2024-11-12,VERIFIED
C007862,Consumer,India,2025-03-13,VERIFIED
C007863,Consumer,India,2025-03-10,VERIFIED
C007864,Consumer,India,2024-03-26,VERIFIED
C007865,Consumer,India,2024-02-17,VERIFIED
C007866,Enterprise,India,2025-05-04,PENDING
C007867,Consumer,Singapore,2026-04-08,VERIFIED
C007868,Consumer,India,2026-05-14,VERIFIED
C007869,Consumer,UAE,2025-02-27,VERIFIED
C007870,Consumer,India,2025-01-21,VERIFIED
C007871,SME,India,2024-08-27,VERIFIED
C007872,Consumer,Singapore,2025-10-25,PENDING
C007873,Enterprise,Singapore,2025-03-26,VERIFIED
C007874,SME,Singapore,2024-09-14,VERIFIED
C007875,Consumer,Singapore,2024-02-13,VERIFIED
C007876,Consumer,Singapore,2024-06-16,PENDING
C007877,SME,India,2026-02-25,VERIFIED
C007878,Consumer,Singapore,2024-07-09,VERIFIED
C007879,SME,Singapore,2025-10-25,REJECTED
C007880,Consumer,UAE,2025-07-15,VERIFIED
C007881,Consumer,Singapore,2024-10-02,VERIFIED
C007882,Consumer,Singapore,2026-04-04,VERIFIED
C007883,Consumer,India,2025-01-03,VERIFIED
C007884,SME,UAE,2024-11-01,VERIFIED
C007885,Consumer,UAE,2025-08-29,VERIFIED
C007886,SME,Singapore,2026-01-23,VERIFIED
C007887,Consumer,Singapore,2024-04-14,VERIFIED
C007888,Consumer,India,2025-02-24,VERIFIED
C007889,Consumer,Singapore,2026-05-24,VERIFIED
C007890,Consumer,Singapore,2024-12-14,VERIFIED
C007891,Consumer,Singapore,2026-02-10,VERIFIED
C007892,Consumer,India,2025-10-11,VERIFIED
C007893,SME,Singapore,2024-11-14,VERIFIED
C007894,Consumer,India,2025-02-23,VERIFIED
C007895,Consumer,Singapore,2025-11-25,VERIFIED
C007896,SME,India,2024-02-26,VERIFIED
C007897,SME,Singapore,2024-08-27,VERIFIED
C007898,Consumer,India,2025-03-02,VERIFIED
C007899,Consumer,India,2025-09-08,VERIFIED
C007900,SME,Singapore,2025-07-30,VERIFIED
C007901,Consumer,India,2024-05-19,VERIFIED
C007902,Consumer,Singapore,2024-03-02,VERIFIED
C007903,Consumer,UAE,2024-05-31,VERIFIED
C007904,SME,UAE,2024-05-09,VERIFIED
C007905,Consumer,India,2025-03-06,VERIFIED
C007906,Enterprise,Singapore,2025-09-29,VERIFIED
C007907,Consumer,India,2025-03-15,VERIFIED
C007908,SME,UAE,2024-07-30,VERIFIED
C007909,Consumer,Singapore,2025-02-03,VERIFIED
C007910,Consumer,India,2025-11-04,VERIFIED
C007911,SME,India,2025-12-17,VERIFIED
C007912,Consumer,India,2025-06-24,VERIFIED
C007913,Consumer,Singapore,2024-06-30,VERIFIED
C007914,Consumer,India,2024-02-20,VERIFIED
C007915,Consumer,Singapore,2026-01-16,VERIFIED
C007916,Consumer,Singapore,2025-06-09,VERIFIED
C007917,SME,UAE,2024-12-15,PENDING
C007918,Consumer,UAE,2024-02-27,VERIFIED
C007919,Consumer,India,2025-02-22,VERIFIED
C007920,Consumer,Singapore,2024-05-16,VERIFIED
C007921,SME,UAE,2025-10-01,VERIFIED
C007922,SME,UAE,2024-02-06,VERIFIED
C007923,Consumer,India,2025-05-08,VERIFIED
C007924,Consumer,India,2024-12-24,PENDING
C007925,Enterprise,India,2026-02-18,VERIFIED
C007926,Consumer,India,2024-03-25,VERIFIED
C007927,SME,India,2025-12-22,VERIFIED
C007928,SME,India,2025-10-12,VERIFIED
C007929,SME,Singapore,2025-06-22,VERIFIED
C007930,Consumer,India,2024-12-09,VERIFIED
C007931,SME,Singapore,2026-01-14,VERIFIED
C007932,SME,India,2024-06-19,VERIFIED
C007933,Consumer,UAE,2025-11-20,VERIFIED
C007934,Consumer,UAE,2026-05-15,VERIFIED
C007935,Consumer,Singapore,2024-01-20,VERIFIED
C007936,Consumer,UAE,2024-10-29,VERIFIED
C007937,Consumer,India,2026-02-14,VERIFIED
C007938,Consumer,Singapore,2024-07-15,VERIFIED
C007939,Consumer,India,2024-11-22,VERIFIED
C007940,Consumer,India,2025-07-29,VERIFIED
C007941,Consumer,India,2025-07-09,VERIFIED
C007942,SME,Singapore,2026-01-25,VERIFIED
C007943,Enterprise,India,2024-01-12,VERIFIED
C007944,Consumer,Singapore,2024-12-26,VERIFIED
C007945,Consumer,India,2026-02-10,VERIFIED
C007946,Consumer,UAE,2024-10-22,VERIFIED
C007947,Consumer,Singapore,2025-02-06,VERIFIED
C007948,SME,India,2025-03-13,VERIFIED
C007949,Enterprise,India,2026-02-07,VERIFIED
C007950,Consumer,UAE,2025-01-09,VERIFIED
C007951,Enterprise,India,2026-01-16,VERIFIED
C007952,Consumer,India,2026-01-28,VERIFIED
C007953,Consumer,Singapore,2025-10-14,VERIFIED
C007954,Consumer,India,2026-03-28,VERIFIED
C007955,SME,India,2025-11-23,VERIFIED
C007956,Consumer,India,2025-05-14,VERIFIED
C007957,SME,India,2025-03-01,VERIFIED
C007958,SME,India,2026-05-26,PENDING
C007959,Consumer,India,2025-10-26,PENDING
C007960,Consumer,India,2024-02-13,VERIFIED
C007961,SME,India,2024-04-18,VERIFIED
C007962,Consumer,UAE,2024-04-07,VERIFIED
C007963,Consumer,Singapore,2026-01-08,VERIFIED
C007964,Consumer,Singapore,2025-03-20,VERIFIED
C007965,Consumer,India,2024-03-21,VERIFIED
C007966,Consumer,India,2024-08-05,VERIFIED
C007967,Consumer,Singapore,2024-05-28,VERIFIED
C007968,Consumer,Singapore,2024-03-16,VERIFIED
C007969,Consumer,India,2025-08-14,VERIFIED
C007970,SME,India,2025-07-17,VERIFIED
C007971,Enterprise,India,2024-03-03,VERIFIED
C007972,SME,UAE,2025-08-18,VERIFIED
C007973,Consumer,India,2025-01-28,VERIFIED
C007974,Enterprise,Singapore,2026-05-04,VERIFIED
C007975,Consumer,Singapore,2025-05-17,VERIFIED
C007976,Consumer,UAE,2025-01-01,PENDING
C007977,Enterprise,Singapore,2025-04-22,VERIFIED
C007978,SME,India,2024-09-11,VERIFIED
C007979,SME,Singapore,2024-02-28,VERIFIED
C007980,SME,Singapore,2025-06-03,VERIFIED
C007981,Consumer,Singapore,2026-03-29,PENDING
C007982,Consumer,UAE,2025-01-23,VERIFIED
C007983,SME,UAE,2025-08-10,VERIFIED
C007984,Consumer,India,2025-03-01,VERIFIED
C007985,Consumer,India,2025-08-12,VERIFIED
C007986,SME,Singapore,2025-09-27,PENDING
C007987,SME,India,2025-05-16,VERIFIED
C007988,Consumer,India,2025-06-07,VERIFIED
C007989,SME,India,2024-10-06,VERIFIED
C007990,SME,Singapore,2024-02-14,VERIFIED
C007991,SME,India,2025-07-18,VERIFIED
C007992,Consumer,Singapore,2024-06-29,VERIFIED
C007993,Consumer,India,2025-02-04,VERIFIED
C007994,Consumer,India,2025-01-08,VERIFIED
C007995,Consumer,India,2024-08-21,VERIFIED
C007996,Consumer,India,2024-07-04,VERIFIED
C007997,Consumer,UAE,2026-03-15,VERIFIED
C007998,Consumer,UAE,2024-03-15,VERIFIED
C007999,Enterprise,Singapore,2025-12-10,VERIFIED
C008000,Consumer,India,2025-08-13,VERIFIED
C008001,SME,India,2024-08-20,VERIFIED
C008002,SME,India,2024-06-16,REJECTED
C008003,Consumer,India,2025-06-18,PENDING
C008004,Enterprise,India,2025-02-10,PENDING
C008005,Consumer,Singapore,2024-08-17,VERIFIED
C008006,Consumer,India,2026-03-27,VERIFIED
C008007,SME,India,2025-10-08,REJECTED
C008008,Consumer,UAE,2024-10-19,VERIFIED
C008009,SME,India,2025-02-03,VERIFIED
C008010,Consumer,UAE,2024-02-07,VERIFIED
C008011,SME,UAE,2024-08-19,VERIFIED
C008012,Consumer,India,2026-05-16,PENDING
C008013,SME,India,2024-06-16,VERIFIED
C008014,Consumer,Singapore,2024-10-11,VERIFIED
C008015,SME,India,2024-04-12,VERIFIED
C008016,SME,India,2024-05-24,VERIFIED
C008017,Consumer,Singapore,2026-01-24,VERIFIED
C008018,Consumer,India,2025-10-21,REJECTED
C008019,Consumer,India,2024-12-31,PENDING
C008020,SME,Singapore,2024-06-01,VERIFIED
C008021,Consumer,Singapore,2026-04-07,VERIFIED
C008022,SME,India,2025-02-25,VERIFIED
C008023,SME,India,2024-11-14,VERIFIED
C008024,Consumer,India,2026-03-17,VERIFIED
C008025,Consumer,India,2025-09-29,VERIFIED
C008026,Consumer,Singapore,2025-12-04,VERIFIED
C008027,SME,Singapore,2025-04-29,VERIFIED
C008028,Consumer,Singapore,2024-03-23,VERIFIED
C008029,Consumer,India,2025-06-16,VERIFIED
C008030,SME,India,2024-10-14,VERIFIED
C008031,Consumer,India,2026-03-06,VERIFIED
C008032,SME,India,2026-05-20,VERIFIED
C008033,Consumer,India,2025-05-03,VERIFIED
C008034,Consumer,India,2024-09-24,PENDING
C008035,SME,India,2025-09-24,VERIFIED
C008036,Consumer,Singapore,2025-09-14,REJECTED
C008037,Consumer,Singapore,2024-03-19,VERIFIED
C008038,SME,India,2026-05-09,VERIFIED
C008039,Consumer,India,2025-01-10,VERIFIED
C008040,Enterprise,UAE,2025-08-19,PENDING
C008041,Enterprise,UAE,2025-08-14,VERIFIED
C008042,Consumer,India,2024-05-30,VERIFIED
C008043,Consumer,Singapore,2026-01-25,PENDING
C008044,SME,UAE,2025-12-30,VERIFIED
C008045,Consumer,India,2024-01-15,VERIFIED
C008046,Consumer,India,2024-04-10,PENDING
C008047,SME,India,2026-02-18,VERIFIED
C008048,Consumer,India,2025-01-22,VERIFIED
C008049,SME,India,2024-02-04,VERIFIED
C008050,Consumer,UAE,2024-12-16,VERIFIED
C008051,Consumer,Singapore,2024-10-09,VERIFIED
C008052,Consumer,India,2025-09-28,VERIFIED
C008053,Enterprise,Singapore,2026-01-05,VERIFIED
C008054,SME,Singapore,2025-11-03,VERIFIED
C008055,SME,India,2025-06-08,VERIFIED
C008056,Consumer,India,2024-06-13,VERIFIED
C008057,Consumer,UAE,2025-03-03,VERIFIED
C008058,Consumer,India,2024-09-14,VERIFIED
C008059,Consumer,India,2026-03-15,VERIFIED
C008060,Consumer,India,2025-03-18,VERIFIED
C008061,SME,India,2025-09-17,VERIFIED
C008062,Consumer,India,2024-04-29,VERIFIED
C008063,Enterprise,India,2024-03-09,VERIFIED
C008064,Consumer,Singapore,2024-09-30,VERIFIED
C008065,Enterprise,India,2025-07-13,VERIFIED
C008066,Consumer,India,2026-04-28,VERIFIED
C008067,Consumer,India,2024-11-17,VERIFIED
C008068,Consumer,India,2024-12-27,PENDING
C008069,Consumer,UAE,2025-07-23,VERIFIED
C008070,Consumer,India,2025-08-12,VERIFIED
C008071,Consumer,Singapore,2025-05-13,PENDING
C008072,Consumer,India,2024-07-22,VERIFIED
C008073,SME,India,2026-01-06,VERIFIED
C008074,SME,Singapore,2026-02-13,VERIFIED
C008075,SME,India,2025-05-20,VERIFIED
C008076,Consumer,Singapore,2025-09-06,VERIFIED
C008077,Consumer,India,2024-04-18,VERIFIED
C008078,Consumer,Singapore,2024-09-21,VERIFIED
C008079,Consumer,Singapore,2026-04-16,VERIFIED
C008080,Consumer,Singapore,2025-01-22,VERIFIED
C008081,Consumer,Singapore,2025-02-19,VERIFIED
C008082,Consumer,Singapore,2025-07-21,VERIFIED
C008083,Consumer,UAE,2024-11-07,VERIFIED
C008084,Consumer,India,2024-09-08,PENDING
C008085,SME,India,2026-03-22,VERIFIED
C008086,SME,India,2025-08-06,VERIFIED
C008087,Enterprise,India,2025-10-14,VERIFIED
C008088,SME,India,2025-01-22,VERIFIED
C008089,Consumer,UAE,2025-11-22,VERIFIED
C008090,SME,India,2024-07-21,VERIFIED
C008091,SME,Singapore,2026-02-21,VERIFIED
C008092,Consumer,India,2024-04-19,PENDING
C008093,Consumer,India,2024-03-22,VERIFIED
C008094,Enterprise,UAE,2025-08-18,VERIFIED
C008095,Consumer,India,2026-02-07,VERIFIED
C008096,Enterprise,India,2024-07-11,VERIFIED
C008097,Consumer,India,2024-05-18,VERIFIED
C008098,Consumer,Singapore,2024-08-08,VERIFIED
C008099,Consumer,India,2024-07-07,VERIFIED
C008100,Consumer,India,2026-05-10,VERIFIED
C008101,SME,Singapore,2026-05-05,VERIFIED
C008102,Enterprise,India,2024-12-05,VERIFIED
C008103,Consumer,Singapore,2025-04-22,VERIFIED
C008104,Consumer,India,2025-02-25,VERIFIED
C008105,SME,India,2024-07-15,VERIFIED
C008106,Consumer,Singapore,2026-03-23,VERIFIED
C008107,Consumer,UAE,2025-08-08,VERIFIED
C008108,Consumer,Singapore,2024-07-16,VERIFIED
C008109,SME,Singapore,2024-11-19,VERIFIED
C008110,SME,India,2024-09-16,PENDING
C008111,Consumer,India,2024-07-17,VERIFIED
C008112,Consumer,India,2026-03-26,VERIFIED
C008113,Enterprise,UAE,2026-05-14,VERIFIED
C008114,SME,UAE,2024-05-16,VERIFIED
C008115,Consumer,UAE,2024-12-11,VERIFIED
C008116,Consumer,India,2025-05-14,VERIFIED
C008117,SME,India,2024-06-23,PENDING
C008118,Consumer,Singapore,2025-05-03,VERIFIED
C008119,Consumer,Singapore,2025-04-13,VERIFIED
C008120,Consumer,Singapore,2024-11-11,VERIFIED
C008121,Consumer,Singapore,2026-03-30,VERIFIED
C008122,Consumer,India,2025-01-14,VERIFIED
C008123,Consumer,India,2026-05-03,VERIFIED
C008124,SME,India,2025-03-17,VERIFIED
C008125,Consumer,India,2026-05-14,VERIFIED
C008126,Consumer,India,2026-03-26,VERIFIED
C008127,Consumer,India,2024-05-12,VERIFIED
C008128,Enterprise,India,2024-01-27,VERIFIED
C008129,SME,Singapore,2024-09-13,VERIFIED
C008130,Consumer,UAE,2025-07-16,VERIFIED
C008131,SME,UAE,2025-10-17,VERIFIED
C008132,Consumer,India,2026-05-16,VERIFIED
C008133,Enterprise,India,2024-12-21,PENDING
C008134,Consumer,India,2024-08-23,VERIFIED
C008135,SME,UAE,2025-11-02,VERIFIED
C008136,Consumer,India,2024-12-24,VERIFIED
C008137,Consumer,India,2026-03-25,PENDING
C008138,Enterprise,UAE,2024-09-27,VERIFIED
C008139,Consumer,India,2025-10-27,VERIFIED
C008140,Consumer,UAE,2025-07-02,VERIFIED
C008141,Consumer,India,2025-05-24,VERIFIED
C008142,SME,India,2025-12-29,VERIFIED
C008143,SME,India,2025-03-14,VERIFIED
C008144,Consumer,UAE,2025-10-03,VERIFIED
C008145,Enterprise,UAE,2025-08-10,VERIFIED
C008146,Consumer,India,2026-03-10,VERIFIED
C008147,Consumer,India,2025-04-15,VERIFIED
C008148,Enterprise,India,2025-12-09,VERIFIED
C008149,Consumer,UAE,2024-11-06,PENDING
C008150,Consumer,Singapore,2024-08-04,VERIFIED
C008151,Consumer,Singapore,2025-09-02,VERIFIED
C008152,SME,India,2024-11-07,REJECTED
C008153,Consumer,India,2026-03-07,VERIFIED
C008154,Enterprise,India,2024-08-17,PENDING
C008155,SME,Singapore,2025-09-12,VERIFIED
C008156,Consumer,UAE,2024-12-05,VERIFIED
C008157,SME,India,2025-05-09,VERIFIED
C008158,Consumer,India,2024-06-12,VERIFIED
C008159,Consumer,India,2024-04-25,VERIFIED
C008160,SME,India,2024-03-11,VERIFIED
C008161,Enterprise,UAE,2025-12-26,VERIFIED
C008162,Consumer,India,2026-04-29,REJECTED
C008163,Consumer,Singapore,2024-02-22,VERIFIED
C008164,Consumer,Singapore,2025-08-19,VERIFIED
C008165,Consumer,Singapore,2024-12-07,VERIFIED
C008166,Consumer,UAE,2025-08-10,VERIFIED
C008167,Consumer,Singapore,2026-02-17,VERIFIED
C008168,SME,UAE,2026-01-29,VERIFIED
C008169,Consumer,India,2024-11-27,VERIFIED
C008170,Consumer,Singapore,2026-03-08,PENDING
C008171,SME,Singapore,2024-03-19,VERIFIED
C008172,SME,India,2024-04-16,VERIFIED
C008173,Consumer,Singapore,2024-03-22,VERIFIED
C008174,Consumer,Singapore,2024-07-20,VERIFIED
C008175,SME,UAE,2025-01-26,VERIFIED
C008176,Consumer,India,2024-08-17,VERIFIED
C008177,Consumer,Singapore,2026-01-08,VERIFIED
C008178,SME,India,2024-01-20,VERIFIED
C008179,Consumer,Singapore,2026-02-18,PENDING
C008180,Consumer,India,2024-11-18,VERIFIED
C008181,Consumer,Singapore,2025-04-12,VERIFIED
C008182,Consumer,India,2025-11-20,VERIFIED
C008183,Consumer,India,2025-10-13,VERIFIED
C008184,Enterprise,India,2024-11-05,VERIFIED
C008185,Consumer,India,2025-04-16,VERIFIED
C008186,Consumer,Singapore,2025-08-14,PENDING
C008187,Consumer,UAE,2025-11-24,VERIFIED
C008188,Enterprise,India,2024-03-14,VERIFIED
C008189,Consumer,India,2025-10-20,VERIFIED
C008190,Consumer,India,2026-01-14,VERIFIED
C008191,SME,Singapore,2025-10-15,REJECTED
C008192,Consumer,India,2025-03-11,PENDING
C008193,Consumer,India,2025-04-06,VERIFIED
C008194,Consumer,India,2024-05-29,VERIFIED
C008195,Consumer,India,2025-10-05,VERIFIED
C008196,Consumer,India,2026-01-20,VERIFIED
C008197,SME,India,2024-11-10,VERIFIED
C008198,Consumer,Singapore,2025-11-04,VERIFIED
C008199,Consumer,Singapore,2026-04-11,VERIFIED
C008200,Consumer,India,2024-09-06,VERIFIED
C008201,Consumer,Singapore,2025-10-01,VERIFIED
C008202,Consumer,India,2024-09-30,VERIFIED
C008203,Enterprise,UAE,2025-04-26,VERIFIED
C008204,Consumer,India,2024-03-22,PENDING
C008205,SME,Singapore,2024-08-19,VERIFIED
C008206,Consumer,Singapore,2024-01-31,VERIFIED
C008207,Consumer,India,2026-01-15,VERIFIED
C008208,Consumer,UAE,2024-03-24,VERIFIED
C008209,Consumer,India,2024-02-11,VERIFIED
C008210,Consumer,Singapore,2025-12-14,VERIFIED
C008211,Consumer,India,2024-09-07,REJECTED
C008212,SME,India,2025-05-24,VERIFIED
C008213,Consumer,Singapore,2025-01-21,VERIFIED
C008214,Consumer,India,2025-08-19,VERIFIED
C008215,Consumer,India,2025-11-25,VERIFIED
C008216,Consumer,India,2024-09-22,VERIFIED
C008217,Consumer,Singapore,2025-08-05,VERIFIED
C008218,Consumer,India,2024-01-22,VERIFIED
C008219,Consumer,India,2025-02-10,VERIFIED
C008220,SME,Singapore,2024-03-16,VERIFIED
C008221,SME,India,2025-05-01,VERIFIED
C008222,Consumer,India,2026-02-19,VERIFIED
C008223,Consumer,India,2025-11-10,VERIFIED
C008224,SME,India,2026-05-14,VERIFIED
C008225,Consumer,India,2024-12-16,VERIFIED
C008226,Consumer,UAE,2024-08-27,VERIFIED
C008227,Consumer,India,2024-02-20,VERIFIED
C008228,Consumer,India,2025-04-20,VERIFIED
C008229,Consumer,India,2025-08-17,VERIFIED
C008230,Consumer,India,2026-05-13,VERIFIED
C008231,Consumer,Singapore,2025-08-24,VERIFIED
C008232,Consumer,India,2025-06-08,VERIFIED
C008233,SME,India,2024-06-05,VERIFIED
C008234,Consumer,India,2024-07-17,VERIFIED
C008235,Consumer,Singapore,2025-03-06,VERIFIED
C008236,Consumer,India,2025-10-27,VERIFIED
C008237,SME,India,2025-12-10,VERIFIED
C008238,SME,Singapore,2026-01-05,VERIFIED
C008239,Consumer,India,2024-04-27,VERIFIED
C008240,Consumer,Singapore,2025-10-24,VERIFIED
C008241,SME,Singapore,2026-01-25,VERIFIED
C008242,SME,India,2024-03-15,VERIFIED
C008243,Consumer,India,2025-12-25,VERIFIED
C008244,Consumer,UAE,2026-02-25,VERIFIED
C008245,Consumer,Singapore,2026-05-15,VERIFIED
C008246,SME,UAE,2025-01-01,VERIFIED
C008247,Consumer,India,2026-01-25,VERIFIED
C008248,Consumer,India,2024-06-26,VERIFIED
C008249,Enterprise,UAE,2024-04-17,VERIFIED
C008250,SME,India,2026-03-13,VERIFIED
C008251,Enterprise,UAE,2025-11-19,PENDING
C008252,Enterprise,India,2025-04-23,VERIFIED
C008253,Consumer,UAE,2025-11-16,VERIFIED
C008254,Consumer,India,2024-04-02,PENDING
C008255,Consumer,India,2024-04-09,VERIFIED
C008256,SME,UAE,2024-06-29,VERIFIED
C008257,Consumer,India,2025-11-01,VERIFIED
C008258,Enterprise,India,2024-04-05,VERIFIED
C008259,Consumer,India,2024-08-19,VERIFIED
C008260,SME,Singapore,2024-09-07,VERIFIED
C008261,Consumer,UAE,2026-05-01,VERIFIED
C008262,Consumer,India,2025-08-01,VERIFIED
C008263,SME,India,2026-01-18,VERIFIED
C008264,Consumer,India,2024-01-19,VERIFIED
C008265,SME,Singapore,2024-10-13,VERIFIED
C008266,Consumer,India,2026-03-10,VERIFIED
C008267,SME,India,2024-07-25,VERIFIED
C008268,Consumer,India,2024-11-06,VERIFIED
C008269,Consumer,India,2024-04-12,VERIFIED
C008270,SME,UAE,2024-06-07,PENDING
C008271,Consumer,India,2025-12-07,VERIFIED
C008272,Consumer,India,2025-07-16,VERIFIED
C008273,Consumer,India,2025-01-12,PENDING
C008274,Consumer,Singapore,2024-08-11,PENDING
C008275,Consumer,India,2025-12-14,VERIFIED
C008276,SME,India,2024-04-01,VERIFIED
C008277,Consumer,India,2025-10-28,VERIFIED
C008278,Consumer,Singapore,2024-06-24,VERIFIED
C008279,Consumer,Singapore,2024-04-19,VERIFIED
C008280,Consumer,India,2026-03-21,VERIFIED
C008281,Consumer,India,2026-01-04,VERIFIED
C008282,Enterprise,India,2024-06-27,VERIFIED
C008283,SME,UAE,2026-01-07,VERIFIED
C008284,Consumer,India,2025-03-28,PENDING
C008285,Consumer,UAE,2024-03-15,VERIFIED
C008286,SME,Singapore,2025-08-05,VERIFIED
C008287,Consumer,India,2026-04-19,VERIFIED
C008288,Consumer,India,2025-12-21,VERIFIED
C008289,Consumer,UAE,2025-05-06,VERIFIED
C008290,Consumer,India,2024-04-12,VERIFIED
C008291,Enterprise,UAE,2024-02-10,VERIFIED
C008292,SME,India,2025-03-10,VERIFIED
C008293,Consumer,India,2024-11-29,VERIFIED
C008294,Consumer,UAE,2024-10-06,VERIFIED
C008295,SME,UAE,2025-06-25,VERIFIED
C008296,SME,India,2025-05-20,VERIFIED
C008297,Consumer,Singapore,2024-08-30,VERIFIED
C008298,SME,India,2025-07-17,VERIFIED
C008299,Consumer,India,2025-07-22,VERIFIED
C008300,SME,India,2025-12-02,VERIFIED
C008301,SME,India,2024-03-19,VERIFIED
C008302,Consumer,India,2025-03-12,VERIFIED
C008303,SME,India,2025-12-08,VERIFIED
C008304,Consumer,UAE,2025-04-05,VERIFIED
C008305,Consumer,Singapore,2024-07-15,PENDING
C008306,Consumer,India,2024-01-31,VERIFIED
C008307,Consumer,UAE,2026-04-23,VERIFIED
C008308,Consumer,India,2024-01-30,VERIFIED
C008309,Consumer,India,2024-04-22,PENDING
C008310,Consumer,Singapore,2025-10-11,VERIFIED
C008311,Consumer,India,2026-01-03,VERIFIED
C008312,Consumer,Singapore,2025-11-14,VERIFIED
C008313,Consumer,India,2025-01-24,VERIFIED
C008314,Consumer,India,2025-10-28,VERIFIED
C008315,Consumer,India,2024-10-02,VERIFIED
C008316,Consumer,UAE,2024-08-07,VERIFIED
C008317,SME,Singapore,2024-10-02,VERIFIED
C008318,SME,Singapore,2024-01-12,VERIFIED
C008319,SME,India,2025-05-07,PENDING
C008320,Consumer,India,2025-08-19,VERIFIED
C008321,Consumer,Singapore,2026-01-03,VERIFIED
C008322,SME,India,2024-02-18,VERIFIED
C008323,Consumer,India,2025-11-22,VERIFIED
C008324,Consumer,Singapore,2024-01-10,VERIFIED
C008325,Consumer,India,2024-09-17,VERIFIED
C008326,SME,India,2024-11-15,VERIFIED
C008327,Consumer,Singapore,2024-07-04,VERIFIED
C008328,Enterprise,Singapore,2024-08-16,VERIFIED
C008329,SME,Singapore,2025-10-31,VERIFIED
C008330,Consumer,India,2026-02-23,VERIFIED
C008331,SME,India,2026-04-14,VERIFIED
C008332,Consumer,Singapore,2024-01-21,VERIFIED
C008333,SME,Singapore,2024-01-16,VERIFIED
C008334,Consumer,India,2025-04-24,PENDING
C008335,SME,UAE,2026-03-05,VERIFIED
C008336,Consumer,UAE,2025-09-18,VERIFIED
C008337,Enterprise,India,2024-01-06,VERIFIED
C008338,Consumer,UAE,2024-10-24,PENDING
C008339,Consumer,India,2024-09-15,VERIFIED
C008340,SME,India,2024-02-09,VERIFIED
C008341,SME,India,2024-10-02,VERIFIED
C008342,Consumer,India,2026-01-13,VERIFIED
C008343,Consumer,UAE,2025-06-02,VERIFIED
C008344,Consumer,Singapore,2026-04-06,VERIFIED
C008345,Enterprise,Singapore,2025-08-27,VERIFIED
C008346,SME,India,2025-05-25,VERIFIED
C008347,SME,India,2024-11-03,VERIFIED
C008348,Consumer,India,2025-06-16,VERIFIED
C008349,Consumer,India,2025-04-24,VERIFIED
C008350,SME,India,2025-02-17,VERIFIED
C008351,SME,India,2025-06-06,VERIFIED
C008352,Consumer,India,2025-04-09,VERIFIED
C008353,SME,India,2025-02-12,VERIFIED
C008354,Consumer,India,2024-02-19,VERIFIED
C008355,Consumer,India,2026-02-15,VERIFIED
C008356,Consumer,UAE,2024-02-14,VERIFIED
C008357,Consumer,India,2026-03-07,VERIFIED
C008358,Consumer,India,2026-04-09,VERIFIED
C008359,Consumer,UAE,2024-09-27,VERIFIED
C008360,Consumer,UAE,2024-10-01,VERIFIED
C008361,SME,Singapore,2025-02-26,VERIFIED
C008362,Consumer,India,2024-02-04,VERIFIED
C008363,Consumer,India,2025-05-18,VERIFIED
C008364,Consumer,UAE,2025-05-02,VERIFIED
C008365,Consumer,Singapore,2025-10-14,PENDING
C008366,SME,India,2024-05-23,VERIFIED
C008367,Consumer,India,2026-04-14,REJECTED
C008368,SME,India,2026-01-26,PENDING
C008369,Consumer,India,2026-05-12,VERIFIED
C008370,Consumer,Singapore,2026-04-02,VERIFIED
C008371,Consumer,India,2024-07-11,VERIFIED
C008372,Consumer,UAE,2025-06-30,VERIFIED
C008373,Consumer,India,2026-02-22,PENDING
C008374,SME,Singapore,2024-06-26,VERIFIED
C008375,Consumer,India,2026-02-20,VERIFIED
C008376,Consumer,India,2024-11-13,VERIFIED
C008377,Consumer,India,2025-01-25,VERIFIED
C008378,Consumer,Singapore,2024-05-30,VERIFIED
C008379,Consumer,Singapore,2025-09-02,VERIFIED
C008380,Consumer,India,2025-03-22,VERIFIED
C008381,Consumer,UAE,2025-06-24,VERIFIED
C008382,Consumer,India,2024-05-29,VERIFIED
C008383,SME,UAE,2024-07-26,VERIFIED
C008384,SME,UAE,2024-12-14,VERIFIED
C008385,Consumer,UAE,2024-09-18,VERIFIED
C008386,Consumer,India,2025-12-22,VERIFIED
C008387,Enterprise,India,2025-02-16,VERIFIED
C008388,Consumer,UAE,2024-03-29,VERIFIED
C008389,Consumer,India,2026-01-18,VERIFIED
C008390,Consumer,India,2026-01-29,VERIFIED
C008391,Consumer,Singapore,2024-09-14,VERIFIED
C008392,Consumer,India,2025-05-06,VERIFIED
C008393,Enterprise,Singapore,2025-12-04,VERIFIED
C008394,SME,UAE,2025-08-30,VERIFIED
C008395,SME,Singapore,2025-07-01,VERIFIED
C008396,SME,India,2024-04-05,VERIFIED
C008397,Consumer,India,2025-02-07,VERIFIED
C008398,Consumer,India,2025-03-14,VERIFIED
C008399,SME,India,2024-02-06,VERIFIED
C008400,Enterprise,India,2026-01-15,VERIFIED
C008401,Consumer,India,2025-09-05,VERIFIED
C008402,Enterprise,India,2025-04-25,VERIFIED
C008403,Consumer,India,2024-06-28,VERIFIED
C008404,Consumer,Singapore,2024-11-20,VERIFIED
C008405,Consumer,India,2025-08-04,VERIFIED
C008406,Consumer,India,2025-02-09,VERIFIED
C008407,Consumer,Singapore,2025-04-13,VERIFIED
C008408,Consumer,Singapore,2025-09-10,VERIFIED
C008409,Consumer,India,2024-09-27,VERIFIED
C008410,Consumer,Singapore,2024-12-19,VERIFIED
C008411,Consumer,India,2025-07-12,VERIFIED
C008412,Enterprise,India,2025-04-09,VERIFIED
C008413,Consumer,UAE,2025-09-11,VERIFIED
C008414,Consumer,UAE,2024-12-29,VERIFIED
C008415,Consumer,India,2024-03-09,VERIFIED
C008416,Consumer,Singapore,2024-11-03,VERIFIED
C008417,SME,UAE,2025-02-26,VERIFIED
C008418,Consumer,UAE,2025-05-28,VERIFIED
C008419,SME,India,2024-08-06,PENDING
C008420,Consumer,India,2024-02-14,VERIFIED
C008421,Consumer,India,2024-08-20,VERIFIED
C008422,Consumer,India,2025-12-01,VERIFIED
C008423,Consumer,India,2025-01-01,VERIFIED
C008424,Consumer,Singapore,2026-05-09,VERIFIED
C008425,Consumer,Singapore,2024-05-01,PENDING
C008426,Consumer,UAE,2025-05-09,VERIFIED
C008427,Consumer,India,2025-07-30,VERIFIED
C008428,Enterprise,India,2024-05-28,VERIFIED
C008429,Consumer,India,2026-01-30,VERIFIED
C008430,Consumer,India,2025-04-20,VERIFIED
C008431,Consumer,UAE,2025-08-01,VERIFIED
C008432,Consumer,India,2024-12-15,VERIFIED
C008433,Consumer,Singapore,2025-07-24,VERIFIED
C008434,SME,India,2024-04-24,VERIFIED
C008435,Enterprise,India,2025-09-19,VERIFIED
C008436,Consumer,Singapore,2024-08-24,VERIFIED
C008437,Consumer,India,2024-02-16,VERIFIED
C008438,Consumer,India,2025-09-12,VERIFIED
C008439,SME,India,2024-09-30,VERIFIED
C008440,Consumer,Singapore,2024-04-22,VERIFIED
C008441,Consumer,UAE,2025-06-28,VERIFIED
C008442,Consumer,UAE,2025-02-02,VERIFIED
C008443,SME,UAE,2026-03-02,VERIFIED
C008444,Consumer,UAE,2024-10-18,VERIFIED
C008445,Consumer,UAE,2024-11-11,VERIFIED
C008446,SME,India,2024-06-10,VERIFIED
C008447,Consumer,India,2024-03-30,VERIFIED
C008448,SME,India,2024-02-20,VERIFIED
C008449,Consumer,Singapore,2025-02-27,VERIFIED
C008450,SME,India,2025-02-09,PENDING
C008451,SME,India,2024-05-23,VERIFIED
C008452,Consumer,UAE,2025-09-07,VERIFIED
C008453,SME,India,2025-11-12,PENDING
C008454,Consumer,UAE,2025-06-11,VERIFIED
C008455,Enterprise,Singapore,2024-05-12,VERIFIED
C008456,Consumer,India,2025-05-13,VERIFIED
C008457,SME,Singapore,2025-01-24,VERIFIED
C008458,Consumer,Singapore,2024-06-18,VERIFIED
C008459,Enterprise,India,2025-06-25,VERIFIED
C008460,Consumer,Singapore,2024-06-08,VERIFIED
C008461,Enterprise,Singapore,2025-10-20,VERIFIED
C008462,Enterprise,India,2026-03-29,VERIFIED
C008463,Consumer,India,2026-01-18,VERIFIED
C008464,SME,India,2025-02-15,VERIFIED
C008465,Enterprise,India,2025-11-17,VERIFIED
C008466,Consumer,India,2025-08-06,VERIFIED
C008467,Consumer,Singapore,2025-01-18,VERIFIED
C008468,Consumer,India,2026-05-24,VERIFIED
C008469,Consumer,UAE,2025-09-30,VERIFIED
C008470,Consumer,India,2025-12-08,VERIFIED
C008471,Consumer,India,2024-07-03,VERIFIED
C008472,Consumer,Singapore,2025-10-23,VERIFIED
C008473,Consumer,UAE,2024-08-01,VERIFIED
C008474,Consumer,India,2024-04-03,VERIFIED
C008475,SME,India,2025-07-23,VERIFIED
C008476,SME,UAE,2024-08-06,VERIFIED
C008477,Consumer,India,2024-08-06,REJECTED
C008478,SME,India,2024-01-13,VERIFIED
C008479,SME,India,2025-02-26,VERIFIED
C008480,Enterprise,Singapore,2026-03-05,VERIFIED
C008481,Consumer,India,2025-02-26,VERIFIED
C008482,Consumer,Singapore,2025-04-30,VERIFIED
C008483,Enterprise,Singapore,2025-01-11,VERIFIED
C008484,Enterprise,UAE,2025-10-13,VERIFIED
C008485,SME,India,2025-02-11,VERIFIED
C008486,SME,India,2026-02-24,VERIFIED
C008487,Consumer,India,2024-04-28,VERIFIED
C008488,Consumer,India,2024-09-27,VERIFIED
C008489,Consumer,Singapore,2024-04-06,VERIFIED
C008490,Consumer,Singapore,2026-04-21,VERIFIED
C008491,SME,Singapore,2024-02-16,VERIFIED
C008492,Consumer,UAE,2025-10-25,VERIFIED
C008493,Consumer,UAE,2024-06-21,PENDING
C008494,Enterprise,India,2026-02-25,VERIFIED
C008495,Consumer,UAE,2024-12-12,VERIFIED
C008496,Enterprise,India,2024-08-24,VERIFIED
C008497,Enterprise,Singapore,2025-06-26,VERIFIED
C008498,Consumer,India,2024-07-31,VERIFIED
C008499,Consumer,Singapore,2024-09-28,VERIFIED
C008500,Consumer,India,2025-02-10,VERIFIED
C008501,Consumer,Singapore,2024-03-18,VERIFIED
C008502,Consumer,UAE,2026-03-01,VERIFIED
C008503,Consumer,Singapore,2025-07-06,VERIFIED
C008504,Enterprise,Singapore,2024-05-25,VERIFIED
C008505,Consumer,India,2024-01-12,VERIFIED
C008506,SME,India,2026-01-29,VERIFIED
C008507,Consumer,UAE,2024-08-16,VERIFIED
C008508,Consumer,Singapore,2026-04-22,VERIFIED
C008509,Enterprise,India,2025-11-21,VERIFIED
C008510,Consumer,India,2024-12-06,VERIFIED
C008511,Consumer,India,2025-11-02,VERIFIED
C008512,SME,India,2026-01-02,VERIFIED
C008513,SME,India,2026-04-18,VERIFIED
C008514,SME,India,2024-06-12,VERIFIED
C008515,Consumer,India,2025-11-10,VERIFIED
C008516,Consumer,India,2025-01-16,VERIFIED
C008517,Enterprise,Singapore,2025-12-31,VERIFIED
C008518,Enterprise,India,2025-08-04,VERIFIED
C008519,Consumer,Singapore,2025-02-25,VERIFIED
C008520,SME,UAE,2025-03-13,VERIFIED
C008521,Consumer,India,2026-02-10,VERIFIED
C008522,Consumer,UAE,2024-03-03,VERIFIED
C008523,Consumer,UAE,2024-09-02,VERIFIED
C008524,Consumer,India,2024-02-19,VERIFIED
C008525,Consumer,India,2026-03-08,VERIFIED
C008526,Consumer,India,2024-08-21,VERIFIED
C008527,Consumer,Singapore,2025-06-11,VERIFIED
C008528,SME,India,2025-05-30,VERIFIED
C008529,SME,India,2024-10-08,PENDING
C008530,SME,Singapore,2025-10-30,VERIFIED
C008531,Enterprise,India,2024-08-07,VERIFIED
C008532,Consumer,UAE,2024-12-13,VERIFIED
C008533,Consumer,India,2024-12-29,VERIFIED
C008534,SME,UAE,2025-07-16,VERIFIED
C008535,Consumer,India,2024-02-11,VERIFIED
C008536,Consumer,India,2025-02-26,PENDING
C008537,Consumer,India,2024-05-14,VERIFIED
C008538,SME,UAE,2026-02-24,VERIFIED
C008539,Consumer,India,2024-09-15,REJECTED
C008540,SME,Singapore,2024-07-09,VERIFIED
C008541,Consumer,UAE,2024-09-12,VERIFIED
C008542,SME,Singapore,2026-01-17,VERIFIED
C008543,SME,India,2025-05-08,VERIFIED
C008544,SME,UAE,2026-02-26,VERIFIED
C008545,Consumer,UAE,2026-05-15,VERIFIED
C008546,Consumer,India,2024-03-13,VERIFIED
C008547,SME,India,2024-03-14,REJECTED
C008548,Consumer,UAE,2025-09-26,VERIFIED
C008549,Consumer,UAE,2025-08-04,VERIFIED
C008550,Consumer,India,2025-02-04,PENDING
C008551,Enterprise,UAE,2024-03-19,VERIFIED
C008552,Consumer,India,2024-09-04,PENDING
C008553,SME,India,2024-07-05,VERIFIED
C008554,Consumer,India,2025-10-14,VERIFIED
C008555,Consumer,India,2026-03-20,VERIFIED
C008556,SME,Singapore,2025-07-09,VERIFIED
C008557,Consumer,India,2026-01-28,VERIFIED
C008558,Consumer,India,2025-04-14,VERIFIED
C008559,SME,India,2026-04-27,VERIFIED
C008560,SME,India,2026-01-07,VERIFIED
C008561,Consumer,UAE,2025-08-01,VERIFIED
C008562,SME,UAE,2025-03-31,VERIFIED
C008563,SME,India,2024-10-02,PENDING
C008564,SME,UAE,2026-02-03,VERIFIED
C008565,Consumer,India,2026-03-25,PENDING
C008566,Consumer,Singapore,2026-03-02,VERIFIED
C008567,Enterprise,UAE,2024-06-27,VERIFIED
C008568,SME,India,2026-03-01,VERIFIED
C008569,Consumer,Singapore,2024-05-08,PENDING
C008570,Consumer,India,2025-01-13,VERIFIED
C008571,Consumer,India,2024-04-24,VERIFIED
C008572,Consumer,India,2024-11-17,VERIFIED
C008573,Consumer,UAE,2025-01-23,VERIFIED
C008574,Consumer,India,2026-02-24,VERIFIED
C008575,SME,UAE,2025-04-08,VERIFIED
C008576,Consumer,UAE,2024-07-20,PENDING
C008577,SME,India,2025-09-20,VERIFIED
C008578,Consumer,India,2025-06-30,VERIFIED
C008579,Consumer,Singapore,2025-02-12,VERIFIED
C008580,Consumer,India,2025-09-09,VERIFIED
C008581,Consumer,India,2026-01-30,PENDING
C008582,SME,UAE,2024-05-31,VERIFIED
C008583,SME,Singapore,2025-10-14,VERIFIED
C008584,Consumer,India,2025-02-08,VERIFIED
C008585,Consumer,Singapore,2025-05-05,REJECTED
C008586,Consumer,India,2026-03-17,PENDING
C008587,SME,India,2024-06-10,VERIFIED
C008588,SME,UAE,2024-05-26,VERIFIED
C008589,Consumer,UAE,2025-02-15,PENDING
C008590,SME,India,2024-09-12,PENDING
C008591,SME,India,2025-08-25,VERIFIED
C008592,Consumer,Singapore,2025-01-04,VERIFIED
C008593,Consumer,India,2025-12-30,REJECTED
C008594,Enterprise,India,2025-10-12,VERIFIED
C008595,SME,India,2025-11-19,VERIFIED
C008596,Consumer,Singapore,2024-10-17,VERIFIED
C008597,Consumer,India,2024-12-05,VERIFIED
C008598,Consumer,India,2024-03-16,REJECTED
C008599,Consumer,India,2025-07-22,VERIFIED
C008600,SME,India,2025-06-23,VERIFIED
C008601,Consumer,India,2026-04-13,VERIFIED
C008602,SME,India,2025-05-19,VERIFIED
C008603,SME,India,2024-11-16,VERIFIED
C008604,Consumer,UAE,2025-10-23,VERIFIED
C008605,Consumer,India,2024-11-02,VERIFIED
C008606,Consumer,India,2024-12-12,VERIFIED
C008607,SME,UAE,2025-01-27,PENDING
C008608,Consumer,Singapore,2024-07-17,VERIFIED
C008609,SME,Singapore,2025-11-06,VERIFIED
C008610,SME,India,2024-06-30,VERIFIED
C008611,Consumer,India,2024-08-27,VERIFIED
C008612,Enterprise,Singapore,2026-01-23,VERIFIED
C008613,Enterprise,Singapore,2024-03-06,VERIFIED
C008614,Consumer,India,2024-06-19,VERIFIED
C008615,Consumer,India,2025-10-06,VERIFIED
C008616,Enterprise,UAE,2025-08-15,REJECTED
C008617,Enterprise,India,2024-06-13,VERIFIED
C008618,Consumer,India,2024-03-03,VERIFIED
C008619,Consumer,India,2024-12-20,VERIFIED
C008620,Consumer,Singapore,2024-02-20,PENDING
C008621,Enterprise,UAE,2025-08-06,PENDING
C008622,Consumer,Singapore,2024-02-12,VERIFIED
C008623,Consumer,India,2026-04-14,VERIFIED
C008624,SME,India,2024-11-16,VERIFIED
C008625,Consumer,India,2024-11-13,VERIFIED
C008626,Consumer,Singapore,2024-08-03,PENDING
C008627,Consumer,Singapore,2024-07-09,PENDING
C008628,SME,UAE,2025-10-31,VERIFIED
C008629,Consumer,India,2025-05-04,VERIFIED
C008630,SME,Singapore,2024-03-30,VERIFIED
C008631,SME,India,2025-02-25,VERIFIED
C008632,Consumer,India,2025-05-05,VERIFIED
C008633,Consumer,India,2025-09-07,VERIFIED
C008634,Consumer,India,2025-07-16,VERIFIED
C008635,Consumer,UAE,2024-09-10,VERIFIED
C008636,SME,India,2024-04-16,VERIFIED
C008637,SME,UAE,2024-10-20,VERIFIED
C008638,Consumer,India,2025-05-25,PENDING
C008639,Consumer,India,2024-08-23,PENDING
C008640,Consumer,India,2025-05-12,VERIFIED
C008641,SME,India,2026-04-14,VERIFIED
C008642,Consumer,India,2026-04-24,VERIFIED
C008643,Consumer,India,2024-12-21,VERIFIED
C008644,Consumer,India,2025-09-08,VERIFIED
C008645,Consumer,UAE,2026-02-05,VERIFIED
C008646,Consumer,Singapore,2024-10-30,PENDING
C008647,Consumer,Singapore,2025-06-15,PENDING
C008648,Consumer,India,2026-05-20,VERIFIED
C008649,SME,India,2025-05-06,VERIFIED
C008650,Consumer,India,2025-08-06,VERIFIED
C008651,Consumer,UAE,2024-04-26,VERIFIED
C008652,Consumer,India,2025-01-01,VERIFIED
C008653,Consumer,India,2025-10-03,VERIFIED
C008654,Consumer,Singapore,2025-04-03,VERIFIED
C008655,Consumer,India,2024-04-29,VERIFIED
C008656,Consumer,UAE,2024-07-31,VERIFIED
C008657,Consumer,India,2026-01-10,PENDING
C008658,Consumer,India,2024-07-01,VERIFIED
C008659,Consumer,Singapore,2025-10-07,VERIFIED
C008660,SME,India,2024-12-04,VERIFIED
C008661,Consumer,India,2025-04-22,VERIFIED
C008662,Consumer,India,2025-05-08,VERIFIED
C008663,Consumer,Singapore,2024-08-18,VERIFIED
C008664,Consumer,UAE,2024-12-29,VERIFIED
C008665,Consumer,Singapore,2025-03-21,VERIFIED
C008666,Consumer,UAE,2025-04-28,VERIFIED
C008667,SME,India,2026-05-01,VERIFIED
C008668,Consumer,India,2024-09-02,VERIFIED
C008669,Consumer,India,2026-02-02,VERIFIED
C008670,SME,Singapore,2024-08-12,VERIFIED
C008671,Enterprise,India,2024-06-05,VERIFIED
C008672,Consumer,Singapore,2025-09-22,VERIFIED
C008673,Consumer,Singapore,2025-08-28,VERIFIED
C008674,Consumer,UAE,2026-01-09,VERIFIED
C008675,Consumer,India,2024-12-30,VERIFIED
C008676,Consumer,India,2024-07-04,VERIFIED
C008677,Consumer,India,2025-05-09,VERIFIED
C008678,SME,India,2026-04-25,VERIFIED
C008679,Consumer,UAE,2024-07-03,VERIFIED
C008680,Consumer,India,2025-01-21,VERIFIED
C008681,Consumer,UAE,2024-10-06,VERIFIED
C008682,SME,UAE,2026-01-11,VERIFIED
C008683,Consumer,Singapore,2025-04-26,VERIFIED
C008684,Consumer,India,2024-09-21,VERIFIED
C008685,Consumer,India,2025-10-31,VERIFIED
C008686,Consumer,India,2024-12-17,VERIFIED
C008687,Consumer,India,2025-08-11,VERIFIED
C008688,Consumer,India,2024-03-22,VERIFIED
C008689,Consumer,India,2024-06-29,PENDING
C008690,Consumer,Singapore,2024-12-07,VERIFIED
C008691,Consumer,India,2024-07-14,PENDING
C008692,SME,India,2024-02-29,VERIFIED
C008693,Consumer,India,2024-05-30,VERIFIED
C008694,Consumer,UAE,2024-03-01,VERIFIED
C008695,Consumer,Singapore,2025-10-08,VERIFIED
C008696,Consumer,India,2025-03-03,VERIFIED
C008697,Enterprise,Singapore,2024-11-26,VERIFIED
C008698,Consumer,Singapore,2024-02-08,PENDING
C008699,Consumer,UAE,2024-09-09,VERIFIED
C008700,Consumer,India,2025-09-09,VERIFIED
C008701,Enterprise,UAE,2024-08-20,VERIFIED
C008702,SME,India,2024-12-19,VERIFIED
C008703,Consumer,UAE,2024-06-18,VERIFIED
C008704,Consumer,India,2024-08-04,VERIFIED
C008705,Consumer,UAE,2024-12-13,VERIFIED
C008706,Consumer,UAE,2025-06-09,VERIFIED
C008707,SME,India,2025-02-14,VERIFIED
C008708,Consumer,UAE,2025-06-11,VERIFIED
C008709,Consumer,India,2025-12-31,VERIFIED
C008710,SME,India,2025-11-11,VERIFIED
C008711,SME,India,2025-06-09,VERIFIED
C008712,Consumer,UAE,2024-08-30,REJECTED
C008713,SME,India,2026-04-10,VERIFIED
C008714,Consumer,India,2024-01-08,REJECTED
C008715,SME,Singapore,2024-10-09,VERIFIED
C008716,SME,UAE,2025-09-14,VERIFIED
C008717,Consumer,Singapore,2025-07-05,VERIFIED
C008718,SME,India,2025-08-02,VERIFIED
C008719,SME,India,2025-09-26,VERIFIED
C008720,Consumer,India,2026-04-08,VERIFIED
C008721,Consumer,Singapore,2024-06-14,PENDING
C008722,SME,India,2024-07-21,VERIFIED
C008723,Consumer,India,2025-10-01,VERIFIED
C008724,Consumer,UAE,2024-12-29,PENDING
C008725,SME,India,2024-05-31,VERIFIED
C008726,SME,India,2025-02-28,PENDING
C008727,Consumer,India,2025-10-19,VERIFIED
C008728,Consumer,India,2025-07-14,VERIFIED
C008729,Consumer,India,2025-04-13,PENDING
C008730,Consumer,India,2025-02-13,VERIFIED
C008731,Consumer,UAE,2025-05-29,VERIFIED
C008732,SME,India,2024-09-07,VERIFIED
C008733,Consumer,India,2024-03-17,VERIFIED
C008734,Consumer,Singapore,2025-02-25,VERIFIED
C008735,Consumer,Singapore,2026-01-01,VERIFIED
C008736,Enterprise,Singapore,2025-01-19,VERIFIED
C008737,Consumer,UAE,2026-05-09,PENDING
C008738,Consumer,Singapore,2025-01-13,PENDING
C008739,Consumer,India,2024-08-15,VERIFIED
C008740,Consumer,UAE,2024-04-27,VERIFIED
C008741,Consumer,India,2024-09-23,VERIFIED
C008742,Consumer,India,2024-08-22,VERIFIED
C008743,Consumer,India,2024-06-16,VERIFIED
C008744,Consumer,India,2026-02-10,VERIFIED
C008745,Consumer,India,2025-12-05,PENDING
C008746,Consumer,India,2025-11-26,VERIFIED
C008747,Consumer,India,2025-06-05,VERIFIED
C008748,Consumer,UAE,2024-12-02,VERIFIED
C008749,Consumer,UAE,2024-11-22,PENDING
C008750,Consumer,Singapore,2024-12-24,VERIFIED
C008751,Consumer,UAE,2025-03-23,VERIFIED
C008752,Consumer,India,2025-10-14,PENDING
C008753,Consumer,UAE,2025-06-17,VERIFIED
C008754,Consumer,India,2026-04-03,VERIFIED
C008755,Enterprise,India,2025-12-05,VERIFIED
C008756,SME,India,2025-08-26,VERIFIED
C008757,Consumer,India,2024-04-06,VERIFIED
C008758,Consumer,India,2025-10-14,VERIFIED
C008759,Consumer,India,2026-02-07,VERIFIED
C008760,Consumer,India,2025-07-03,VERIFIED
C008761,Consumer,India,2026-01-28,VERIFIED
C008762,SME,India,2024-09-12,VERIFIED
C008763,Consumer,UAE,2025-03-17,VERIFIED
C008764,SME,India,2025-02-12,PENDING
C008765,Consumer,India,2026-03-20,VERIFIED
C008766,SME,Singapore,2024-03-25,VERIFIED
C008767,SME,UAE,2025-02-20,VERIFIED
C008768,Consumer,India,2025-07-02,VERIFIED
C008769,Consumer,UAE,2025-05-16,VERIFIED
C008770,Consumer,India,2025-11-27,VERIFIED
C008771,Consumer,India,2024-04-07,VERIFIED
C008772,Consumer,India,2026-04-09,VERIFIED
C008773,Consumer,Singapore,2025-06-25,VERIFIED
C008774,Consumer,India,2025-05-17,VERIFIED
C008775,Enterprise,Singapore,2025-03-26,VERIFIED
C008776,Consumer,India,2024-07-09,VERIFIED
C008777,Enterprise,Singapore,2026-04-29,VERIFIED
C008778,Consumer,India,2026-03-01,VERIFIED
C008779,SME,India,2024-07-19,VERIFIED
C008780,Consumer,India,2024-11-17,VERIFIED
C008781,Consumer,Singapore,2025-12-01,VERIFIED
C008782,SME,India,2024-09-14,VERIFIED
C008783,Consumer,UAE,2024-06-03,VERIFIED
C008784,SME,Singapore,2025-05-01,VERIFIED
C008785,Consumer,India,2026-04-10,VERIFIED
C008786,Consumer,UAE,2024-08-15,VERIFIED
C008787,Consumer,Singapore,2025-05-31,VERIFIED
C008788,SME,India,2025-10-02,VERIFIED
C008789,Consumer,India,2025-05-25,VERIFIED
C008790,SME,India,2024-03-14,VERIFIED
C008791,SME,India,2024-12-30,VERIFIED
C008792,Consumer,India,2024-01-24,VERIFIED
C008793,Consumer,India,2026-04-06,VERIFIED
C008794,SME,Singapore,2025-04-07,VERIFIED
C008795,Consumer,India,2025-04-25,VERIFIED
C008796,Consumer,UAE,2026-03-01,VERIFIED
C008797,Consumer,India,2025-12-18,VERIFIED
C008798,Consumer,India,2025-10-19,REJECTED
C008799,Consumer,Singapore,2024-03-29,VERIFIED
C008800,Consumer,Singapore,2025-06-17,VERIFIED
C008801,SME,India,2024-10-26,PENDING
C008802,Consumer,India,2024-02-13,VERIFIED
C008803,Consumer,India,2024-02-06,VERIFIED
C008804,Enterprise,Singapore,2025-06-02,VERIFIED
C008805,SME,India,2025-04-18,PENDING
C008806,SME,Singapore,2024-10-06,PENDING
C008807,Consumer,India,2025-04-05,VERIFIED
C008808,SME,India,2024-06-17,VERIFIED
C008809,Consumer,India,2024-03-10,VERIFIED
C008810,Consumer,India,2024-07-31,PENDING
C008811,Consumer,India,2025-08-05,VERIFIED
C008812,Consumer,India,2025-12-19,PENDING
C008813,SME,India,2024-03-12,VERIFIED
C008814,Consumer,Singapore,2026-04-07,PENDING
C008815,SME,India,2024-06-28,VERIFIED
C008816,SME,UAE,2024-07-26,VERIFIED
C008817,Consumer,India,2024-06-25,VERIFIED
C008818,Consumer,India,2025-12-07,VERIFIED
C008819,Consumer,Singapore,2024-10-27,VERIFIED
C008820,Consumer,Singapore,2026-01-20,PENDING
C008821,Consumer,India,2024-06-02,PENDING
C008822,Enterprise,Singapore,2024-06-02,VERIFIED
C008823,Consumer,UAE,2024-01-30,VERIFIED
C008824,Consumer,Singapore,2024-01-27,VERIFIED
C008825,SME,India,2024-08-27,VERIFIED
C008826,Consumer,UAE,2026-01-24,VERIFIED
C008827,SME,Singapore,2025-10-05,VERIFIED
C008828,Consumer,Singapore,2025-11-21,VERIFIED
C008829,Consumer,Singapore,2026-04-30,VERIFIED
C008830,Consumer,UAE,2024-04-07,VERIFIED
C008831,Consumer,India,2024-11-21,VERIFIED
C008832,Consumer,India,2024-08-24,VERIFIED
C008833,SME,India,2026-04-26,VERIFIED
C008834,Consumer,India,2024-05-17,VERIFIED
C008835,Enterprise,India,2025-09-21,PENDING
C008836,Consumer,Singapore,2025-09-09,VERIFIED
C008837,Consumer,India,2025-07-01,REJECTED
C008838,Consumer,Singapore,2024-02-15,VERIFIED
C008839,Enterprise,UAE,2025-09-07,VERIFIED
C008840,Consumer,India,2025-01-24,VERIFIED
C008841,Consumer,UAE,2024-12-29,REJECTED
C008842,SME,India,2024-12-25,REJECTED
C008843,Consumer,UAE,2025-08-04,VERIFIED
C008844,SME,UAE,2024-07-25,VERIFIED
C008845,Consumer,India,2026-01-02,VERIFIED
C008846,SME,India,2025-08-23,PENDING
C008847,Enterprise,India,2025-05-29,VERIFIED
C008848,SME,Singapore,2026-03-20,VERIFIED
C008849,Consumer,UAE,2024-12-31,VERIFIED
C008850,Consumer,India,2025-03-13,VERIFIED
C008851,Enterprise,Singapore,2024-08-18,VERIFIED
C008852,Consumer,India,2025-02-26,VERIFIED
C008853,Consumer,India,2025-04-13,VERIFIED
C008854,SME,UAE,2025-09-21,PENDING
C008855,Consumer,India,2024-11-06,PENDING
C008856,Consumer,UAE,2025-01-29,VERIFIED
C008857,Consumer,UAE,2024-04-23,VERIFIED
C008858,Consumer,UAE,2024-07-20,VERIFIED
C008859,Consumer,India,2025-04-07,VERIFIED
C008860,Consumer,India,2025-06-25,PENDING
C008861,Consumer,India,2024-12-29,VERIFIED
C008862,SME,Singapore,2024-09-03,VERIFIED
C008863,SME,Singapore,2025-08-15,VERIFIED
C008864,Consumer,India,2024-09-02,VERIFIED
C008865,Consumer,Singapore,2024-07-02,VERIFIED
C008866,SME,India,2025-02-16,VERIFIED
C008867,Consumer,India,2024-09-29,VERIFIED
C008868,Consumer,India,2025-06-28,VERIFIED
C008869,SME,India,2025-09-05,VERIFIED
C008870,Consumer,India,2024-10-03,VERIFIED
C008871,Enterprise,India,2025-09-14,VERIFIED
C008872,Consumer,UAE,2025-05-13,VERIFIED
C008873,SME,Singapore,2025-12-18,VERIFIED
C008874,Consumer,India,2026-02-16,VERIFIED
C008875,Enterprise,Singapore,2025-05-04,VERIFIED
C008876,Consumer,India,2024-08-02,VERIFIED
C008877,Consumer,India,2024-04-12,VERIFIED
C008878,Consumer,Singapore,2026-03-17,VERIFIED
C008879,Consumer,Singapore,2025-08-12,VERIFIED
C008880,Consumer,Singapore,2024-06-23,PENDING
C008881,Consumer,Singapore,2026-05-03,VERIFIED
C008882,Consumer,Singapore,2024-02-21,VERIFIED
C008883,Consumer,India,2024-10-23,VERIFIED
C008884,Consumer,UAE,2024-06-23,PENDING
C008885,SME,India,2024-12-08,VERIFIED
C008886,SME,UAE,2025-12-11,VERIFIED
C008887,SME,India,2025-08-22,VERIFIED
C008888,SME,India,2024-06-19,VERIFIED
C008889,Consumer,Singapore,2024-02-06,VERIFIED
C008890,Consumer,India,2025-09-26,VERIFIED
C008891,Consumer,Singapore,2024-07-19,PENDING
C008892,SME,India,2024-03-04,VERIFIED
C008893,Enterprise,Singapore,2025-04-30,VERIFIED
C008894,Consumer,India,2025-03-30,VERIFIED
C008895,Consumer,India,2025-11-30,VERIFIED
C008896,Consumer,India,2025-12-27,VERIFIED
C008897,Consumer,Singapore,2025-02-12,VERIFIED
C008898,Consumer,Singapore,2026-01-24,VERIFIED
C008899,Consumer,India,2024-05-29,VERIFIED
C008900,Enterprise,UAE,2025-05-16,VERIFIED
C008901,Consumer,Singapore,2025-09-27,PENDING
C008902,Enterprise,UAE,2025-12-10,PENDING
C008903,SME,India,2025-07-01,VERIFIED
C008904,SME,India,2026-03-24,VERIFIED
C008905,Consumer,India,2024-10-04,VERIFIED
C008906,Consumer,India,2024-02-04,VERIFIED
C008907,SME,India,2025-09-16,PENDING
C008908,Consumer,India,2024-06-23,VERIFIED
C008909,Consumer,India,2024-02-02,VERIFIED
C008910,Enterprise,Singapore,2025-12-25,VERIFIED
C008911,SME,UAE,2025-12-15,VERIFIED
C008912,SME,UAE,2025-01-31,VERIFIED
C008913,SME,India,2024-09-10,VERIFIED
C008914,Consumer,India,2025-07-21,VERIFIED
C008915,Consumer,India,2024-11-18,VERIFIED
C008916,Consumer,India,2024-01-13,VERIFIED
C008917,Consumer,India,2024-02-19,VERIFIED
C008918,SME,India,2026-01-29,VERIFIED
C008919,Consumer,India,2024-08-20,VERIFIED
C008920,Consumer,Singapore,2025-06-23,REJECTED
C008921,Consumer,Singapore,2025-09-07,PENDING
C008922,Consumer,India,2026-05-15,VERIFIED
C008923,Consumer,India,2024-04-05,VERIFIED
C008924,SME,UAE,2024-12-08,VERIFIED
C008925,Consumer,India,2026-05-05,VERIFIED
C008926,Consumer,India,2024-07-11,VERIFIED
C008927,Consumer,India,2025-05-25,VERIFIED
C008928,Consumer,India,2025-03-26,VERIFIED
C008929,Consumer,India,2024-05-04,VERIFIED
C008930,Enterprise,Singapore,2024-03-21,VERIFIED
C008931,Consumer,India,2024-01-07,VERIFIED
C008932,Consumer,India,2024-11-25,VERIFIED
C008933,Consumer,India,2024-03-23,PENDING
C008934,SME,Singapore,2025-06-19,VERIFIED
C008935,Consumer,India,2025-09-17,VERIFIED
C008936,SME,India,2025-06-10,VERIFIED
C008937,Consumer,India,2024-04-22,VERIFIED
C008938,SME,India,2025-03-15,VERIFIED
C008939,Consumer,India,2026-05-03,VERIFIED
C008940,Consumer,India,2026-01-31,VERIFIED
C008941,Consumer,Singapore,2025-10-18,VERIFIED
C008942,Consumer,UAE,2024-01-19,VERIFIED
C008943,SME,India,2024-01-09,VERIFIED
C008944,Enterprise,India,2026-04-11,VERIFIED
C008945,Consumer,India,2024-07-03,VERIFIED
C008946,SME,Singapore,2024-02-07,VERIFIED
C008947,SME,India,2025-12-23,VERIFIED
C008948,Enterprise,Singapore,2024-05-13,VERIFIED
C008949,Consumer,Singapore,2024-04-11,VERIFIED
C008950,Consumer,UAE,2024-05-28,VERIFIED
C008951,Consumer,UAE,2024-04-02,VERIFIED
C008952,SME,Singapore,2026-03-12,REJECTED
C008953,Consumer,India,2024-05-19,VERIFIED
C008954,Consumer,India,2024-10-21,VERIFIED
C008955,Consumer,India,2026-05-13,VERIFIED
C008956,Consumer,India,2026-02-12,VERIFIED
C008957,SME,Singapore,2025-08-15,VERIFIED
C008958,SME,India,2025-06-27,VERIFIED
C008959,Consumer,Singapore,2024-07-06,VERIFIED
C008960,SME,India,2024-05-15,VERIFIED
C008961,Consumer,Singapore,2024-06-14,VERIFIED
C008962,Consumer,India,2025-04-21,VERIFIED
C008963,Consumer,India,2024-05-26,VERIFIED
C008964,Consumer,India,2024-09-01,VERIFIED
C008965,Consumer,UAE,2024-07-01,VERIFIED
C008966,SME,India,2024-01-09,VERIFIED
C008967,Consumer,India,2025-03-11,VERIFIED
C008968,SME,India,2024-06-04,VERIFIED
C008969,Consumer,Singapore,2026-04-09,VERIFIED
C008970,Consumer,India,2025-11-18,VERIFIED
C008971,Consumer,UAE,2024-04-23,VERIFIED
C008972,Consumer,India,2026-01-24,VERIFIED
C008973,Consumer,India,2024-06-15,VERIFIED
C008974,Consumer,Singapore,2025-05-02,VERIFIED
C008975,Consumer,India,2025-03-12,VERIFIED
C008976,Consumer,UAE,2024-08-10,REJECTED
C008977,Consumer,India,2024-07-09,VERIFIED
C008978,SME,UAE,2026-02-25,VERIFIED
C008979,SME,Singapore,2026-03-11,VERIFIED
C008980,Consumer,UAE,2025-07-29,PENDING
C008981,SME,India,2026-03-04,VERIFIED
C008982,SME,India,2024-06-21,VERIFIED
C008983,SME,Singapore,2024-09-13,PENDING
C008984,Consumer,Singapore,2025-12-15,VERIFIED
C008985,Consumer,India,2025-03-25,VERIFIED
C008986,SME,India,2025-05-15,VERIFIED
C008987,Consumer,India,2024-03-17,VERIFIED
C008988,Enterprise,Singapore,2025-09-06,VERIFIED
C008989,SME,India,2024-08-13,VERIFIED
C008990,Consumer,India,2024-08-13,VERIFIED
C008991,Consumer,India,2026-01-08,VERIFIED
C008992,Consumer,India,2025-08-30,VERIFIED
C008993,Consumer,India,2024-03-16,VERIFIED
C008994,Consumer,UAE,2024-02-02,REJECTED
C008995,Consumer,India,2025-08-16,VERIFIED
C008996,Consumer,UAE,2024-03-09,PENDING
C008997,Consumer,India,2026-04-30,VERIFIED
C008998,Enterprise,India,2025-02-18,REJECTED
C008999,Consumer,India,2025-12-31,VERIFIED
C009000,Enterprise,Singapore,2025-03-23,PENDING
C009001,Enterprise,Singapore,2024-12-27,VERIFIED
C009002,Consumer,India,2026-05-19,VERIFIED
C009003,SME,India,2025-01-04,VERIFIED
C009004,Consumer,UAE,2025-02-02,VERIFIED
C009005,SME,UAE,2026-03-24,VERIFIED
C009006,Consumer,India,2024-04-29,PENDING
C009007,Consumer,Singapore,2024-02-17,VERIFIED
C009008,Consumer,India,2024-03-08,VERIFIED
C009009,Consumer,India,2024-12-04,PENDING
C009010,Consumer,India,2024-03-25,VERIFIED
C009011,Consumer,India,2025-01-11,PENDING
C009012,Consumer,Singapore,2025-01-19,PENDING
C009013,Consumer,India,2024-10-02,VERIFIED
C009014,Consumer,Singapore,2026-02-06,VERIFIED
C009015,Consumer,UAE,2024-07-23,REJECTED
C009016,Consumer,India,2026-01-14,VERIFIED
C009017,Consumer,India,2024-03-05,VERIFIED
C009018,SME,Singapore,2026-04-08,VERIFIED
C009019,Consumer,India,2024-03-19,VERIFIED
C009020,SME,India,2025-06-09,VERIFIED
C009021,Consumer,India,2024-11-20,VERIFIED
C009022,SME,India,2025-01-12,VERIFIED
C009023,Consumer,UAE,2026-03-27,VERIFIED
C009024,Consumer,Singapore,2025-11-11,VERIFIED
C009025,Consumer,India,2025-11-01,VERIFIED
C009026,Consumer,India,2025-09-19,VERIFIED
C009027,Consumer,UAE,2024-12-11,VERIFIED
C009028,Consumer,India,2025-12-04,VERIFIED
C009029,Enterprise,India,2026-05-06,VERIFIED
C009030,Consumer,UAE,2025-03-10,VERIFIED
C009031,Consumer,UAE,2025-11-25,VERIFIED
C009032,SME,India,2025-01-12,VERIFIED
C009033,Consumer,India,2026-01-12,VERIFIED
C009034,SME,India,2025-11-10,VERIFIED
C009035,Consumer,India,2024-01-15,VERIFIED
C009036,SME,Singapore,2025-03-29,VERIFIED
C009037,Consumer,India,2024-07-11,VERIFIED
C009038,SME,India,2024-08-20,VERIFIED
C009039,SME,India,2024-09-19,VERIFIED
C009040,Consumer,UAE,2025-03-21,PENDING
C009041,Consumer,India,2024-02-23,VERIFIED
C009042,Consumer,India,2025-11-22,PENDING
C009043,Enterprise,UAE,2024-01-04,VERIFIED
C009044,Consumer,India,2024-09-13,VERIFIED
C009045,Consumer,India,2024-12-26,VERIFIED
C009046,Consumer,India,2026-04-13,VERIFIED
C009047,Consumer,India,2024-08-27,PENDING
C009048,Consumer,India,2025-04-26,VERIFIED
C009049,Enterprise,India,2025-11-05,VERIFIED
C009050,Consumer,India,2025-04-05,VERIFIED
C009051,SME,India,2026-04-28,VERIFIED
C009052,Consumer,India,2024-05-17,VERIFIED
C009053,Consumer,India,2025-03-26,VERIFIED
C009054,Consumer,India,2024-11-19,VERIFIED
C009055,Consumer,India,2025-04-17,VERIFIED
C009056,Enterprise,UAE,2026-01-10,VERIFIED
C009057,SME,India,2025-09-05,VERIFIED
C009058,Consumer,India,2025-04-21,VERIFIED
C009059,Consumer,Singapore,2024-07-11,VERIFIED
C009060,Consumer,India,2024-11-02,VERIFIED
C009061,Enterprise,Singapore,2025-06-25,VERIFIED
C009062,SME,Singapore,2026-03-17,VERIFIED
C009063,SME,Singapore,2026-01-28,VERIFIED
C009064,Consumer,Singapore,2024-08-08,PENDING
C009065,Consumer,India,2024-06-20,VERIFIED
C009066,Consumer,Singapore,2024-06-08,VERIFIED
C009067,Consumer,India,2024-06-20,REJECTED
C009068,Consumer,India,2024-03-03,VERIFIED
C009069,Consumer,UAE,2025-07-26,VERIFIED
C009070,Consumer,India,2024-03-05,VERIFIED
C009071,SME,UAE,2024-06-17,PENDING
C009072,SME,India,2024-03-21,REJECTED
C009073,Consumer,India,2026-01-28,VERIFIED
C009074,Consumer,India,2024-09-24,VERIFIED
C009075,Consumer,Singapore,2025-01-14,VERIFIED
C009076,SME,India,2026-02-08,VERIFIED
C009077,SME,India,2024-03-13,VERIFIED
C009078,SME,India,2024-11-27,VERIFIED
C009079,SME,Singapore,2024-07-06,VERIFIED
C009080,Consumer,India,2024-01-25,VERIFIED
C009081,Consumer,UAE,2024-08-15,VERIFIED
C009082,Consumer,India,2024-04-27,VERIFIED
C009083,Consumer,India,2025-03-20,VERIFIED
C009084,SME,India,2024-04-17,VERIFIED
C009085,Consumer,UAE,2024-08-29,VERIFIED
C009086,Consumer,India,2025-09-02,VERIFIED
C009087,Consumer,India,2025-06-17,VERIFIED
C009088,Enterprise,Singapore,2025-04-25,VERIFIED
C009089,Consumer,India,2025-05-17,VERIFIED
C009090,Consumer,Singapore,2025-05-12,VERIFIED
C009091,Consumer,India,2024-02-25,VERIFIED
C009092,Consumer,India,2024-05-28,REJECTED
C009093,Consumer,India,2024-11-06,VERIFIED
C009094,SME,India,2025-07-05,VERIFIED
C009095,Consumer,Singapore,2025-10-23,VERIFIED
C009096,SME,Singapore,2024-04-30,VERIFIED
C009097,Consumer,India,2026-02-10,VERIFIED
C009098,Consumer,UAE,2024-01-26,VERIFIED
C009099,Enterprise,India,2024-04-21,VERIFIED
C009100,Consumer,India,2025-05-25,VERIFIED
C009101,Consumer,Singapore,2026-05-30,VERIFIED
C009102,SME,Singapore,2024-01-23,VERIFIED
C009103,Consumer,India,2025-11-11,REJECTED
C009104,SME,Singapore,2026-04-05,PENDING
C009105,Consumer,India,2024-09-20,VERIFIED
C009106,Consumer,Singapore,2024-04-25,VERIFIED
C009107,Consumer,Singapore,2025-04-24,VERIFIED
C009108,SME,India,2024-11-02,VERIFIED
C009109,Consumer,India,2024-08-18,PENDING
C009110,SME,Singapore,2025-12-01,VERIFIED
C009111,Enterprise,Singapore,2025-05-06,PENDING
C009112,Consumer,India,2026-02-07,VERIFIED
C009113,Consumer,India,2024-04-29,VERIFIED
C009114,Consumer,UAE,2024-10-12,VERIFIED
C009115,Consumer,India,2026-02-23,VERIFIED
C009116,Consumer,India,2025-02-10,VERIFIED
C009117,Consumer,India,2024-12-23,VERIFIED
C009118,Enterprise,India,2024-05-31,VERIFIED
C009119,Enterprise,UAE,2025-08-20,VERIFIED
C009120,SME,Singapore,2024-11-20,REJECTED
C009121,SME,India,2026-05-06,VERIFIED
C009122,Consumer,Singapore,2026-04-18,VERIFIED
C009123,SME,Singapore,2024-09-02,VERIFIED
C009124,SME,Singapore,2026-04-05,PENDING
C009125,Consumer,India,2024-11-10,PENDING
C009126,Enterprise,Singapore,2026-03-15,VERIFIED
C009127,Consumer,India,2024-06-10,VERIFIED
C009128,Consumer,India,2025-09-03,VERIFIED
C009129,SME,India,2025-01-03,VERIFIED
C009130,Enterprise,UAE,2024-07-03,REJECTED
C009131,Consumer,India,2024-10-02,VERIFIED
C009132,SME,UAE,2025-06-12,PENDING
C009133,Consumer,India,2025-03-11,VERIFIED
C009134,Consumer,Singapore,2024-09-16,VERIFIED
C009135,SME,India,2024-09-01,VERIFIED
C009136,Consumer,India,2026-03-28,VERIFIED
C009137,SME,India,2024-12-03,PENDING
C009138,Consumer,Singapore,2024-02-19,VERIFIED
C009139,Consumer,Singapore,2024-09-28,VERIFIED
C009140,Consumer,Singapore,2024-08-22,VERIFIED
C009141,Consumer,Singapore,2025-08-06,VERIFIED
C009142,Consumer,UAE,2026-04-08,VERIFIED
C009143,Enterprise,India,2025-07-09,VERIFIED
C009144,Consumer,India,2024-11-01,VERIFIED
C009145,SME,India,2025-04-21,VERIFIED
C009146,Consumer,India,2025-05-02,VERIFIED
C009147,Consumer,Singapore,2024-03-20,VERIFIED
C009148,Consumer,India,2024-10-12,VERIFIED
C009149,Consumer,India,2025-07-14,VERIFIED
C009150,Consumer,India,2024-04-07,VERIFIED
C009151,Consumer,Singapore,2025-04-22,VERIFIED
C009152,Consumer,India,2025-02-09,VERIFIED
C009153,Consumer,India,2025-06-20,PENDING
C009154,Consumer,Singapore,2025-12-26,VERIFIED
C009155,Consumer,Singapore,2025-07-21,PENDING
C009156,Consumer,India,2024-09-11,VERIFIED
C009157,Enterprise,India,2025-10-29,VERIFIED
C009158,Consumer,India,2025-05-01,VERIFIED
C009159,SME,UAE,2025-11-03,VERIFIED
C009160,Consumer,India,2024-07-12,VERIFIED
C009161,Enterprise,UAE,2025-05-30,VERIFIED
C009162,SME,UAE,2025-04-08,VERIFIED
C009163,SME,Singapore,2026-02-18,VERIFIED
C009164,Consumer,India,2025-05-18,VERIFIED
C009165,Enterprise,India,2024-02-05,VERIFIED
C009166,SME,India,2024-01-16,VERIFIED
C009167,SME,UAE,2025-10-10,VERIFIED
C009168,Consumer,Singapore,2025-08-12,VERIFIED
C009169,Consumer,UAE,2026-04-02,VERIFIED
C009170,Consumer,Singapore,2024-03-13,VERIFIED
C009171,Consumer,India,2024-11-15,VERIFIED
C009172,SME,India,2024-09-01,VERIFIED
C009173,Consumer,India,2026-05-07,VERIFIED
C009174,Consumer,India,2026-01-09,VERIFIED
C009175,Consumer,Singapore,2024-07-13,REJECTED
C009176,Consumer,UAE,2026-01-27,VERIFIED
C009177,Consumer,Singapore,2024-03-29,REJECTED
C009178,SME,UAE,2026-02-10,VERIFIED
C009179,Consumer,UAE,2026-03-08,VERIFIED
C009180,Consumer,India,2024-05-18,VERIFIED
C009181,Consumer,India,2025-07-16,VERIFIED
C009182,Consumer,Singapore,2025-10-20,VERIFIED
C009183,Consumer,India,2026-01-23,VERIFIED
C009184,SME,India,2025-01-31,VERIFIED
C009185,SME,India,2025-04-28,VERIFIED
C009186,SME,UAE,2025-01-21,VERIFIED
C009187,SME,India,2025-01-02,PENDING
C009188,Consumer,Singapore,2026-04-25,VERIFIED
C009189,Enterprise,UAE,2025-04-02,VERIFIED
C009190,SME,Singapore,2025-02-25,PENDING
C009191,Enterprise,India,2024-08-19,VERIFIED
C009192,Consumer,Singapore,2025-06-22,VERIFIED
C009193,Enterprise,India,2024-12-09,VERIFIED
C009194,SME,India,2025-12-20,VERIFIED
C009195,SME,UAE,2024-05-17,VERIFIED
C009196,Consumer,India,2025-01-08,VERIFIED
C009197,SME,Singapore,2025-03-12,VERIFIED
C009198,Enterprise,India,2024-06-03,VERIFIED
C009199,SME,India,2025-06-02,VERIFIED
C009200,Consumer,UAE,2024-04-24,VERIFIED
C009201,Enterprise,Singapore,2024-04-01,VERIFIED
C009202,Consumer,India,2024-12-11,VERIFIED
C009203,Consumer,UAE,2025-08-16,VERIFIED
C009204,Consumer,Singapore,2025-06-08,VERIFIED
C009205,Enterprise,India,2025-08-06,VERIFIED
C009206,Consumer,Singapore,2024-03-31,VERIFIED
C009207,Consumer,India,2025-11-30,PENDING
C009208,SME,India,2025-02-01,VERIFIED
C009209,SME,India,2024-04-14,VERIFIED
C009210,Consumer,India,2026-03-22,VERIFIED
C009211,Enterprise,India,2025-08-18,VERIFIED
C009212,Enterprise,UAE,2025-06-23,VERIFIED
C009213,Consumer,Singapore,2024-10-05,VERIFIED
C009214,Consumer,India,2024-01-12,VERIFIED
C009215,Consumer,UAE,2024-11-02,PENDING
C009216,Consumer,India,2024-12-29,PENDING
C009217,Consumer,Singapore,2025-10-23,VERIFIED
C009218,Enterprise,India,2024-11-13,VERIFIED
C009219,SME,UAE,2025-06-21,VERIFIED
C009220,Consumer,UAE,2024-08-01,VERIFIED
C009221,Consumer,Singapore,2024-11-09,VERIFIED
C009222,Consumer,UAE,2025-03-30,VERIFIED
C009223,Consumer,India,2025-02-02,VERIFIED
C009224,Consumer,UAE,2026-01-21,VERIFIED
C009225,SME,India,2024-08-09,VERIFIED
C009226,Enterprise,India,2025-08-02,VERIFIED
C009227,Consumer,Singapore,2024-09-18,VERIFIED
C009228,SME,Singapore,2025-05-10,VERIFIED
C009229,Consumer,India,2025-09-14,VERIFIED
C009230,SME,India,2024-05-09,VERIFIED
C009231,Consumer,India,2024-06-07,VERIFIED
C009232,Consumer,India,2026-03-02,VERIFIED
C009233,Enterprise,India,2024-10-17,VERIFIED
C009234,Consumer,India,2026-03-25,VERIFIED
C009235,SME,India,2025-06-26,VERIFIED
C009236,Consumer,UAE,2024-03-29,VERIFIED
C009237,Consumer,Singapore,2024-11-27,VERIFIED
C009238,Consumer,India,2025-09-21,VERIFIED
C009239,Consumer,UAE,2025-05-20,PENDING
C009240,SME,Singapore,2024-05-09,VERIFIED
C009241,Consumer,India,2024-07-25,REJECTED
C009242,SME,India,2024-12-25,PENDING
C009243,SME,India,2024-02-28,VERIFIED
C009244,SME,India,2024-04-05,VERIFIED
C009245,Consumer,India,2026-04-10,VERIFIED
C009246,Enterprise,India,2024-09-02,VERIFIED
C009247,Consumer,India,2025-04-03,VERIFIED
C009248,Consumer,Singapore,2024-05-24,VERIFIED
C009249,Consumer,India,2024-11-05,VERIFIED
C009250,Consumer,Singapore,2025-09-28,VERIFIED
C009251,Consumer,India,2025-06-17,VERIFIED
C009252,SME,UAE,2025-01-15,VERIFIED
C009253,Consumer,India,2024-12-18,VERIFIED
C009254,Consumer,UAE,2024-10-11,VERIFIED
C009255,SME,UAE,2025-12-19,VERIFIED
C009256,Consumer,Singapore,2025-05-16,VERIFIED
C009257,Consumer,Singapore,2024-09-14,VERIFIED
C009258,Consumer,India,2026-03-20,VERIFIED
C009259,SME,UAE,2024-02-21,VERIFIED
C009260,Consumer,India,2025-07-03,VERIFIED
C009261,Consumer,India,2025-10-26,VERIFIED
C009262,Consumer,India,2026-04-24,VERIFIED
C009263,SME,India,2024-08-03,VERIFIED
C009264,SME,Singapore,2025-03-21,PENDING
C009265,SME,UAE,2024-08-10,VERIFIED
C009266,Consumer,India,2025-10-16,VERIFIED
C009267,Consumer,UAE,2024-04-14,REJECTED
C009268,Consumer,Singapore,2025-06-05,PENDING
C009269,Consumer,India,2026-01-23,VERIFIED
C009270,Consumer,India,2025-01-17,VERIFIED
C009271,Consumer,Singapore,2024-04-23,VERIFIED
C009272,Consumer,India,2026-01-14,VERIFIED
C009273,SME,India,2024-03-09,VERIFIED
C009274,Consumer,India,2024-12-30,VERIFIED
C009275,SME,India,2024-02-13,VERIFIED
C009276,Consumer,Singapore,2025-11-11,VERIFIED
C009277,Consumer,India,2024-07-29,VERIFIED
C009278,Consumer,India,2024-10-02,VERIFIED
C009279,Consumer,India,2024-04-16,VERIFIED
C009280,Consumer,India,2025-04-23,VERIFIED
C009281,Consumer,India,2025-11-09,VERIFIED
C009282,Enterprise,Singapore,2024-07-23,VERIFIED
C009283,SME,Singapore,2024-04-28,VERIFIED
C009284,Consumer,India,2025-04-30,VERIFIED
C009285,SME,India,2024-04-18,VERIFIED
C009286,SME,India,2025-03-29,VERIFIED
C009287,Consumer,India,2024-08-26,VERIFIED
C009288,SME,India,2024-01-08,VERIFIED
C009289,Consumer,India,2025-05-26,VERIFIED
C009290,Consumer,India,2024-02-12,VERIFIED
C009291,Consumer,Singapore,2025-01-28,VERIFIED
C009292,Consumer,India,2026-03-19,VERIFIED
C009293,Consumer,Singapore,2024-05-11,VERIFIED
C009294,Consumer,India,2025-12-18,VERIFIED
C009295,Enterprise,India,2026-03-02,VERIFIED
C009296,Enterprise,Singapore,2026-01-20,VERIFIED
C009297,SME,India,2026-02-27,VERIFIED
C009298,SME,India,2025-01-28,PENDING
C009299,Enterprise,Singapore,2025-07-11,VERIFIED
C009300,Consumer,Singapore,2024-07-16,VERIFIED
C009301,Consumer,UAE,2025-04-08,PENDING
C009302,Consumer,Singapore,2024-04-30,VERIFIED
C009303,SME,UAE,2024-10-26,VERIFIED
C009304,Consumer,India,2024-08-07,VERIFIED
C009305,SME,India,2026-05-17,VERIFIED
C009306,Consumer,India,2026-03-11,VERIFIED
C009307,Consumer,India,2024-04-03,VERIFIED
C009308,SME,India,2024-10-18,VERIFIED
C009309,Consumer,Singapore,2024-06-01,VERIFIED
C009310,Consumer,India,2025-06-08,VERIFIED
C009311,Consumer,Singapore,2025-12-19,PENDING
C009312,Consumer,India,2026-02-05,VERIFIED
C009313,SME,India,2025-02-25,VERIFIED
C009314,Consumer,India,2024-06-06,VERIFIED
C009315,Consumer,India,2024-09-26,VERIFIED
C009316,Consumer,India,2026-03-28,VERIFIED
C009317,SME,Singapore,2025-08-02,VERIFIED
C009318,Consumer,India,2024-09-13,PENDING
C009319,SME,India,2025-12-01,VERIFIED
C009320,SME,Singapore,2025-05-29,VERIFIED
C009321,Consumer,India,2024-08-24,VERIFIED
C009322,SME,India,2025-03-20,VERIFIED
C009323,Consumer,India,2025-10-05,PENDING
C009324,Consumer,India,2024-06-19,PENDING
C009325,Consumer,Singapore,2024-09-26,VERIFIED
C009326,Enterprise,UAE,2025-08-23,VERIFIED
C009327,SME,Singapore,2025-09-06,VERIFIED
C009328,Consumer,India,2025-09-28,VERIFIED
C009329,Consumer,Singapore,2024-03-07,PENDING
C009330,SME,India,2026-02-13,VERIFIED
C009331,SME,India,2024-01-08,VERIFIED
C009332,SME,India,2025-07-09,VERIFIED
C009333,Consumer,Singapore,2025-03-23,VERIFIED
C009334,SME,Singapore,2024-05-14,VERIFIED
C009335,Consumer,Singapore,2026-01-29,VERIFIED
C009336,Consumer,Singapore,2026-03-26,PENDING
C009337,SME,India,2026-04-09,VERIFIED
C009338,Enterprise,India,2024-01-25,VERIFIED
C009339,Consumer,Singapore,2025-04-09,VERIFIED
C009340,Consumer,Singapore,2025-01-08,VERIFIED
C009341,SME,Singapore,2024-07-14,VERIFIED
C009342,Consumer,India,2025-12-04,VERIFIED
C009343,SME,Singapore,2026-05-30,VERIFIED
C009344,SME,India,2025-02-05,VERIFIED
C009345,Consumer,Singapore,2024-05-01,VERIFIED
C009346,Enterprise,India,2026-02-10,VERIFIED
C009347,SME,UAE,2025-07-12,VERIFIED
C009348,SME,India,2024-07-27,VERIFIED
C009349,SME,Singapore,2024-10-27,VERIFIED
C009350,SME,India,2025-08-23,PENDING
C009351,Consumer,India,2025-05-29,VERIFIED
C009352,Consumer,India,2025-10-18,VERIFIED
C009353,SME,Singapore,2025-06-17,VERIFIED
C009354,Consumer,India,2024-02-08,VERIFIED
C009355,Consumer,India,2026-03-17,VERIFIED
C009356,SME,UAE,2025-09-10,PENDING
C009357,SME,Singapore,2025-09-03,VERIFIED
C009358,Consumer,India,2026-02-22,VERIFIED
C009359,SME,Singapore,2026-01-10,VERIFIED
C009360,SME,India,2026-03-07,VERIFIED
C009361,Consumer,UAE,2024-07-24,VERIFIED
C009362,SME,Singapore,2025-08-05,PENDING
C009363,Consumer,UAE,2025-11-11,VERIFIED
C009364,Consumer,India,2025-11-27,VERIFIED
C009365,Consumer,Singapore,2025-02-15,VERIFIED
C009366,Consumer,India,2024-11-28,VERIFIED
C009367,Consumer,India,2024-07-26,VERIFIED
C009368,SME,Singapore,2025-02-08,VERIFIED
C009369,SME,India,2025-01-22,VERIFIED
C009370,Consumer,India,2025-05-01,VERIFIED
C009371,SME,UAE,2025-01-16,VERIFIED
C009372,Consumer,India,2026-05-16,VERIFIED
C009373,Consumer,India,2024-09-27,VERIFIED
C009374,SME,Singapore,2025-03-12,VERIFIED
C009375,Consumer,UAE,2026-05-07,VERIFIED
C009376,Consumer,Singapore,2025-03-05,VERIFIED
C009377,SME,India,2025-10-08,VERIFIED
C009378,Consumer,India,2025-10-19,PENDING
C009379,SME,India,2024-12-10,VERIFIED
C009380,Consumer,Singapore,2024-05-28,VERIFIED
C009381,Consumer,India,2025-09-19,PENDING
C009382,Consumer,UAE,2025-01-26,VERIFIED
C009383,Consumer,India,2024-07-05,VERIFIED
C009384,Consumer,India,2024-01-20,VERIFIED
C009385,Consumer,Singapore,2024-12-03,PENDING
C009386,SME,Singapore,2025-01-07,VERIFIED
C009387,Enterprise,Singapore,2026-01-25,VERIFIED
C009388,Consumer,UAE,2024-03-07,VERIFIED
C009389,Consumer,UAE,2025-03-14,PENDING
C009390,Consumer,UAE,2024-03-02,VERIFIED
C009391,Enterprise,UAE,2025-04-30,VERIFIED
C009392,Enterprise,Singapore,2026-02-24,VERIFIED
C009393,Consumer,Singapore,2026-05-08,VERIFIED
C009394,SME,India,2025-09-13,PENDING
C009395,Consumer,India,2025-07-21,VERIFIED
C009396,Consumer,India,2024-03-25,PENDING
C009397,Consumer,India,2025-02-09,VERIFIED
C009398,Consumer,India,2026-02-14,VERIFIED
C009399,Consumer,India,2025-01-29,VERIFIED
C009400,Consumer,UAE,2025-09-10,PENDING
C009401,SME,Singapore,2025-06-07,VERIFIED
C009402,Consumer,India,2024-06-24,VERIFIED
C009403,Consumer,India,2024-12-24,VERIFIED
C009404,Consumer,Singapore,2026-04-10,VERIFIED
C009405,Consumer,Singapore,2025-06-22,VERIFIED
C009406,Consumer,UAE,2024-10-17,VERIFIED
C009407,Consumer,UAE,2024-05-09,VERIFIED
C009408,Consumer,UAE,2026-01-08,VERIFIED
C009409,Consumer,India,2025-04-23,VERIFIED
C009410,Consumer,India,2025-10-09,PENDING
C009411,Consumer,Singapore,2025-06-15,VERIFIED
C009412,SME,India,2024-09-20,VERIFIED
C009413,SME,Singapore,2026-04-15,VERIFIED
C009414,Consumer,India,2025-11-01,VERIFIED
C009415,Consumer,Singapore,2025-05-17,VERIFIED
C009416,Consumer,India,2024-06-08,VERIFIED
C009417,Consumer,India,2026-05-03,VERIFIED
C009418,Consumer,India,2025-06-21,PENDING
C009419,Consumer,UAE,2024-03-21,VERIFIED
C009420,Consumer,India,2025-02-16,VERIFIED
C009421,Enterprise,UAE,2025-04-19,VERIFIED
C009422,Consumer,Singapore,2024-01-18,VERIFIED
C009423,Consumer,Singapore,2024-03-09,VERIFIED
C009424,Consumer,Singapore,2024-05-09,VERIFIED
C009425,Enterprise,Singapore,2025-10-08,VERIFIED
C009426,SME,India,2026-03-25,VERIFIED
C009427,Consumer,India,2025-12-30,VERIFIED
C009428,SME,UAE,2024-11-05,VERIFIED
C009429,Consumer,Singapore,2025-05-01,VERIFIED
C009430,SME,India,2024-01-15,VERIFIED
C009431,SME,Singapore,2025-05-10,VERIFIED
C009432,Consumer,India,2024-07-04,VERIFIED
C009433,SME,India,2025-02-20,VERIFIED
C009434,Consumer,India,2025-12-07,VERIFIED
C009435,Consumer,India,2025-12-03,VERIFIED
C009436,Consumer,India,2026-01-15,VERIFIED
C009437,SME,India,2025-03-07,VERIFIED
C009438,Consumer,Singapore,2024-03-06,VERIFIED
C009439,Consumer,India,2024-03-21,VERIFIED
C009440,SME,India,2024-02-05,VERIFIED
C009441,Consumer,India,2026-01-16,VERIFIED
C009442,Consumer,India,2024-01-17,VERIFIED
C009443,Consumer,India,2025-05-28,VERIFIED
C009444,Consumer,India,2024-02-02,VERIFIED
C009445,Consumer,India,2024-12-14,VERIFIED
C009446,Consumer,Singapore,2025-01-14,VERIFIED
C009447,Enterprise,India,2025-05-22,VERIFIED
C009448,SME,India,2025-10-07,VERIFIED
C009449,Consumer,India,2026-05-17,VERIFIED
C009450,Consumer,India,2026-05-05,PENDING
C009451,Consumer,Singapore,2024-09-23,VERIFIED
C009452,Consumer,India,2025-05-31,VERIFIED
C009453,Consumer,India,2026-03-08,PENDING
C009454,Consumer,India,2025-04-29,VERIFIED
C009455,SME,India,2024-12-12,REJECTED
C009456,Consumer,India,2025-08-25,VERIFIED
C009457,Consumer,Singapore,2025-10-25,VERIFIED
C009458,SME,India,2025-03-18,VERIFIED
C009459,SME,India,2025-01-12,VERIFIED
C009460,Consumer,Singapore,2025-09-21,VERIFIED
C009461,SME,Singapore,2025-07-26,VERIFIED
C009462,Consumer,Singapore,2024-12-23,VERIFIED
C009463,SME,India,2025-06-21,VERIFIED
C009464,Consumer,India,2025-09-12,VERIFIED
C009465,SME,India,2026-05-29,PENDING
C009466,Enterprise,Singapore,2026-03-17,VERIFIED
C009467,Enterprise,Singapore,2024-07-28,VERIFIED
C009468,Enterprise,India,2026-02-09,VERIFIED
C009469,Consumer,Singapore,2026-03-16,VERIFIED
C009470,Consumer,Singapore,2024-02-11,VERIFIED
C009471,Consumer,India,2026-03-26,VERIFIED
C009472,SME,UAE,2024-01-13,PENDING
C009473,SME,UAE,2025-08-23,VERIFIED
C009474,Consumer,India,2025-08-22,VERIFIED
C009475,Enterprise,UAE,2026-04-03,VERIFIED
C009476,SME,India,2025-05-03,VERIFIED
C009477,Enterprise,Singapore,2024-07-05,VERIFIED
C009478,SME,Singapore,2024-03-03,VERIFIED
C009479,Consumer,India,2024-12-01,VERIFIED
C009480,Consumer,India,2025-07-08,VERIFIED
C009481,Consumer,UAE,2026-01-14,VERIFIED
C009482,Consumer,India,2026-01-15,VERIFIED
C009483,Consumer,India,2024-03-15,VERIFIED
C009484,SME,India,2026-02-03,VERIFIED
C009485,SME,UAE,2026-04-04,VERIFIED
C009486,Consumer,UAE,2024-05-28,VERIFIED
C009487,Consumer,India,2025-11-24,VERIFIED
C009488,Consumer,UAE,2024-07-25,VERIFIED
C009489,Consumer,India,2025-11-23,VERIFIED
C009490,Consumer,UAE,2025-11-15,VERIFIED
C009491,Consumer,Singapore,2024-08-28,VERIFIED
C009492,Consumer,India,2025-11-06,PENDING
C009493,Consumer,India,2025-07-28,VERIFIED
C009494,Consumer,India,2024-08-22,VERIFIED
C009495,SME,India,2024-05-04,VERIFIED
C009496,Consumer,Singapore,2024-09-13,VERIFIED
C009497,Consumer,India,2024-04-01,VERIFIED
C009498,Consumer,UAE,2026-01-06,VERIFIED
C009499,Enterprise,Singapore,2025-12-07,VERIFIED
C009500,Consumer,Singapore,2024-07-25,VERIFIED
C009501,Consumer,India,2025-02-20,VERIFIED
C009502,SME,UAE,2024-10-14,VERIFIED
C009503,Consumer,Singapore,2024-08-02,VERIFIED
C009504,Enterprise,UAE,2025-11-28,VERIFIED
C009505,Consumer,UAE,2025-09-29,VERIFIED
C009506,Consumer,India,2026-03-04,VERIFIED
C009507,Consumer,India,2026-02-05,VERIFIED
C009508,Consumer,Singapore,2025-05-26,VERIFIED
C009509,Consumer,UAE,2025-07-26,VERIFIED
C009510,Consumer,Singapore,2025-01-02,PENDING
C009511,Consumer,India,2025-02-04,VERIFIED
C009512,Consumer,Singapore,2024-07-19,VERIFIED
C009513,Consumer,India,2025-08-03,VERIFIED
C009514,SME,India,2024-10-11,VERIFIED
C009515,Consumer,India,2024-03-03,VERIFIED
C009516,Consumer,India,2025-10-07,VERIFIED
C009517,Consumer,India,2026-01-20,VERIFIED
C009518,SME,UAE,2026-02-02,VERIFIED
C009519,Consumer,UAE,2024-12-26,VERIFIED
C009520,Consumer,UAE,2024-07-05,VERIFIED
C009521,Consumer,Singapore,2025-04-27,VERIFIED
C009522,Consumer,India,2025-01-05,VERIFIED
C009523,Enterprise,Singapore,2024-01-21,PENDING
C009524,SME,UAE,2026-05-04,VERIFIED
C009525,Consumer,UAE,2026-03-13,VERIFIED
C009526,Consumer,Singapore,2024-11-03,VERIFIED
C009527,SME,India,2024-02-15,VERIFIED
C009528,Consumer,India,2024-07-12,VERIFIED
C009529,Enterprise,India,2024-02-26,VERIFIED
C009530,Enterprise,UAE,2025-07-07,PENDING
C009531,Consumer,India,2025-04-01,VERIFIED
C009532,Enterprise,UAE,2024-11-28,VERIFIED
C009533,Consumer,India,2026-01-16,VERIFIED
C009534,SME,Singapore,2026-05-15,VERIFIED
C009535,Consumer,India,2024-01-16,VERIFIED
C009536,Consumer,India,2025-10-06,VERIFIED
C009537,SME,India,2025-05-27,VERIFIED
C009538,SME,Singapore,2026-01-13,PENDING
C009539,Consumer,India,2024-05-29,VERIFIED
C009540,Consumer,Singapore,2026-03-26,VERIFIED
C009541,Consumer,India,2025-09-25,VERIFIED
C009542,Consumer,Singapore,2026-03-04,VERIFIED
C009543,Consumer,India,2026-03-12,VERIFIED
C009544,Consumer,Singapore,2026-05-31,VERIFIED
C009545,Consumer,India,2026-04-05,PENDING
C009546,Consumer,Singapore,2024-07-31,VERIFIED
C009547,Consumer,India,2025-01-25,VERIFIED
C009548,Consumer,Singapore,2024-10-07,VERIFIED
C009549,Consumer,UAE,2025-10-13,VERIFIED
C009550,Enterprise,India,2025-11-01,VERIFIED
C009551,Consumer,India,2025-06-22,VERIFIED
C009552,Enterprise,Singapore,2024-12-07,VERIFIED
C009553,SME,Singapore,2025-11-04,VERIFIED
C009554,SME,India,2025-09-21,VERIFIED
C009555,SME,India,2024-12-02,VERIFIED
C009556,SME,India,2024-03-15,VERIFIED
C009557,Consumer,India,2024-04-02,VERIFIED
C009558,Consumer,India,2025-06-29,VERIFIED
C009559,SME,UAE,2024-04-24,PENDING
C009560,Consumer,India,2025-02-24,VERIFIED
C009561,SME,Singapore,2024-04-22,VERIFIED
C009562,Consumer,UAE,2025-01-02,VERIFIED
C009563,SME,India,2024-02-29,VERIFIED
C009564,Consumer,Singapore,2024-10-08,VERIFIED
C009565,Consumer,UAE,2024-08-24,VERIFIED
C009566,Consumer,India,2025-09-29,VERIFIED
C009567,Consumer,India,2024-02-14,VERIFIED
C009568,SME,UAE,2026-03-10,REJECTED
C009569,Consumer,UAE,2026-01-10,VERIFIED
C009570,SME,India,2024-07-15,VERIFIED
C009571,Consumer,India,2025-12-24,VERIFIED
C009572,Consumer,India,2025-05-13,VERIFIED
C009573,Consumer,India,2025-08-05,VERIFIED
C009574,Consumer,India,2026-01-16,VERIFIED
C009575,Consumer,Singapore,2026-03-01,VERIFIED
C009576,Consumer,UAE,2025-03-24,VERIFIED
C009577,SME,India,2025-11-09,REJECTED
C009578,SME,UAE,2024-07-13,VERIFIED
C009579,Consumer,India,2025-11-15,VERIFIED
C009580,Consumer,India,2024-07-13,VERIFIED
C009581,Consumer,India,2025-07-28,VERIFIED
C009582,Consumer,India,2025-08-04,VERIFIED
C009583,Consumer,India,2026-01-04,VERIFIED
C009584,Consumer,UAE,2024-11-05,VERIFIED
C009585,Enterprise,India,2026-03-05,VERIFIED
C009586,SME,Singapore,2026-05-10,VERIFIED
C009587,Consumer,India,2025-08-13,VERIFIED
C009588,Consumer,India,2025-07-01,VERIFIED
C009589,Consumer,India,2025-01-23,VERIFIED
C009590,SME,UAE,2025-12-07,VERIFIED
C009591,Consumer,India,2025-03-10,VERIFIED
C009592,Consumer,Singapore,2025-12-29,VERIFIED
C009593,SME,UAE,2026-03-10,VERIFIED
C009594,Consumer,Singapore,2025-10-22,VERIFIED
C009595,Consumer,India,2025-05-10,VERIFIED
C009596,Consumer,Singapore,2026-02-23,VERIFIED
C009597,Consumer,India,2024-07-19,VERIFIED
C009598,Consumer,Singapore,2025-10-27,VERIFIED
C009599,Consumer,India,2025-06-17,VERIFIED
C009600,Consumer,India,2024-10-23,PENDING
C009601,Consumer,India,2025-05-08,VERIFIED
C009602,SME,India,2026-04-06,VERIFIED
C009603,Consumer,India,2025-12-27,VERIFIED
C009604,Consumer,UAE,2024-11-26,VERIFIED
C009605,SME,UAE,2025-09-25,VERIFIED
C009606,SME,India,2026-02-16,VERIFIED
C009607,SME,India,2026-05-04,VERIFIED
C009608,Consumer,India,2024-09-17,VERIFIED
C009609,Consumer,India,2024-02-24,PENDING
C009610,SME,UAE,2024-10-08,VERIFIED
C009611,SME,Singapore,2026-02-10,VERIFIED
C009612,Consumer,India,2026-05-24,VERIFIED
C009613,Enterprise,India,2026-03-05,VERIFIED
C009614,Consumer,Singapore,2026-01-11,VERIFIED
C009615,Enterprise,Singapore,2025-09-29,VERIFIED
C009616,SME,Singapore,2025-03-17,VERIFIED
C009617,SME,India,2024-09-15,VERIFIED
C009618,Enterprise,India,2025-07-15,VERIFIED
C009619,SME,India,2026-01-05,VERIFIED
C009620,Consumer,India,2026-03-04,VERIFIED
C009621,Consumer,India,2024-05-25,VERIFIED
C009622,Consumer,Singapore,2025-01-25,VERIFIED
C009623,Consumer,India,2025-01-07,VERIFIED
C009624,SME,UAE,2024-02-14,PENDING
C009625,Consumer,India,2025-01-31,VERIFIED
C009626,Consumer,India,2024-09-18,VERIFIED
C009627,Consumer,India,2025-04-23,VERIFIED
C009628,SME,India,2026-01-15,VERIFIED
C009629,Consumer,UAE,2025-07-18,VERIFIED
C009630,Consumer,India,2025-04-29,VERIFIED
C009631,Consumer,India,2026-01-16,VERIFIED
C009632,SME,UAE,2025-12-08,VERIFIED
C009633,Consumer,India,2025-05-30,VERIFIED
C009634,SME,India,2025-07-25,VERIFIED
C009635,Consumer,India,2025-11-15,VERIFIED
C009636,Consumer,India,2025-08-06,VERIFIED
C009637,Enterprise,India,2025-04-30,VERIFIED
C009638,Consumer,India,2025-08-09,VERIFIED
C009639,Consumer,UAE,2026-04-13,VERIFIED
C009640,Consumer,UAE,2025-04-10,VERIFIED
C009641,Consumer,India,2025-04-10,VERIFIED
C009642,Consumer,India,2024-01-22,VERIFIED
C009643,Consumer,India,2025-01-30,VERIFIED
C009644,Consumer,Singapore,2024-07-27,VERIFIED
C009645,Consumer,India,2025-07-16,VERIFIED
C009646,SME,UAE,2024-05-24,VERIFIED
C009647,SME,Singapore,2025-02-23,VERIFIED
C009648,Consumer,India,2024-12-14,VERIFIED
C009649,Consumer,Singapore,2024-10-31,VERIFIED
C009650,Consumer,India,2026-02-22,VERIFIED
C009651,Consumer,India,2024-02-13,VERIFIED
C009652,Consumer,India,2024-04-16,VERIFIED
C009653,Consumer,India,2024-05-29,VERIFIED
C009654,Consumer,Singapore,2025-08-28,REJECTED
C009655,Consumer,India,2024-09-20,VERIFIED
C009656,Consumer,India,2024-04-19,VERIFIED
C009657,Enterprise,UAE,2024-01-18,VERIFIED
C009658,Consumer,India,2026-01-19,VERIFIED
C009659,SME,India,2024-12-01,VERIFIED
C009660,SME,India,2024-08-26,VERIFIED
C009661,Consumer,Singapore,2025-12-24,VERIFIED
C009662,Consumer,UAE,2026-01-12,VERIFIED
C009663,Consumer,India,2024-11-23,VERIFIED
C009664,Consumer,UAE,2026-05-11,VERIFIED
C009665,Consumer,India,2024-10-20,VERIFIED
C009666,SME,India,2025-02-16,VERIFIED
C009667,Consumer,India,2025-04-05,VERIFIED
C009668,Consumer,Singapore,2024-03-21,VERIFIED
C009669,SME,India,2024-09-11,VERIFIED
C009670,SME,UAE,2026-01-13,VERIFIED
C009671,Consumer,India,2024-12-28,PENDING
C009672,SME,India,2025-12-21,VERIFIED
C009673,Consumer,India,2025-04-01,VERIFIED
C009674,Consumer,Singapore,2025-03-18,REJECTED
C009675,Consumer,India,2026-03-20,VERIFIED
C009676,Consumer,India,2025-06-16,VERIFIED
C009677,Enterprise,India,2024-08-25,VERIFIED
C009678,Consumer,Singapore,2024-09-17,VERIFIED
C009679,Consumer,Singapore,2024-09-29,REJECTED
C009680,Consumer,Singapore,2024-10-06,VERIFIED
C009681,Consumer,India,2024-05-29,VERIFIED
C009682,Consumer,UAE,2026-04-06,VERIFIED
C009683,Consumer,UAE,2024-05-31,VERIFIED
C009684,SME,India,2026-03-04,VERIFIED
C009685,Consumer,India,2025-07-26,REJECTED
C009686,Consumer,India,2025-10-09,VERIFIED
C009687,Consumer,India,2024-01-12,VERIFIED
C009688,Consumer,UAE,2024-01-14,VERIFIED
C009689,Consumer,Singapore,2025-05-25,VERIFIED
C009690,SME,UAE,2025-06-25,VERIFIED
C009691,Enterprise,India,2026-05-16,VERIFIED
C009692,Consumer,Singapore,2025-03-20,VERIFIED
C009693,Consumer,India,2024-11-13,VERIFIED
C009694,SME,India,2026-03-09,VERIFIED
C009695,Consumer,Singapore,2026-01-01,VERIFIED
C009696,Consumer,India,2024-08-25,PENDING
C009697,Consumer,Singapore,2025-06-22,VERIFIED
C009698,SME,Singapore,2026-02-07,VERIFIED
C009699,Consumer,Singapore,2026-03-19,VERIFIED
C009700,SME,India,2025-10-15,REJECTED
C009701,SME,Singapore,2026-01-31,VERIFIED
C009702,Consumer,UAE,2024-03-14,VERIFIED
C009703,SME,UAE,2025-03-09,VERIFIED
C009704,SME,Singapore,2024-10-24,VERIFIED
C009705,Consumer,Singapore,2025-12-11,VERIFIED
C009706,Consumer,India,2024-10-22,VERIFIED
C009707,Consumer,Singapore,2024-01-14,VERIFIED
C009708,Consumer,Singapore,2025-09-03,VERIFIED
C009709,Consumer,Singapore,2025-08-25,VERIFIED
C009710,Consumer,Singapore,2025-01-29,VERIFIED
C009711,Consumer,India,2024-07-09,VERIFIED
C009712,SME,India,2026-05-23,VERIFIED
C009713,Consumer,India,2026-03-27,VERIFIED
C009714,Consumer,India,2025-02-24,VERIFIED
C009715,Consumer,India,2024-04-15,VERIFIED
C009716,Consumer,India,2025-01-28,VERIFIED
C009717,Consumer,India,2025-03-13,PENDING
C009718,Consumer,Singapore,2024-01-07,PENDING
C009719,Consumer,India,2024-03-21,VERIFIED
C009720,SME,India,2026-02-03,VERIFIED
C009721,SME,India,2025-10-13,VERIFIED
C009722,Consumer,India,2025-04-29,PENDING
C009723,SME,India,2024-12-22,VERIFIED
C009724,SME,India,2024-11-06,VERIFIED
C009725,Consumer,UAE,2025-05-20,PENDING
C009726,Enterprise,India,2025-06-02,PENDING
C009727,SME,Singapore,2025-10-25,VERIFIED
C009728,Consumer,UAE,2026-03-12,VERIFIED
C009729,Consumer,UAE,2025-09-29,VERIFIED
C009730,Consumer,India,2025-03-24,VERIFIED
C009731,Consumer,India,2024-10-11,VERIFIED
C009732,SME,India,2024-10-08,REJECTED
C009733,Consumer,India,2024-03-14,VERIFIED
C009734,SME,India,2024-02-14,VERIFIED
C009735,SME,UAE,2025-06-12,VERIFIED
C009736,Consumer,India,2026-01-14,VERIFIED
C009737,SME,India,2025-11-06,VERIFIED
C009738,Consumer,India,2025-04-01,VERIFIED
C009739,Consumer,UAE,2025-07-28,VERIFIED
C009740,SME,Singapore,2025-02-10,PENDING
C009741,Consumer,India,2024-04-02,VERIFIED
C009742,Consumer,India,2024-11-17,VERIFIED
C009743,SME,India,2025-04-10,VERIFIED
C009744,SME,Singapore,2025-08-26,VERIFIED
C009745,Consumer,Singapore,2025-07-07,VERIFIED
C009746,SME,Singapore,2026-01-22,VERIFIED
C009747,SME,India,2024-11-22,PENDING
C009748,Consumer,Singapore,2026-02-05,VERIFIED
C009749,Consumer,Singapore,2026-04-22,VERIFIED
C009750,Enterprise,UAE,2025-08-05,PENDING
C009751,Consumer,Singapore,2026-03-21,VERIFIED
C009752,Consumer,India,2025-12-28,PENDING
C009753,Consumer,India,2026-04-02,VERIFIED
C009754,SME,India,2025-07-21,VERIFIED
C009755,Consumer,Singapore,2025-08-13,VERIFIED
C009756,Consumer,Singapore,2025-02-18,VERIFIED
C009757,Consumer,India,2025-05-13,VERIFIED
C009758,Enterprise,India,2026-04-30,VERIFIED
C009759,Consumer,India,2025-03-15,VERIFIED
C009760,Consumer,UAE,2025-09-24,REJECTED
C009761,Enterprise,India,2025-12-14,VERIFIED
C009762,Consumer,India,2025-03-07,VERIFIED
C009763,Enterprise,India,2024-11-23,VERIFIED
C009764,Enterprise,India,2024-09-13,VERIFIED
C009765,SME,Singapore,2025-10-03,VERIFIED
C009766,Consumer,UAE,2026-05-10,VERIFIED
C009767,SME,India,2025-07-07,PENDING
C009768,SME,Singapore,2024-03-14,VERIFIED
C009769,Enterprise,India,2024-08-21,VERIFIED
C009770,Consumer,UAE,2025-06-04,VERIFIED
C009771,SME,India,2026-05-31,VERIFIED
C009772,Consumer,India,2025-06-26,VERIFIED
C009773,Consumer,India,2025-08-30,VERIFIED
C009774,Consumer,India,2024-09-14,VERIFIED
C009775,SME,India,2026-03-02,VERIFIED
C009776,Consumer,Singapore,2024-08-16,VERIFIED
C009777,Consumer,Singapore,2024-09-01,VERIFIED
C009778,Enterprise,India,2025-03-02,VERIFIED
C009779,Consumer,Singapore,2025-12-10,VERIFIED
C009780,Consumer,India,2025-03-31,VERIFIED
C009781,Consumer,Singapore,2026-01-13,VERIFIED
C009782,Consumer,Singapore,2025-04-17,VERIFIED
C009783,SME,Singapore,2026-03-21,VERIFIED
C009784,Enterprise,India,2025-07-16,VERIFIED
C009785,Consumer,India,2025-12-29,PENDING
C009786,SME,India,2024-06-22,VERIFIED
C009787,Consumer,India,2024-03-15,VERIFIED
C009788,Consumer,Singapore,2024-04-08,VERIFIED
C009789,Consumer,India,2025-05-27,VERIFIED
C009790,Consumer,India,2024-05-03,VERIFIED
C009791,Consumer,India,2024-04-26,VERIFIED
C009792,Consumer,India,2024-12-08,VERIFIED
C009793,Consumer,Singapore,2025-12-07,VERIFIED
C009794,Consumer,India,2024-08-20,PENDING
C009795,Consumer,Singapore,2024-05-08,VERIFIED
C009796,Consumer,India,2025-01-08,VERIFIED
C009797,Enterprise,UAE,2025-07-28,VERIFIED
C009798,SME,UAE,2024-08-23,VERIFIED
C009799,Consumer,Singapore,2026-04-23,PENDING
C009800,Enterprise,UAE,2026-01-11,VERIFIED
C009801,SME,India,2024-07-08,VERIFIED
C009802,Consumer,UAE,2025-12-01,VERIFIED
C009803,Consumer,UAE,2024-06-16,VERIFIED
C009804,SME,UAE,2025-08-29,VERIFIED
C009805,Consumer,Singapore,2025-10-30,VERIFIED
C009806,SME,Singapore,2024-10-17,VERIFIED
C009807,SME,India,2026-05-09,VERIFIED
C009808,Consumer,India,2024-12-06,VERIFIED
C009809,Enterprise,India,2025-01-29,VERIFIED
C009810,Consumer,UAE,2025-04-18,VERIFIED
C009811,Consumer,India,2024-05-18,VERIFIED
C009812,SME,Singapore,2024-07-09,VERIFIED
C009813,Consumer,India,2025-07-21,VERIFIED
C009814,SME,India,2025-06-02,VERIFIED
C009815,Enterprise,UAE,2024-02-20,VERIFIED
C009816,SME,UAE,2025-07-04,VERIFIED
C009817,Consumer,Singapore,2024-10-24,VERIFIED
C009818,Consumer,India,2024-03-12,VERIFIED
C009819,Consumer,India,2024-09-12,VERIFIED
C009820,Consumer,India,2024-11-04,VERIFIED
C009821,SME,India,2024-03-31,VERIFIED
C009822,SME,India,2024-05-28,VERIFIED
C009823,SME,India,2024-01-30,VERIFIED
C009824,Consumer,India,2025-04-06,REJECTED
C009825,Consumer,Singapore,2025-09-26,VERIFIED
C009826,SME,India,2025-01-19,VERIFIED
C009827,Consumer,India,2026-01-18,VERIFIED
C009828,Consumer,India,2026-03-02,VERIFIED
C009829,SME,UAE,2025-09-28,VERIFIED
C009830,SME,India,2025-10-07,VERIFIED
C009831,Consumer,India,2025-06-01,VERIFIED
C009832,SME,India,2025-01-07,PENDING
C009833,Consumer,UAE,2024-07-15,VERIFIED
C009834,Enterprise,Singapore,2024-07-08,REJECTED
C009835,Consumer,Singapore,2026-03-13,VERIFIED
C009836,Consumer,India,2026-01-17,PENDING
C009837,SME,Singapore,2024-03-19,VERIFIED
C009838,Consumer,Singapore,2025-06-30,VERIFIED
C009839,SME,India,2026-03-26,VERIFIED
C009840,SME,UAE,2026-05-31,VERIFIED
C009841,SME,India,2026-05-22,VERIFIED
C009842,Enterprise,India,2024-03-12,VERIFIED
C009843,Consumer,UAE,2024-02-12,VERIFIED
C009844,SME,Singapore,2026-03-13,VERIFIED
C009845,Consumer,India,2024-05-12,VERIFIED
C009846,Consumer,India,2026-03-09,VERIFIED
C009847,SME,UAE,2024-04-15,VERIFIED
C009848,Consumer,India,2025-11-01,PENDING
C009849,Consumer,India,2024-12-22,VERIFIED
C009850,Consumer,India,2024-01-08,VERIFIED
C009851,SME,UAE,2026-02-12,VERIFIED
C009852,Enterprise,UAE,2024-12-08,VERIFIED
C009853,Consumer,India,2025-03-12,VERIFIED
C009854,Consumer,India,2024-03-20,VERIFIED
C009855,SME,India,2025-07-09,VERIFIED
C009856,Consumer,India,2025-11-19,VERIFIED
C009857,Consumer,Singapore,2025-01-26,VERIFIED
C009858,Consumer,India,2025-07-29,VERIFIED
C009859,Consumer,India,2024-10-14,VERIFIED
C009860,Consumer,Singapore,2026-03-31,VERIFIED
C009861,SME,India,2024-04-22,VERIFIED
C009862,Consumer,India,2026-04-10,VERIFIED
C009863,Enterprise,India,2026-05-31,VERIFIED
C009864,SME,Singapore,2025-12-20,VERIFIED
C009865,SME,India,2024-08-13,VERIFIED
C009866,Consumer,India,2024-11-28,VERIFIED
C009867,Consumer,India,2025-02-20,PENDING
C009868,Consumer,UAE,2024-10-04,VERIFIED
C009869,Enterprise,India,2026-03-09,VERIFIED
C009870,Consumer,UAE,2026-03-02,VERIFIED
C009871,Consumer,Singapore,2024-01-03,VERIFIED
C009872,Consumer,UAE,2025-06-28,VERIFIED
C009873,Consumer,India,2025-04-22,VERIFIED
C009874,Consumer,India,2025-02-13,VERIFIED
C009875,Consumer,India,2024-11-02,VERIFIED
C009876,Consumer,India,2024-08-01,PENDING
C009877,Consumer,UAE,2024-01-30,VERIFIED
C009878,Consumer,India,2025-02-22,PENDING
C009879,SME,India,2025-06-20,VERIFIED
C009880,Consumer,India,2024-01-28,VERIFIED
C009881,Consumer,Singapore,2025-08-31,VERIFIED
C009882,Consumer,India,2024-03-27,VERIFIED
C009883,Consumer,India,2024-01-26,VERIFIED
C009884,Enterprise,India,2024-04-29,VERIFIED
C009885,Consumer,Singapore,2025-12-13,VERIFIED
C009886,SME,India,2025-01-26,VERIFIED
C009887,SME,India,2024-12-22,VERIFIED
C009888,SME,India,2024-12-18,PENDING
C009889,Consumer,UAE,2024-01-15,VERIFIED
C009890,Consumer,Singapore,2024-10-31,VERIFIED
C009891,SME,Singapore,2024-09-10,VERIFIED
C009892,Consumer,Singapore,2025-09-14,VERIFIED
C009893,SME,India,2025-06-03,VERIFIED
C009894,SME,Singapore,2026-05-02,VERIFIED
C009895,SME,India,2025-10-01,VERIFIED
C009896,Consumer,India,2024-07-04,VERIFIED
C009897,SME,India,2025-01-21,PENDING
C009898,SME,India,2025-05-14,VERIFIED
C009899,SME,India,2024-01-14,VERIFIED
C009900,Consumer,India,2024-08-17,VERIFIED
C009901,Consumer,Singapore,2024-03-31,VERIFIED
C009902,Consumer,Singapore,2025-02-07,REJECTED
C009903,Consumer,India,2025-05-19,VERIFIED
C009904,Consumer,India,2024-01-04,VERIFIED
C009905,Enterprise,UAE,2025-10-25,VERIFIED
C009906,Consumer,Singapore,2024-08-06,VERIFIED
C009907,SME,UAE,2025-08-10,VERIFIED
C009908,Consumer,India,2026-03-06,PENDING
C009909,Consumer,India,2026-05-16,PENDING
C009910,Consumer,India,2024-08-03,VERIFIED
C009911,Consumer,Singapore,2024-06-07,VERIFIED
C009912,Enterprise,India,2026-02-01,PENDING
C009913,Consumer,India,2025-08-01,VERIFIED
C009914,Consumer,India,2026-01-03,VERIFIED
C009915,Consumer,Singapore,2025-12-04,VERIFIED
C009916,Enterprise,India,2025-12-31,VERIFIED
C009917,Consumer,Singapore,2025-01-07,VERIFIED
C009918,Consumer,UAE,2024-01-17,VERIFIED
C009919,Consumer,Singapore,2025-05-09,VERIFIED
C009920,Consumer,India,2025-09-10,VERIFIED
C009921,Consumer,UAE,2025-04-10,VERIFIED
C009922,SME,India,2025-03-19,PENDING
C009923,Consumer,India,2026-01-08,VERIFIED
C009924,Consumer,UAE,2024-03-21,PENDING
C009925,Consumer,India,2026-02-17,VERIFIED
C009926,Consumer,India,2024-06-14,PENDING
C009927,Consumer,India,2024-12-22,VERIFIED
C009928,Enterprise,India,2024-08-21,PENDING
C009929,SME,India,2024-06-10,VERIFIED
C009930,SME,India,2024-06-23,VERIFIED
C009931,SME,India,2025-11-02,PENDING
C009932,Consumer,Singapore,2024-12-28,VERIFIED
C009933,Consumer,India,2025-01-10,VERIFIED
C009934,Consumer,India,2025-11-27,VERIFIED
C009935,Consumer,India,2024-06-22,VERIFIED
C009936,Consumer,UAE,2024-08-25,VERIFIED
C009937,Consumer,Singapore,2024-06-11,VERIFIED
C009938,SME,UAE,2024-08-25,VERIFIED
C009939,SME,India,2025-09-09,VERIFIED
C009940,SME,India,2025-09-21,VERIFIED
C009941,Enterprise,India,2024-08-19,VERIFIED
C009942,Consumer,India,2025-08-10,VERIFIED
C009943,Consumer,India,2025-05-31,REJECTED
C009944,SME,UAE,2025-12-30,VERIFIED
C009945,Consumer,India,2026-03-04,VERIFIED
C009946,Consumer,UAE,2026-04-24,VERIFIED
C009947,Consumer,India,2024-08-23,VERIFIED
C009948,Consumer,UAE,2024-11-18,VERIFIED
C009949,Consumer,India,2025-06-27,REJECTED
C009950,Consumer,UAE,2025-02-10,VERIFIED
C009951,Consumer,India,2024-06-25,VERIFIED
C009952,SME,UAE,2025-05-14,VERIFIED
C009953,Consumer,India,2024-04-28,VERIFIED
C009954,Consumer,India,2024-07-08,VERIFIED
C009955,Consumer,India,2025-09-05,VERIFIED
C009956,Consumer,India,2024-12-30,VERIFIED
C009957,SME,Singapore,2025-04-30,VERIFIED
C009958,SME,UAE,2024-03-19,PENDING
C009959,SME,Singapore,2024-11-17,VERIFIED
C009960,Consumer,Singapore,2024-05-18,PENDING
C009961,Consumer,India,2024-12-01,VERIFIED
C009962,Consumer,Singapore,2025-02-05,VERIFIED
C009963,Consumer,India,2024-08-13,VERIFIED
C009964,Consumer,UAE,2024-09-22,VERIFIED
C009965,Consumer,India,2024-11-28,VERIFIED
C009966,Consumer,Singapore,2024-08-11,VERIFIED
C009967,SME,India,2025-07-25,VERIFIED
C009968,Consumer,India,2026-02-14,VERIFIED
C009969,SME,India,2025-07-13,VERIFIED
C009970,Consumer,India,2025-08-15,VERIFIED
C009971,Consumer,India,2026-03-19,VERIFIED
C009972,Enterprise,India,2025-06-03,VERIFIED
C009973,Enterprise,UAE,2026-05-10,REJECTED
C009974,Consumer,India,2024-09-05,VERIFIED
C009975,Consumer,UAE,2026-01-25,VERIFIED
C009976,Consumer,India,2025-11-07,VERIFIED
C009977,Consumer,India,2026-05-08,VERIFIED
C009978,SME,India,2025-02-24,VERIFIED
C009979,Enterprise,India,2026-04-11,VERIFIED
C009980,SME,India,2024-07-05,VERIFIED
C009981,Consumer,India,2024-09-05,VERIFIED
C009982,Consumer,India,2024-05-06,PENDING
C009983,Consumer,Singapore,2024-03-28,VERIFIED
C009984,Enterprise,India,2024-02-14,PENDING
C009985,SME,India,2026-03-04,VERIFIED
C009986,Consumer,UAE,2024-09-02,VERIFIED
C009987,Consumer,Singapore,2025-02-14,VERIFIED
C009988,Consumer,India,2024-08-05,VERIFIED
C009989,Consumer,UAE,2025-03-02,VERIFIED
C009990,SME,UAE,2024-01-15,VERIFIED
C009991,Consumer,India,2026-02-06,VERIFIED
C009992,Consumer,India,2026-04-05,VERIFIED
C009993,Consumer,UAE,2025-11-19,VERIFIED
C009994,SME,India,2024-11-30,VERIFIED
C009995,Consumer,India,2025-12-27,VERIFIED
C009996,SME,India,2025-06-20,VERIFIED
C009997,SME,Singapore,2025-05-06,VERIFIED
C009998,Enterprise,UAE,2026-04-15,VERIFIED
C009999,Consumer,Singapore,2024-10-18,VERIFIED
C010000,Consumer,UAE,2024-04-26,VERIFIED
C010001,Consumer,India,2025-08-14,VERIFIED
C010002,Consumer,India,2025-11-17,VERIFIED
C010003,Consumer,Singapore,2026-01-13,VERIFIED
C010004,Consumer,UAE,2026-04-06,VERIFIED
C010005,Consumer,India,2025-04-13,PENDING
C010006,SME,India,2025-07-05,PENDING
C010007,Consumer,India,2025-11-13,VERIFIED
C010008,SME,India,2025-09-20,VERIFIED
C010009,SME,India,2025-11-26,VERIFIED
C010010,SME,India,2025-08-15,VERIFIED
C010011,SME,UAE,2025-01-21,PENDING
C010012,SME,India,2025-08-05,VERIFIED
C010013,Enterprise,Singapore,2025-10-13,VERIFIED
C010014,Consumer,India,2024-07-11,VERIFIED
C010015,Consumer,India,2025-11-13,VERIFIED
C010016,Consumer,Singapore,2024-04-10,VERIFIED
C010017,Consumer,UAE,2024-03-10,VERIFIED
C010018,Consumer,India,2024-06-22,VERIFIED
C010019,Consumer,UAE,2025-03-19,VERIFIED
C010020,Consumer,Singapore,2025-12-01,VERIFIED
C010021,Consumer,India,2025-03-08,VERIFIED
C010022,Consumer,India,2024-08-02,VERIFIED
C010023,Enterprise,Singapore,2025-06-20,VERIFIED
C010024,Consumer,India,2025-08-23,VERIFIED
C010025,SME,India,2025-10-04,VERIFIED
C010026,Consumer,India,2025-12-08,VERIFIED
C010027,Enterprise,India,2024-11-14,VERIFIED
C010028,SME,UAE,2024-10-12,VERIFIED
C010029,SME,India,2024-08-12,VERIFIED
C010030,SME,India,2024-12-14,VERIFIED
C010031,Consumer,India,2025-01-22,VERIFIED
C010032,Enterprise,Singapore,2026-04-25,VERIFIED
C010033,SME,Singapore,2024-12-06,VERIFIED
C010034,SME,UAE,2026-04-18,VERIFIED
C010035,SME,Singapore,2025-10-22,VERIFIED
C010036,Consumer,India,2025-05-18,VERIFIED
C010037,SME,India,2024-03-11,VERIFIED
C010038,Consumer,India,2024-05-08,VERIFIED
C010039,Consumer,Singapore,2025-03-19,REJECTED
C010040,Consumer,UAE,2024-10-16,VERIFIED
C010041,Enterprise,UAE,2025-08-21,VERIFIED
C010042,Consumer,Singapore,2025-01-21,VERIFIED
C010043,Consumer,India,2024-01-18,VERIFIED
C010044,Consumer,India,2025-07-08,VERIFIED
C010045,SME,India,2024-03-16,VERIFIED
C010046,Consumer,India,2026-04-25,VERIFIED
C010047,Consumer,India,2025-07-06,VERIFIED
C010048,Consumer,India,2026-05-23,REJECTED
C010049,SME,India,2024-12-30,VERIFIED
C010050,Enterprise,Singapore,2024-10-06,VERIFIED
C010051,SME,India,2024-10-06,VERIFIED
C010052,Consumer,Singapore,2026-02-09,VERIFIED
C010053,Enterprise,India,2025-03-18,VERIFIED
C010054,Consumer,India,2024-11-24,VERIFIED
C010055,Consumer,UAE,2025-06-19,VERIFIED
C010056,Consumer,India,2025-05-22,VERIFIED
C010057,Consumer,UAE,2025-03-25,VERIFIED
C010058,SME,India,2025-01-09,VERIFIED
C010059,Consumer,India,2024-10-22,REJECTED
C010060,Consumer,India,2025-04-20,VERIFIED
C010061,Consumer,India,2026-04-18,VERIFIED
C010062,Consumer,India,2025-01-27,VERIFIED
C010063,Consumer,Singapore,2024-04-18,PENDING
C010064,Consumer,India,2024-12-24,VERIFIED
C010065,Consumer,India,2024-10-15,VERIFIED
C010066,SME,India,2025-02-21,REJECTED
C010067,SME,India,2024-11-13,VERIFIED
C010068,SME,UAE,2024-12-06,VERIFIED
C010069,Consumer,UAE,2024-11-12,VERIFIED
C010070,SME,India,2024-12-14,VERIFIED
C010071,Enterprise,India,2024-01-27,VERIFIED
C010072,SME,India,2025-09-29,VERIFIED
C010073,SME,UAE,2025-02-04,VERIFIED
C010074,Consumer,India,2024-11-11,VERIFIED
C010075,Enterprise,Singapore,2025-11-12,VERIFIED
C010076,Consumer,India,2025-07-12,VERIFIED
C010077,Consumer,UAE,2025-01-02,VERIFIED
C010078,Consumer,India,2024-12-08,VERIFIED
C010079,Consumer,India,2025-11-23,VERIFIED
C010080,Enterprise,Singapore,2024-12-30,VERIFIED
C010081,Consumer,UAE,2024-03-13,PENDING
C010082,Consumer,UAE,2024-05-01,PENDING
C010083,SME,Singapore,2026-05-14,VERIFIED
C010084,Consumer,Singapore,2024-07-04,VERIFIED
C010085,Consumer,India,2026-04-15,VERIFIED
C010086,Consumer,Singapore,2024-11-14,VERIFIED
C010087,SME,UAE,2025-08-16,VERIFIED
C010088,Consumer,India,2025-06-25,VERIFIED
C010089,SME,Singapore,2026-03-03,VERIFIED
C010090,Consumer,India,2025-09-24,VERIFIED
C010091,Consumer,India,2024-12-18,VERIFIED
C010092,Consumer,UAE,2024-12-20,VERIFIED
C010093,Consumer,India,2024-04-15,VERIFIED
C010094,SME,India,2026-04-03,VERIFIED
C010095,SME,India,2025-02-21,VERIFIED
C010096,Consumer,India,2025-10-03,PENDING
C010097,Consumer,India,2024-07-23,VERIFIED
C010098,SME,UAE,2025-07-18,PENDING
C010099,Consumer,Singapore,2025-01-16,PENDING
C010100,Consumer,UAE,2024-10-23,VERIFIED
C010101,Enterprise,India,2024-10-05,VERIFIED
C010102,Consumer,UAE,2024-07-07,REJECTED
C010103,Enterprise,Singapore,2025-12-27,VERIFIED
C010104,Consumer,India,2025-06-26,VERIFIED
C010105,SME,Singapore,2025-03-25,VERIFIED
C010106,Consumer,UAE,2024-09-14,VERIFIED
C010107,Consumer,India,2025-03-28,VERIFIED
C010108,Consumer,Singapore,2025-07-25,VERIFIED
C010109,Consumer,UAE,2024-03-18,VERIFIED
C010110,Consumer,India,2024-01-23,VERIFIED
C010111,Consumer,Singapore,2025-05-17,VERIFIED
C010112,Consumer,India,2024-07-03,VERIFIED
C010113,SME,India,2025-06-30,VERIFIED
C010114,Consumer,Singapore,2025-05-27,VERIFIED
C010115,Consumer,India,2025-09-08,VERIFIED
C010116,Consumer,Singapore,2025-11-18,VERIFIED
C010117,Consumer,India,2024-02-18,VERIFIED
C010118,Consumer,India,2024-06-16,VERIFIED
C010119,Consumer,India,2026-04-09,PENDING
C010120,SME,India,2026-02-21,VERIFIED
C010121,Consumer,India,2025-10-31,VERIFIED
C010122,Consumer,UAE,2024-01-21,VERIFIED
C010123,SME,UAE,2025-01-26,REJECTED
C010124,SME,UAE,2024-04-14,VERIFIED
C010125,Consumer,India,2024-10-16,VERIFIED
C010126,SME,UAE,2025-09-24,VERIFIED
C010127,Consumer,UAE,2025-12-04,VERIFIED
C010128,SME,India,2025-03-01,VERIFIED
C010129,Consumer,India,2024-08-16,VERIFIED
C010130,SME,India,2024-06-29,VERIFIED
C010131,Enterprise,India,2024-12-17,VERIFIED
C010132,Consumer,UAE,2024-08-12,VERIFIED
C010133,Consumer,India,2024-08-21,VERIFIED
C010134,Consumer,Singapore,2024-09-22,VERIFIED
C010135,Consumer,India,2026-05-07,VERIFIED
C010136,Consumer,India,2024-11-09,VERIFIED
C010137,Consumer,India,2025-05-13,VERIFIED
C010138,SME,UAE,2026-05-26,VERIFIED
C010139,Consumer,India,2024-08-05,VERIFIED
C010140,Consumer,UAE,2024-07-29,VERIFIED
C010141,Consumer,India,2024-04-08,VERIFIED
C010142,Consumer,Singapore,2025-09-12,VERIFIED
C010143,Enterprise,Singapore,2025-01-22,VERIFIED
C010144,Consumer,UAE,2024-12-10,VERIFIED
C010145,Consumer,India,2024-09-09,VERIFIED
C010146,SME,India,2025-06-07,VERIFIED
C010147,SME,India,2024-04-27,VERIFIED
C010148,Consumer,UAE,2025-08-22,VERIFIED
C010149,SME,India,2026-05-05,VERIFIED
C010150,Consumer,India,2024-07-27,VERIFIED
C010151,SME,India,2025-02-12,VERIFIED
C010152,Consumer,India,2025-04-25,VERIFIED
C010153,Consumer,UAE,2025-10-03,VERIFIED
C010154,Consumer,UAE,2024-11-24,VERIFIED
C010155,SME,India,2024-07-01,VERIFIED
C010156,Consumer,UAE,2025-02-20,VERIFIED
C010157,Consumer,Singapore,2024-03-23,VERIFIED
C010158,Consumer,India,2024-09-10,VERIFIED
C010159,Enterprise,UAE,2024-01-05,VERIFIED
C010160,SME,Singapore,2024-10-29,VERIFIED
C010161,Consumer,India,2025-06-19,PENDING
C010162,Consumer,Singapore,2025-09-24,VERIFIED
C010163,Consumer,India,2025-08-29,VERIFIED
C010164,Consumer,India,2025-03-03,VERIFIED
C010165,Enterprise,Singapore,2026-01-05,VERIFIED
C010166,Consumer,UAE,2026-01-20,REJECTED
C010167,Consumer,Singapore,2024-08-14,VERIFIED
C010168,Consumer,India,2025-10-15,VERIFIED
C010169,Consumer,UAE,2025-07-16,VERIFIED
C010170,Consumer,India,2025-01-24,VERIFIED
C010171,Consumer,India,2025-10-18,VERIFIED
C010172,Consumer,India,2026-04-29,PENDING
C010173,Consumer,India,2026-04-19,VERIFIED
C010174,Consumer,India,2026-03-29,VERIFIED
C010175,Consumer,Singapore,2025-07-17,VERIFIED
C010176,Consumer,UAE,2024-01-12,VERIFIED
C010177,SME,UAE,2024-12-02,VERIFIED
C010178,Consumer,Singapore,2025-08-29,VERIFIED
C010179,Consumer,India,2024-05-08,VERIFIED
C010180,SME,Singapore,2024-01-11,REJECTED
C010181,SME,UAE,2025-05-04,VERIFIED
C010182,Consumer,India,2024-09-28,VERIFIED
C010183,Consumer,Singapore,2024-12-22,VERIFIED
C010184,Consumer,India,2026-05-30,VERIFIED
C010185,SME,India,2024-04-01,VERIFIED
C010186,Consumer,India,2024-01-09,VERIFIED
C010187,SME,Singapore,2024-05-02,VERIFIED
C010188,SME,Singapore,2026-02-14,VERIFIED
C010189,Consumer,India,2024-10-07,VERIFIED
C010190,Consumer,India,2025-04-02,VERIFIED
C010191,SME,UAE,2025-03-26,VERIFIED
C010192,Consumer,UAE,2025-09-22,VERIFIED
C010193,Consumer,India,2025-02-10,VERIFIED
C010194,SME,India,2025-12-02,VERIFIED
C010195,Consumer,Singapore,2026-03-01,VERIFIED
C010196,Enterprise,India,2026-03-22,VERIFIED
C010197,SME,India,2024-02-25,PENDING
C010198,SME,India,2025-12-08,VERIFIED
C010199,Consumer,Singapore,2025-01-13,VERIFIED
C010200,Consumer,Singapore,2025-05-16,VERIFIED
C010201,Consumer,India,2024-01-23,VERIFIED
C010202,Consumer,India,2026-02-15,VERIFIED
C010203,Consumer,India,2024-09-01,VERIFIED
C010204,Consumer,India,2026-02-10,VERIFIED
C010205,Consumer,India,2025-02-21,VERIFIED
C010206,Consumer,India,2024-08-18,VERIFIED
C010207,SME,India,2024-07-28,VERIFIED
C010208,Consumer,India,2024-06-10,VERIFIED
C010209,Consumer,Singapore,2025-01-11,VERIFIED
C010210,Consumer,Singapore,2026-05-15,PENDING
C010211,Enterprise,India,2024-06-18,VERIFIED
C010212,Consumer,India,2024-12-04,VERIFIED
C010213,Consumer,India,2026-03-12,VERIFIED
C010214,Consumer,Singapore,2025-04-18,VERIFIED
C010215,Enterprise,India,2024-08-14,VERIFIED
C010216,SME,India,2026-05-22,VERIFIED
C010217,Consumer,Singapore,2024-12-28,VERIFIED
C010218,Consumer,Singapore,2025-04-23,VERIFIED
C010219,Consumer,India,2025-07-08,VERIFIED
C010220,Consumer,India,2025-04-19,VERIFIED
C010221,SME,UAE,2024-07-13,VERIFIED
C010222,SME,UAE,2024-01-12,VERIFIED
C010223,Enterprise,India,2025-05-09,VERIFIED
C010224,Consumer,Singapore,2026-02-22,VERIFIED
C010225,Consumer,Singapore,2024-03-02,VERIFIED
C010226,Consumer,UAE,2025-06-12,VERIFIED
C010227,SME,India,2024-09-27,VERIFIED
C010228,SME,Singapore,2025-06-21,REJECTED
C010229,Consumer,Singapore,2025-07-10,VERIFIED
C010230,Consumer,India,2025-10-18,VERIFIED
C010231,Consumer,Singapore,2024-03-05,VERIFIED
C010232,Consumer,India,2026-05-11,VERIFIED
C010233,SME,India,2025-04-24,VERIFIED
C010234,Consumer,India,2026-03-08,PENDING
C010235,SME,UAE,2025-05-04,PENDING
C010236,Consumer,India,2024-03-08,VERIFIED
C010237,SME,Singapore,2024-12-27,VERIFIED
C010238,Consumer,Singapore,2026-03-22,VERIFIED
C010239,SME,India,2025-08-30,VERIFIED
C010240,Consumer,India,2025-07-25,VERIFIED
C010241,Consumer,Singapore,2026-02-07,PENDING
C010242,Consumer,UAE,2024-01-19,VERIFIED
C010243,Consumer,India,2025-06-28,VERIFIED
C010244,Consumer,India,2024-03-31,VERIFIED
C010245,Consumer,India,2024-08-25,VERIFIED
C010246,Enterprise,India,2025-04-06,VERIFIED
C010247,Consumer,India,2024-01-24,VERIFIED
C010248,SME,India,2024-08-14,VERIFIED
C010249,Enterprise,India,2026-04-30,VERIFIED
C010250,Consumer,India,2025-01-15,VERIFIED
C010251,SME,Singapore,2026-02-15,VERIFIED
C010252,Consumer,UAE,2024-01-06,VERIFIED
C010253,Consumer,India,2025-07-23,VERIFIED
C010254,Consumer,Singapore,2025-09-03,VERIFIED
C010255,Enterprise,India,2025-09-25,VERIFIED
C010256,Consumer,UAE,2024-12-22,VERIFIED
C010257,Consumer,Singapore,2024-06-05,VERIFIED
C010258,Consumer,Singapore,2024-07-19,VERIFIED
C010259,SME,India,2024-08-12,VERIFIED
C010260,Consumer,Singapore,2025-04-07,VERIFIED
C010261,SME,India,2026-02-17,VERIFIED
C010262,SME,India,2025-10-24,PENDING
C010263,SME,India,2024-09-13,VERIFIED
C010264,Enterprise,Singapore,2025-08-15,VERIFIED
C010265,SME,Singapore,2025-03-06,VERIFIED
C010266,Consumer,India,2026-05-27,VERIFIED
C010267,Consumer,India,2025-02-28,VERIFIED
C010268,Consumer,India,2025-02-10,VERIFIED
C010269,Consumer,India,2025-09-03,VERIFIED
C010270,Consumer,Singapore,2024-04-14,VERIFIED
C010271,Consumer,India,2024-09-08,VERIFIED
C010272,Consumer,India,2025-10-06,VERIFIED
C010273,Enterprise,India,2024-04-08,VERIFIED
C010274,Consumer,Singapore,2024-06-26,VERIFIED
C010275,Enterprise,India,2024-09-21,PENDING
C010276,Consumer,UAE,2024-05-11,VERIFIED
C010277,Consumer,India,2024-07-17,VERIFIED
C010278,SME,Singapore,2025-12-05,VERIFIED
C010279,Consumer,India,2025-12-20,VERIFIED
C010280,Consumer,India,2024-02-26,VERIFIED
C010281,Consumer,India,2025-02-12,VERIFIED
C010282,Consumer,India,2024-09-18,VERIFIED
C010283,Enterprise,India,2026-01-11,VERIFIED
C010284,SME,India,2025-10-15,VERIFIED
C010285,Consumer,India,2025-07-28,VERIFIED
C010286,Consumer,India,2024-04-27,PENDING
C010287,Consumer,Singapore,2025-04-29,VERIFIED
C010288,Consumer,Singapore,2024-11-16,VERIFIED
C010289,Consumer,India,2024-11-03,VERIFIED
C010290,Consumer,India,2025-05-04,VERIFIED
C010291,Consumer,India,2024-11-16,REJECTED
C010292,Consumer,India,2026-01-26,VERIFIED
C010293,Consumer,Singapore,2024-12-21,VERIFIED
C010294,SME,Singapore,2025-10-09,VERIFIED
C010295,Consumer,India,2025-08-30,VERIFIED
C010296,Enterprise,India,2026-01-06,VERIFIED
C010297,SME,Singapore,2025-06-03,VERIFIED
C010298,Consumer,India,2025-06-09,VERIFIED
C010299,Consumer,India,2024-01-24,VERIFIED
C010300,SME,Singapore,2024-07-10,VERIFIED
C010301,Enterprise,India,2026-01-22,VERIFIED
C010302,SME,India,2024-12-14,VERIFIED
C010303,Consumer,UAE,2024-01-25,VERIFIED
C010304,Enterprise,India,2025-01-24,VERIFIED
C010305,Consumer,Singapore,2025-10-02,VERIFIED
C010306,SME,India,2025-08-21,VERIFIED
C010307,Enterprise,Singapore,2026-01-14,PENDING
C010308,Consumer,UAE,2026-03-11,VERIFIED
C010309,Enterprise,India,2025-07-21,PENDING
C010310,Consumer,Singapore,2024-07-08,VERIFIED
C010311,Enterprise,UAE,2024-01-28,VERIFIED
C010312,Consumer,India,2025-06-24,VERIFIED
C010313,Enterprise,Singapore,2025-05-05,VERIFIED
C010314,Consumer,UAE,2025-05-02,VERIFIED
C010315,SME,India,2026-03-01,VERIFIED
C010316,Consumer,India,2024-06-20,VERIFIED
C010317,Consumer,India,2024-02-07,PENDING
C010318,Consumer,India,2024-10-25,PENDING
C010319,SME,India,2024-09-22,VERIFIED
C010320,Consumer,India,2024-01-27,PENDING
C010321,Consumer,India,2025-10-09,VERIFIED
C010322,Consumer,India,2026-01-17,VERIFIED
C010323,Enterprise,India,2026-01-26,VERIFIED
C010324,Consumer,India,2025-03-27,VERIFIED
C010325,Consumer,India,2025-04-13,VERIFIED
C010326,Consumer,Singapore,2024-03-25,VERIFIED
C010327,Consumer,India,2024-01-13,VERIFIED
C010328,Consumer,India,2025-07-23,VERIFIED
C010329,Consumer,India,2024-09-15,VERIFIED
C010330,SME,India,2024-04-09,VERIFIED
C010331,SME,India,2025-09-07,VERIFIED
C010332,Consumer,Singapore,2024-09-17,VERIFIED
C010333,Consumer,India,2024-10-04,VERIFIED
C010334,SME,UAE,2024-03-06,REJECTED
C010335,Consumer,India,2025-08-23,VERIFIED
C010336,SME,India,2026-03-18,VERIFIED
C010337,Consumer,Singapore,2025-08-22,VERIFIED
C010338,Consumer,Singapore,2025-01-12,VERIFIED
C010339,Consumer,Singapore,2025-05-31,VERIFIED
C010340,SME,UAE,2025-10-17,VERIFIED
C010341,Consumer,India,2024-04-26,VERIFIED
C010342,Consumer,Singapore,2026-02-21,VERIFIED
C010343,Consumer,India,2025-05-13,VERIFIED
C010344,SME,UAE,2024-07-23,VERIFIED
C010345,Enterprise,India,2025-08-09,VERIFIED
C010346,Consumer,India,2024-03-20,VERIFIED
C010347,Consumer,Singapore,2024-01-18,VERIFIED
C010348,Enterprise,India,2025-12-29,VERIFIED
C010349,Consumer,India,2025-09-05,VERIFIED
C010350,Consumer,India,2025-10-05,VERIFIED
C010351,Consumer,Singapore,2026-03-31,VERIFIED
C010352,SME,UAE,2024-02-27,VERIFIED
C010353,Consumer,Singapore,2024-04-21,VERIFIED
C010354,SME,UAE,2025-08-19,VERIFIED
C010355,Consumer,India,2026-04-22,VERIFIED
C010356,Consumer,India,2026-04-05,VERIFIED
C010357,SME,India,2025-09-19,VERIFIED
C010358,Consumer,India,2024-11-10,VERIFIED
C010359,Consumer,India,2024-06-10,VERIFIED
C010360,SME,India,2026-03-08,VERIFIED
C010361,SME,India,2024-11-19,VERIFIED
C010362,SME,Singapore,2025-12-18,VERIFIED
C010363,Enterprise,India,2024-11-26,VERIFIED
C010364,SME,Singapore,2025-08-02,VERIFIED
C010365,Consumer,Singapore,2026-01-29,VERIFIED
C010366,Consumer,Singapore,2025-05-16,VERIFIED
C010367,SME,UAE,2024-02-26,VERIFIED
C010368,Consumer,India,2024-06-13,VERIFIED
C010369,Consumer,Singapore,2024-06-14,VERIFIED
C010370,Consumer,UAE,2024-10-23,VERIFIED
C010371,Consumer,India,2024-01-04,VERIFIED
C010372,Enterprise,Singapore,2025-02-13,VERIFIED
C010373,Consumer,India,2026-03-17,VERIFIED
C010374,Consumer,Singapore,2026-05-26,VERIFIED
C010375,Enterprise,India,2024-04-15,VERIFIED
C010376,Consumer,UAE,2025-09-11,VERIFIED
C010377,Consumer,Singapore,2025-11-12,VERIFIED
C010378,Consumer,UAE,2026-02-17,VERIFIED
C010379,SME,Singapore,2026-02-17,VERIFIED
C010380,SME,India,2025-07-19,VERIFIED
C010381,SME,India,2024-06-14,VERIFIED
C010382,SME,UAE,2024-09-10,VERIFIED
C010383,Consumer,India,2026-02-26,VERIFIED
C010384,SME,India,2025-10-27,VERIFIED
C010385,SME,India,2024-05-07,VERIFIED
C010386,Consumer,India,2025-04-30,VERIFIED
C010387,Consumer,Singapore,2024-03-16,VERIFIED
C010388,Enterprise,India,2024-08-08,VERIFIED
C010389,SME,Singapore,2026-02-20,VERIFIED
C010390,SME,UAE,2025-03-09,PENDING
C010391,SME,India,2025-09-26,VERIFIED
C010392,Consumer,India,2025-06-20,VERIFIED
C010393,SME,India,2025-03-14,VERIFIED
C010394,Consumer,UAE,2025-03-10,VERIFIED
C010395,Consumer,India,2025-09-09,VERIFIED
C010396,SME,India,2025-09-09,VERIFIED
C010397,Consumer,Singapore,2025-09-06,VERIFIED
C010398,SME,India,2026-02-16,VERIFIED
C010399,Consumer,UAE,2025-06-09,PENDING
C010400,Consumer,UAE,2024-05-12,VERIFIED
C010401,Consumer,India,2025-03-16,VERIFIED
C010402,Consumer,Singapore,2025-06-17,VERIFIED
C010403,Consumer,India,2025-08-09,VERIFIED
C010404,Consumer,Singapore,2026-03-07,VERIFIED
C010405,Enterprise,Singapore,2025-01-25,VERIFIED
C010406,Consumer,India,2024-08-31,PENDING
C010407,Consumer,India,2026-02-06,VERIFIED
C010408,Consumer,UAE,2024-05-25,VERIFIED
C010409,Consumer,India,2025-02-18,VERIFIED
C010410,Consumer,Singapore,2025-03-02,VERIFIED
C010411,SME,India,2024-07-30,VERIFIED
C010412,SME,India,2024-09-05,VERIFIED
C010413,Consumer,Singapore,2024-02-04,VERIFIED
C010414,Consumer,India,2026-04-18,VERIFIED
C010415,Enterprise,Singapore,2024-09-09,VERIFIED
C010416,SME,India,2026-05-11,VERIFIED
C010417,SME,India,2026-02-10,VERIFIED
C010418,Consumer,UAE,2026-03-29,VERIFIED
C010419,Consumer,India,2026-05-11,VERIFIED
C010420,Consumer,UAE,2024-10-12,VERIFIED
C010421,Consumer,UAE,2026-05-11,VERIFIED
C010422,Consumer,UAE,2025-11-23,VERIFIED
C010423,Consumer,UAE,2024-07-28,VERIFIED
C010424,Consumer,India,2024-04-19,VERIFIED
C010425,SME,UAE,2024-11-25,PENDING
C010426,SME,India,2024-05-21,VERIFIED
C010427,Consumer,India,2025-11-06,VERIFIED
C010428,SME,India,2024-03-27,VERIFIED
C010429,Consumer,India,2024-05-19,VERIFIED
C010430,SME,Singapore,2024-11-27,VERIFIED
C010431,Consumer,India,2025-11-04,VERIFIED
C010432,Consumer,India,2024-01-26,VERIFIED
C010433,SME,India,2025-10-07,VERIFIED
C010434,Consumer,India,2026-05-18,VERIFIED
C010435,Enterprise,Singapore,2025-09-18,PENDING
C010436,Consumer,India,2025-11-23,VERIFIED
C010437,Consumer,India,2024-12-27,VERIFIED
C010438,Consumer,India,2026-05-20,VERIFIED
C010439,Consumer,India,2025-10-20,VERIFIED
C010440,Consumer,Singapore,2024-12-25,VERIFIED
C010441,SME,India,2024-08-02,VERIFIED
C010442,SME,India,2024-03-17,VERIFIED
C010443,SME,India,2024-04-04,VERIFIED
C010444,Enterprise,India,2024-08-05,VERIFIED
C010445,Consumer,UAE,2026-05-24,PENDING
C010446,SME,India,2025-01-02,VERIFIED
C010447,Consumer,Singapore,2024-02-21,PENDING
C010448,SME,Singapore,2024-09-30,VERIFIED
C010449,Consumer,India,2025-03-19,VERIFIED
C010450,Enterprise,UAE,2025-11-17,VERIFIED
C010451,SME,Singapore,2026-04-04,VERIFIED
C010452,Enterprise,Singapore,2024-02-02,VERIFIED
C010453,SME,India,2026-05-21,VERIFIED
C010454,Enterprise,India,2025-02-19,VERIFIED
C010455,SME,India,2025-10-05,VERIFIED
C010456,Consumer,India,2025-02-28,VERIFIED
C010457,Consumer,UAE,2026-02-25,VERIFIED
C010458,Consumer,UAE,2024-01-07,VERIFIED
C010459,Consumer,India,2025-05-09,VERIFIED
C010460,Consumer,Singapore,2026-01-08,VERIFIED
C010461,Consumer,Singapore,2026-02-05,VERIFIED
C010462,Consumer,India,2026-03-04,VERIFIED
C010463,Enterprise,India,2026-01-17,VERIFIED
C010464,Enterprise,India,2026-05-04,VERIFIED
C010465,Consumer,Singapore,2024-12-19,PENDING
C010466,Consumer,UAE,2025-11-26,VERIFIED
C010467,Consumer,India,2024-07-17,VERIFIED
C010468,Consumer,India,2025-12-15,VERIFIED
C010469,SME,Singapore,2025-03-10,VERIFIED
C010470,Consumer,Singapore,2024-05-15,VERIFIED
C010471,Consumer,India,2024-10-14,VERIFIED
C010472,SME,India,2026-03-12,VERIFIED
C010473,SME,UAE,2025-10-19,VERIFIED
C010474,Consumer,India,2025-12-19,VERIFIED
C010475,SME,India,2025-07-20,VERIFIED
C010476,Consumer,Singapore,2026-03-21,VERIFIED
C010477,Consumer,India,2025-02-11,VERIFIED
C010478,Consumer,UAE,2026-01-31,VERIFIED
C010479,Consumer,India,2026-02-25,VERIFIED
C010480,Consumer,India,2025-12-17,VERIFIED
C010481,Consumer,India,2026-04-04,VERIFIED
C010482,SME,India,2025-12-04,VERIFIED
C010483,SME,India,2024-12-01,VERIFIED
C010484,Consumer,Singapore,2024-01-02,PENDING
C010485,Consumer,India,2024-07-03,VERIFIED
C010486,SME,UAE,2025-11-04,VERIFIED
C010487,Consumer,India,2025-07-14,VERIFIED
C010488,Enterprise,India,2025-08-24,VERIFIED
C010489,Consumer,India,2025-03-13,VERIFIED
C010490,Consumer,Singapore,2026-02-01,VERIFIED
C010491,Consumer,India,2024-01-22,VERIFIED
C010492,Consumer,India,2024-07-30,VERIFIED
C010493,Consumer,UAE,2025-04-21,VERIFIED
C010494,Consumer,India,2025-04-10,VERIFIED
C010495,Consumer,India,2024-08-21,VERIFIED
C010496,Consumer,India,2024-06-20,VERIFIED
C010497,Consumer,Singapore,2025-08-25,VERIFIED
C010498,Consumer,India,2025-11-05,VERIFIED
C010499,Consumer,Singapore,2026-03-07,VERIFIED
C010500,Consumer,Singapore,2025-06-01,VERIFIED
C010501,Consumer,Singapore,2024-08-31,VERIFIED
C010502,Consumer,India,2025-02-24,VERIFIED
C010503,SME,UAE,2025-01-13,VERIFIED
C010504,Consumer,India,2025-04-17,VERIFIED
C010505,SME,India,2024-12-06,VERIFIED
C010506,Consumer,India,2025-11-01,VERIFIED
C010507,Consumer,Singapore,2024-05-02,PENDING
C010508,Consumer,India,2026-05-21,VERIFIED
C010509,SME,India,2025-03-09,VERIFIED
C010510,Consumer,Singapore,2024-07-06,VERIFIED
C010511,Consumer,India,2024-01-14,VERIFIED
C010512,Consumer,India,2024-03-10,VERIFIED
C010513,Consumer,Singapore,2025-10-12,VERIFIED
C010514,Consumer,Singapore,2025-02-14,VERIFIED
C010515,SME,India,2026-05-19,VERIFIED
C010516,Consumer,India,2026-04-16,VERIFIED
C010517,Consumer,UAE,2025-08-13,VERIFIED
C010518,Consumer,Singapore,2026-03-16,VERIFIED
C010519,SME,India,2024-11-13,VERIFIED
C010520,SME,Singapore,2025-03-12,PENDING
C010521,Consumer,India,2025-08-14,VERIFIED
C010522,SME,India,2024-05-25,PENDING
C010523,SME,India,2026-01-06,VERIFIED
C010524,Consumer,India,2024-08-14,VERIFIED
C010525,Consumer,UAE,2025-01-16,VERIFIED
C010526,SME,India,2024-06-28,VERIFIED
C010527,Consumer,India,2025-06-19,VERIFIED
C010528,Consumer,UAE,2024-04-08,VERIFIED
C010529,SME,India,2025-01-25,VERIFIED
C010530,Consumer,Singapore,2024-09-26,VERIFIED
C010531,SME,India,2024-04-03,VERIFIED
C010532,SME,Singapore,2026-03-02,VERIFIED
C010533,Enterprise,India,2025-04-07,VERIFIED
C010534,Consumer,India,2026-02-19,PENDING
C010535,Consumer,Singapore,2025-10-20,VERIFIED
C010536,Consumer,Singapore,2024-10-11,VERIFIED
C010537,Consumer,Singapore,2024-01-22,VERIFIED
C010538,Consumer,Singapore,2024-01-02,VERIFIED
C010539,Consumer,India,2024-04-12,VERIFIED
C010540,Consumer,India,2024-02-05,VERIFIED
C010541,Consumer,Singapore,2026-03-16,VERIFIED
C010542,Consumer,Singapore,2024-09-30,VERIFIED
C010543,SME,Singapore,2024-02-20,VERIFIED
C010544,SME,Singapore,2024-05-22,VERIFIED
C010545,Enterprise,India,2025-04-27,VERIFIED
C010546,Consumer,India,2024-01-17,PENDING
C010547,Enterprise,India,2026-05-29,VERIFIED
C010548,SME,UAE,2025-08-11,VERIFIED
C010549,Consumer,Singapore,2024-10-04,VERIFIED
C010550,Consumer,India,2025-09-26,PENDING
C010551,Consumer,India,2025-03-13,VERIFIED
C010552,Consumer,India,2025-03-11,VERIFIED
C010553,Consumer,UAE,2025-01-18,VERIFIED
C010554,Consumer,UAE,2026-05-07,VERIFIED
C010555,SME,India,2025-11-16,VERIFIED
C010556,Consumer,Singapore,2024-05-11,VERIFIED
C010557,Consumer,India,2024-09-19,VERIFIED
C010558,SME,India,2025-01-28,VERIFIED
C010559,Consumer,Singapore,2026-02-21,VERIFIED
C010560,Enterprise,Singapore,2024-07-26,VERIFIED
C010561,Consumer,Singapore,2026-03-18,VERIFIED
C010562,Enterprise,India,2024-08-13,VERIFIED
C010563,Consumer,India,2025-12-01,VERIFIED
C010564,Consumer,India,2025-04-09,VERIFIED
C010565,Consumer,India,2024-12-23,VERIFIED
C010566,SME,India,2024-05-23,VERIFIED
C010567,SME,India,2024-12-19,VERIFIED
C010568,Consumer,India,2024-09-07,VERIFIED
C010569,Enterprise,India,2025-01-10,VERIFIED
C010570,Consumer,Singapore,2024-09-01,VERIFIED
C010571,SME,Singapore,2024-01-18,VERIFIED
C010572,SME,Singapore,2025-12-15,VERIFIED
C010573,Consumer,India,2025-12-16,VERIFIED
C010574,Consumer,India,2025-04-29,VERIFIED
C010575,Enterprise,India,2024-01-02,VERIFIED
C010576,Enterprise,India,2025-01-10,REJECTED
C010577,Enterprise,India,2025-07-19,VERIFIED
C010578,Enterprise,India,2024-06-14,VERIFIED
C010579,Consumer,Singapore,2026-05-14,VERIFIED
C010580,SME,UAE,2024-11-24,VERIFIED
C010581,Consumer,India,2025-10-16,VERIFIED
C010582,Enterprise,UAE,2025-03-23,VERIFIED
C010583,Consumer,India,2024-04-01,VERIFIED
C010584,Consumer,Singapore,2025-06-03,VERIFIED
C010585,Consumer,Singapore,2024-09-08,VERIFIED
C010586,Consumer,UAE,2025-09-03,VERIFIED
C010587,Consumer,India,2024-02-08,VERIFIED
C010588,SME,India,2025-03-11,VERIFIED
C010589,SME,India,2025-10-09,VERIFIED
C010590,Consumer,India,2024-12-27,VERIFIED
C010591,SME,UAE,2025-07-15,VERIFIED
C010592,Consumer,Singapore,2024-03-23,VERIFIED
C010593,Consumer,Singapore,2026-02-04,VERIFIED
C010594,Consumer,India,2025-12-08,VERIFIED
C010595,SME,UAE,2024-01-27,VERIFIED
C010596,SME,India,2025-08-11,VERIFIED
C010597,Consumer,India,2026-03-16,VERIFIED
C010598,Consumer,UAE,2026-02-05,VERIFIED
C010599,Consumer,India,2024-01-21,VERIFIED
C010600,Consumer,India,2024-08-05,VERIFIED
C010601,Consumer,India,2024-02-14,VERIFIED
C010602,Consumer,Singapore,2025-02-10,VERIFIED
C010603,SME,Singapore,2025-11-24,VERIFIED
C010604,Enterprise,India,2026-03-08,PENDING
C010605,Consumer,Singapore,2025-04-23,VERIFIED
C010606,Consumer,Singapore,2026-05-12,VERIFIED
C010607,SME,UAE,2025-10-17,VERIFIED
C010608,SME,Singapore,2025-07-17,VERIFIED
C010609,SME,Singapore,2026-02-01,REJECTED
C010610,SME,Singapore,2025-09-09,VERIFIED
C010611,Consumer,India,2026-03-19,VERIFIED
C010612,SME,India,2025-12-11,VERIFIED
C010613,Consumer,India,2024-12-02,PENDING
C010614,Consumer,India,2026-03-02,VERIFIED
C010615,Consumer,India,2024-05-27,VERIFIED
C010616,Consumer,India,2025-09-06,PENDING
C010617,Enterprise,India,2025-02-14,PENDING
C010618,SME,India,2025-05-28,VERIFIED
C010619,Consumer,India,2026-02-06,VERIFIED
C010620,Consumer,Singapore,2025-07-25,VERIFIED
C010621,Consumer,UAE,2026-03-29,PENDING
C010622,Consumer,India,2025-01-19,VERIFIED
C010623,Consumer,India,2025-04-26,VERIFIED
C010624,Enterprise,India,2025-08-25,VERIFIED
C010625,Enterprise,India,2024-04-10,VERIFIED
C010626,SME,India,2024-04-23,VERIFIED
C010627,SME,Singapore,2024-09-18,VERIFIED
C010628,Consumer,India,2025-02-25,VERIFIED
C010629,Consumer,Singapore,2024-02-23,PENDING
C010630,Consumer,Singapore,2024-07-06,VERIFIED
C010631,Consumer,India,2025-06-22,VERIFIED
C010632,SME,India,2026-01-21,VERIFIED
C010633,Consumer,India,2025-08-14,VERIFIED
C010634,Consumer,India,2024-07-08,VERIFIED
C010635,Consumer,India,2026-04-10,VERIFIED
C010636,Enterprise,UAE,2026-05-16,VERIFIED
C010637,Consumer,Singapore,2025-08-25,PENDING
C010638,SME,UAE,2025-06-30,VERIFIED
C010639,SME,India,2024-02-27,REJECTED
C010640,Consumer,India,2025-05-17,VERIFIED
C010641,Consumer,India,2024-07-07,VERIFIED
C010642,SME,India,2026-02-03,VERIFIED
C010643,Consumer,India,2025-07-01,VERIFIED
C010644,Enterprise,Singapore,2026-05-19,VERIFIED
C010645,Consumer,India,2025-08-26,VERIFIED
C010646,Consumer,UAE,2025-07-21,VERIFIED
C010647,SME,UAE,2025-08-01,VERIFIED
C010648,SME,India,2024-11-08,VERIFIED
C010649,Enterprise,UAE,2024-06-17,VERIFIED
C010650,SME,India,2026-03-09,VERIFIED
C010651,Enterprise,India,2024-05-10,VERIFIED
C010652,SME,Singapore,2025-11-08,VERIFIED
C010653,SME,India,2025-07-17,VERIFIED
C010654,Consumer,UAE,2024-05-31,VERIFIED
C010655,Consumer,Singapore,2024-04-14,VERIFIED
C010656,Enterprise,UAE,2025-01-01,VERIFIED
C010657,Consumer,UAE,2024-04-01,VERIFIED
C010658,Consumer,India,2025-12-13,VERIFIED
C010659,Consumer,India,2026-03-15,VERIFIED
C010660,Consumer,India,2025-12-31,VERIFIED
C010661,Consumer,India,2025-03-07,VERIFIED
C010662,Consumer,India,2025-08-01,VERIFIED
C010663,SME,Singapore,2025-11-11,VERIFIED
C010664,Consumer,India,2024-10-31,VERIFIED
C010665,Consumer,UAE,2024-01-28,REJECTED
C010666,Consumer,Singapore,2024-10-14,PENDING
C010667,Consumer,India,2024-12-20,REJECTED
C010668,Consumer,India,2026-04-18,VERIFIED
C010669,SME,India,2025-06-27,VERIFIED
C010670,Consumer,India,2025-11-08,VERIFIED
C010671,Enterprise,India,2025-02-07,VERIFIED
C010672,Consumer,India,2024-05-15,VERIFIED
C010673,Consumer,Singapore,2024-03-08,VERIFIED
C010674,Consumer,India,2024-06-02,VERIFIED
C010675,Consumer,Singapore,2025-04-07,PENDING
C010676,SME,Singapore,2024-11-21,VERIFIED
C010677,SME,India,2026-03-26,VERIFIED
C010678,Consumer,India,2024-04-05,PENDING
C010679,Consumer,Singapore,2024-07-15,VERIFIED
C010680,Consumer,UAE,2024-04-17,PENDING
C010681,Consumer,India,2024-02-15,VERIFIED
C010682,Enterprise,India,2024-07-04,VERIFIED
C010683,Consumer,India,2025-03-29,VERIFIED
C010684,SME,India,2024-11-18,VERIFIED
C010685,Consumer,India,2024-10-11,VERIFIED
C010686,Consumer,India,2024-03-23,VERIFIED
C010687,Consumer,Singapore,2025-10-11,VERIFIED
C010688,Consumer,India,2024-11-22,VERIFIED
C010689,SME,India,2026-01-18,VERIFIED
C010690,Consumer,India,2025-03-24,VERIFIED
C010691,SME,UAE,2024-11-16,VERIFIED
C010692,Consumer,India,2024-05-24,VERIFIED
C010693,Enterprise,UAE,2024-10-04,VERIFIED
C010694,Consumer,India,2025-09-03,VERIFIED
C010695,SME,India,2024-01-14,VERIFIED
C010696,SME,India,2024-09-18,VERIFIED
C010697,Enterprise,Singapore,2025-02-17,VERIFIED
C010698,Consumer,India,2025-05-08,VERIFIED
C010699,SME,Singapore,2024-02-16,VERIFIED
C010700,Consumer,Singapore,2026-01-06,VERIFIED
C010701,Consumer,Singapore,2025-10-17,VERIFIED
C010702,Consumer,India,2024-07-14,VERIFIED
C010703,Consumer,Singapore,2024-10-16,VERIFIED
C010704,Enterprise,India,2026-02-07,VERIFIED
C010705,Consumer,India,2025-03-07,VERIFIED
C010706,Consumer,India,2025-06-03,VERIFIED
C010707,Consumer,Singapore,2026-02-28,VERIFIED
C010708,Consumer,India,2024-11-19,VERIFIED
C010709,SME,India,2026-03-12,VERIFIED
C010710,Consumer,India,2025-03-04,VERIFIED
C010711,Consumer,India,2024-10-19,VERIFIED
C010712,Consumer,India,2025-01-11,VERIFIED
C010713,Enterprise,India,2025-06-18,VERIFIED
C010714,SME,India,2024-03-24,VERIFIED
C010715,Enterprise,India,2026-02-05,VERIFIED
C010716,Consumer,UAE,2025-01-07,VERIFIED
C010717,Consumer,India,2024-01-24,VERIFIED
C010718,Consumer,India,2024-11-20,VERIFIED
C010719,Consumer,India,2026-04-27,VERIFIED
C010720,Consumer,Singapore,2024-11-11,VERIFIED
C010721,SME,India,2025-07-03,VERIFIED
C010722,Consumer,India,2024-08-08,VERIFIED
C010723,Consumer,India,2024-08-01,VERIFIED
C010724,SME,UAE,2025-04-16,VERIFIED
C010725,SME,India,2026-04-24,VERIFIED
C010726,Consumer,India,2025-05-05,VERIFIED
C010727,Consumer,India,2024-03-25,PENDING
C010728,Consumer,India,2025-01-19,VERIFIED
C010729,Consumer,India,2024-01-04,VERIFIED
C010730,SME,Singapore,2025-12-07,VERIFIED
C010731,Consumer,India,2024-04-23,VERIFIED
C010732,SME,Singapore,2024-08-02,VERIFIED
C010733,SME,India,2024-12-01,VERIFIED
C010734,Consumer,India,2026-05-26,VERIFIED
C010735,Consumer,India,2025-10-14,VERIFIED
C010736,Consumer,India,2024-06-15,VERIFIED
C010737,SME,Singapore,2024-10-13,VERIFIED
C010738,Consumer,India,2025-05-09,VERIFIED
C010739,Consumer,Singapore,2025-01-18,VERIFIED
C010740,Consumer,UAE,2026-04-26,VERIFIED
C010741,Consumer,India,2025-05-31,VERIFIED
C010742,SME,UAE,2024-05-06,VERIFIED
C010743,Consumer,India,2025-03-08,VERIFIED
C010744,Consumer,India,2024-03-26,VERIFIED
C010745,Consumer,Singapore,2025-08-20,REJECTED
C010746,Consumer,India,2025-06-19,VERIFIED
C010747,SME,India,2024-02-14,VERIFIED
C010748,SME,Singapore,2025-09-14,VERIFIED
C010749,Consumer,UAE,2024-10-16,VERIFIED
C010750,Consumer,India,2025-11-27,PENDING
C010751,Consumer,UAE,2024-08-22,VERIFIED
C010752,Consumer,India,2024-06-05,REJECTED
C010753,Consumer,UAE,2025-02-09,VERIFIED
C010754,SME,India,2025-11-03,VERIFIED
C010755,Consumer,Singapore,2025-05-19,VERIFIED
C010756,SME,India,2025-12-12,VERIFIED
C010757,Consumer,UAE,2024-05-01,VERIFIED
C010758,SME,Singapore,2024-08-11,REJECTED
C010759,Consumer,India,2026-05-26,VERIFIED
C010760,SME,India,2024-01-23,VERIFIED
C010761,Consumer,Singapore,2024-07-15,VERIFIED
C010762,Consumer,Singapore,2025-04-23,VERIFIED
C010763,SME,India,2024-10-11,VERIFIED
C010764,Consumer,India,2025-06-01,VERIFIED
C010765,SME,UAE,2024-11-03,VERIFIED
C010766,SME,India,2024-12-10,VERIFIED
C010767,Consumer,India,2025-08-23,VERIFIED
C010768,Consumer,UAE,2025-02-01,VERIFIED
C010769,Consumer,India,2026-02-23,VERIFIED
C010770,Consumer,India,2025-04-08,VERIFIED
C010771,Consumer,India,2026-03-06,VERIFIED
C010772,SME,UAE,2026-02-15,VERIFIED
C010773,Consumer,India,2024-04-24,VERIFIED
C010774,Consumer,Singapore,2025-09-27,VERIFIED
C010775,Consumer,UAE,2025-03-25,VERIFIED
C010776,Consumer,India,2026-02-10,PENDING
C010777,Consumer,UAE,2025-02-07,VERIFIED
C010778,SME,India,2025-11-11,VERIFIED
C010779,SME,Singapore,2025-07-01,VERIFIED
C010780,Consumer,India,2024-08-16,VERIFIED
C010781,Enterprise,Singapore,2025-10-07,VERIFIED
C010782,Consumer,India,2024-08-31,PENDING
C010783,Enterprise,India,2024-03-05,VERIFIED
C010784,SME,UAE,2024-08-24,VERIFIED
C010785,SME,India,2024-01-03,VERIFIED
C010786,Consumer,UAE,2025-05-14,VERIFIED
C010787,Consumer,India,2024-02-06,VERIFIED
C010788,Consumer,India,2025-09-12,VERIFIED
C010789,SME,UAE,2024-09-06,PENDING
C010790,Consumer,India,2024-01-03,VERIFIED
C010791,SME,UAE,2024-08-22,VERIFIED
C010792,Consumer,India,2025-02-20,VERIFIED
C010793,SME,India,2024-09-07,VERIFIED
C010794,Consumer,Singapore,2024-05-22,VERIFIED
C010795,Consumer,India,2026-01-29,VERIFIED
C010796,Consumer,India,2024-02-25,VERIFIED
C010797,Consumer,Singapore,2024-03-01,VERIFIED
C010798,Consumer,India,2024-03-08,VERIFIED
C010799,SME,India,2024-03-19,VERIFIED
C010800,Consumer,Singapore,2024-11-22,VERIFIED
C010801,Consumer,Singapore,2025-01-01,VERIFIED
C010802,SME,India,2025-12-08,VERIFIED
C010803,Consumer,India,2025-12-07,PENDING
C010804,Enterprise,Singapore,2025-06-18,VERIFIED
C010805,Enterprise,India,2025-06-09,VERIFIED
C010806,Consumer,India,2025-01-24,PENDING
C010807,Consumer,UAE,2024-10-15,VERIFIED
C010808,Consumer,India,2025-06-04,VERIFIED
C010809,SME,Singapore,2025-10-13,VERIFIED
C010810,Consumer,UAE,2026-01-23,VERIFIED
C010811,SME,Singapore,2024-09-09,VERIFIED
C010812,SME,UAE,2026-01-08,VERIFIED
C010813,Consumer,India,2024-04-04,VERIFIED
C010814,SME,India,2025-11-21,VERIFIED
C010815,SME,UAE,2024-01-03,VERIFIED
C010816,Consumer,India,2025-11-26,PENDING
C010817,SME,Singapore,2024-02-15,VERIFIED
C010818,SME,India,2026-03-14,VERIFIED
C010819,Consumer,Singapore,2025-10-14,VERIFIED
C010820,Consumer,India,2025-06-08,VERIFIED
C010821,Consumer,India,2025-11-28,PENDING
C010822,Consumer,India,2025-04-26,VERIFIED
C010823,Enterprise,Singapore,2025-08-19,VERIFIED
C010824,Consumer,India,2025-02-21,VERIFIED
C010825,SME,Singapore,2024-02-12,VERIFIED
C010826,Consumer,India,2025-10-29,VERIFIED
C010827,Consumer,India,2025-11-26,PENDING
C010828,Enterprise,Singapore,2025-07-12,VERIFIED
C010829,SME,India,2024-07-24,VERIFIED
C010830,Consumer,India,2025-12-22,VERIFIED
C010831,Consumer,India,2024-10-01,VERIFIED
C010832,Consumer,Singapore,2025-08-17,VERIFIED
C010833,Consumer,UAE,2024-04-06,VERIFIED
C010834,Consumer,India,2024-06-27,VERIFIED
C010835,Consumer,India,2026-05-16,VERIFIED
C010836,Enterprise,India,2024-05-27,VERIFIED
C010837,Consumer,Singapore,2026-03-07,VERIFIED
C010838,SME,India,2025-01-18,VERIFIED
C010839,SME,Singapore,2024-03-12,VERIFIED
C010840,Consumer,India,2024-08-04,VERIFIED
C010841,SME,UAE,2025-12-21,VERIFIED
C010842,Consumer,India,2026-04-12,VERIFIED
C010843,SME,UAE,2026-03-16,VERIFIED
C010844,Consumer,India,2025-03-08,VERIFIED
C010845,Consumer,India,2025-09-27,VERIFIED
C010846,SME,Singapore,2025-05-15,VERIFIED
C010847,Consumer,Singapore,2026-05-11,VERIFIED
C010848,SME,India,2025-10-29,VERIFIED
C010849,Enterprise,UAE,2024-02-02,VERIFIED
C010850,Consumer,India,2026-02-19,VERIFIED
C010851,Consumer,India,2024-08-03,PENDING
C010852,Consumer,India,2024-04-10,PENDING
C010853,Consumer,India,2025-04-14,VERIFIED
C010854,SME,Singapore,2024-06-28,VERIFIED
C010855,Consumer,India,2025-09-30,VERIFIED
C010856,Consumer,India,2024-11-28,VERIFIED
C010857,SME,India,2025-05-02,VERIFIED
C010858,Consumer,India,2025-04-04,PENDING
C010859,SME,UAE,2025-01-11,VERIFIED
C010860,Consumer,UAE,2025-11-11,VERIFIED
C010861,Enterprise,India,2026-03-27,VERIFIED
C010862,Consumer,India,2026-05-27,VERIFIED
C010863,Consumer,UAE,2024-05-14,VERIFIED
C010864,Consumer,India,2026-03-14,VERIFIED
C010865,Consumer,India,2025-08-27,PENDING
C010866,Enterprise,India,2026-01-02,VERIFIED
C010867,Consumer,India,2025-02-13,VERIFIED
C010868,SME,Singapore,2024-06-03,VERIFIED
C010869,Consumer,India,2024-10-06,VERIFIED
C010870,Consumer,UAE,2025-04-23,VERIFIED
C010871,Consumer,India,2024-07-17,VERIFIED
C010872,Consumer,India,2026-04-28,VERIFIED
C010873,Consumer,UAE,2026-01-22,VERIFIED
C010874,Consumer,UAE,2025-02-20,VERIFIED
C010875,Enterprise,Singapore,2024-04-07,VERIFIED
C010876,Consumer,India,2024-09-06,VERIFIED
C010877,Consumer,Singapore,2024-04-14,VERIFIED
C010878,Consumer,India,2026-02-11,VERIFIED
C010879,Consumer,India,2025-10-02,VERIFIED
C010880,Enterprise,Singapore,2024-11-22,VERIFIED
C010881,Consumer,Singapore,2025-04-26,VERIFIED
C010882,Consumer,Singapore,2026-02-09,PENDING
C010883,Consumer,Singapore,2026-03-14,VERIFIED
C010884,Consumer,India,2025-01-11,VERIFIED
C010885,Consumer,India,2025-10-13,PENDING
C010886,SME,Singapore,2024-01-15,VERIFIED
C010887,Consumer,India,2025-11-26,VERIFIED
C010888,Consumer,India,2025-04-25,VERIFIED
C010889,SME,India,2024-01-16,VERIFIED
C010890,Consumer,India,2026-01-02,VERIFIED
C010891,SME,UAE,2025-07-28,VERIFIED
C010892,Consumer,India,2026-01-22,VERIFIED
C010893,SME,India,2025-04-29,VERIFIED
C010894,Consumer,Singapore,2024-10-05,VERIFIED
C010895,Consumer,India,2024-11-28,PENDING
C010896,Consumer,UAE,2024-09-13,VERIFIED
C010897,Consumer,India,2024-07-03,VERIFIED
C010898,Consumer,UAE,2025-08-10,VERIFIED
C010899,Consumer,India,2024-01-27,VERIFIED
C010900,Consumer,India,2024-01-25,VERIFIED
C010901,Consumer,India,2026-05-03,PENDING
C010902,Consumer,India,2024-03-02,PENDING
C010903,SME,UAE,2025-10-19,VERIFIED
C010904,SME,India,2024-08-20,PENDING
C010905,Consumer,Singapore,2025-04-08,PENDING
C010906,Consumer,India,2024-12-14,VERIFIED
C010907,Consumer,UAE,2024-10-12,VERIFIED
C010908,Consumer,Singapore,2025-02-17,VERIFIED
C010909,SME,India,2025-08-18,VERIFIED
C010910,Consumer,India,2025-11-17,VERIFIED
C010911,Consumer,Singapore,2025-02-09,VERIFIED
C010912,SME,India,2025-01-15,VERIFIED
C010913,Consumer,India,2024-06-18,VERIFIED
C010914,SME,Singapore,2024-10-16,VERIFIED
C010915,SME,UAE,2025-05-30,VERIFIED
C010916,Consumer,UAE,2024-10-13,VERIFIED
C010917,Consumer,Singapore,2024-11-02,VERIFIED
C010918,Consumer,India,2025-07-15,VERIFIED
C010919,Consumer,UAE,2026-02-20,VERIFIED
C010920,Consumer,India,2024-01-08,VERIFIED
C010921,SME,India,2024-12-22,VERIFIED
C010922,Consumer,UAE,2025-08-03,VERIFIED
C010923,Consumer,India,2024-05-18,PENDING
C010924,Consumer,India,2025-05-25,VERIFIED
C010925,SME,Singapore,2024-09-04,VERIFIED
C010926,Consumer,India,2025-06-24,VERIFIED
C010927,SME,India,2024-07-01,VERIFIED
C010928,Consumer,India,2025-12-25,VERIFIED
C010929,Consumer,India,2025-02-26,VERIFIED
C010930,SME,UAE,2025-01-31,VERIFIED
C010931,SME,India,2026-04-11,VERIFIED
C010932,Consumer,India,2024-10-31,VERIFIED
C010933,Consumer,India,2024-01-19,VERIFIED
C010934,SME,Singapore,2025-01-17,VERIFIED
C010935,Consumer,Singapore,2024-08-13,VERIFIED
C010936,Consumer,India,2024-08-17,VERIFIED
C010937,Enterprise,India,2026-04-30,PENDING
C010938,Consumer,Singapore,2025-08-30,VERIFIED
C010939,Consumer,India,2025-05-09,VERIFIED
C010940,Consumer,India,2025-04-28,VERIFIED
C010941,Consumer,India,2025-09-18,VERIFIED
C010942,SME,India,2024-12-24,VERIFIED
C010943,Consumer,UAE,2025-11-22,VERIFIED
C010944,Consumer,UAE,2025-01-07,VERIFIED
C010945,Consumer,Singapore,2024-03-18,VERIFIED
C010946,SME,UAE,2024-11-22,VERIFIED
C010947,Consumer,Singapore,2024-10-02,VERIFIED
C010948,Enterprise,UAE,2024-12-17,VERIFIED
C010949,Consumer,India,2026-05-27,VERIFIED
C010950,Enterprise,India,2024-06-30,PENDING
C010951,Consumer,Singapore,2025-05-19,VERIFIED
C010952,SME,Singapore,2025-08-29,VERIFIED
C010953,Consumer,India,2025-08-20,VERIFIED
C010954,Consumer,India,2025-01-23,VERIFIED
C010955,SME,India,2025-08-29,VERIFIED
C010956,SME,India,2024-11-30,VERIFIED
C010957,Consumer,India,2025-03-21,REJECTED
C010958,SME,India,2025-05-23,VERIFIED
C010959,Consumer,UAE,2025-10-18,VERIFIED
C010960,SME,Singapore,2024-09-04,VERIFIED
C010961,Consumer,UAE,2025-11-23,VERIFIED
C010962,Consumer,UAE,2024-10-19,VERIFIED
C010963,Consumer,India,2025-06-14,VERIFIED
C010964,Consumer,India,2024-05-17,VERIFIED
C010965,SME,India,2025-07-09,VERIFIED
C010966,Consumer,UAE,2026-01-07,VERIFIED
C010967,Consumer,India,2024-12-10,VERIFIED
C010968,Consumer,Singapore,2024-02-06,VERIFIED
C010969,SME,India,2024-11-09,VERIFIED
C010970,Consumer,UAE,2024-08-07,VERIFIED
C010971,Consumer,India,2025-10-01,VERIFIED
C010972,Enterprise,Singapore,2024-05-22,VERIFIED
C010973,Consumer,India,2025-02-07,VERIFIED
C010974,SME,India,2025-11-25,VERIFIED
C010975,SME,Singapore,2025-02-07,VERIFIED
C010976,Consumer,UAE,2025-07-08,VERIFIED
C010977,Enterprise,India,2025-04-23,VERIFIED
C010978,SME,UAE,2025-12-22,VERIFIED
C010979,Consumer,Singapore,2025-07-13,VERIFIED
C010980,Consumer,Singapore,2026-04-03,PENDING
C010981,SME,India,2024-08-07,VERIFIED
C010982,Consumer,India,2025-01-01,VERIFIED
C010983,SME,India,2024-07-14,VERIFIED
C010984,Consumer,UAE,2025-11-14,VERIFIED
C010985,Consumer,UAE,2026-01-18,PENDING
C010986,Consumer,Singapore,2025-11-17,VERIFIED
C010987,Consumer,India,2024-02-01,VERIFIED
C010988,Consumer,India,2026-01-05,VERIFIED
C010989,SME,UAE,2024-02-23,VERIFIED
C010990,SME,India,2025-02-26,VERIFIED
C010991,SME,UAE,2025-11-28,VERIFIED
C010992,Consumer,India,2024-08-21,VERIFIED
C010993,SME,India,2026-04-08,VERIFIED
C010994,Consumer,UAE,2026-01-12,VERIFIED
C010995,SME,India,2024-04-19,VERIFIED
C010996,Consumer,India,2026-05-28,VERIFIED
C010997,Enterprise,UAE,2024-04-09,VERIFIED
C010998,SME,Singapore,2025-12-12,VERIFIED
C010999,Consumer,Singapore,2024-07-29,VERIFIED
C011000,Consumer,Singapore,2026-01-02,VERIFIED
C011001,Consumer,India,2025-02-06,VERIFIED
C011002,Consumer,India,2026-04-16,VERIFIED
C011003,Consumer,India,2024-05-29,VERIFIED
C011004,Consumer,India,2025-11-05,VERIFIED
C011005,Consumer,India,2025-01-28,VERIFIED
C011006,Enterprise,Singapore,2025-10-16,VERIFIED
C011007,SME,India,2024-09-14,VERIFIED
C011008,SME,Singapore,2024-09-01,VERIFIED
C011009,SME,India,2024-05-29,VERIFIED
C011010,Consumer,India,2025-09-15,VERIFIED
C011011,Consumer,India,2024-04-08,VERIFIED
C011012,SME,UAE,2024-04-12,VERIFIED
C011013,Enterprise,India,2025-12-23,VERIFIED
C011014,Consumer,India,2024-01-12,VERIFIED
C011015,SME,Singapore,2024-08-13,VERIFIED
C011016,Enterprise,India,2026-03-23,VERIFIED
C011017,SME,India,2025-03-17,VERIFIED
C011018,Enterprise,UAE,2024-05-27,VERIFIED
C011019,Consumer,India,2024-06-27,PENDING
C011020,Enterprise,India,2024-01-07,VERIFIED
C011021,SME,Singapore,2024-05-31,VERIFIED
C011022,Consumer,Singapore,2026-04-14,PENDING
C011023,Enterprise,India,2025-08-04,VERIFIED
C011024,Consumer,India,2024-12-18,VERIFIED
C011025,Consumer,India,2025-07-18,VERIFIED
C011026,Consumer,India,2025-11-04,VERIFIED
C011027,Consumer,India,2025-02-20,VERIFIED
C011028,Consumer,India,2025-08-27,VERIFIED
C011029,SME,India,2025-10-24,VERIFIED
C011030,Consumer,UAE,2025-07-23,VERIFIED
C011031,Consumer,Singapore,2024-07-14,VERIFIED
C011032,Consumer,UAE,2024-11-20,VERIFIED
C011033,Consumer,India,2025-04-26,VERIFIED
C011034,SME,India,2024-07-26,VERIFIED
C011035,SME,India,2024-10-29,VERIFIED
C011036,Enterprise,UAE,2024-10-25,VERIFIED
C011037,Consumer,India,2025-03-01,VERIFIED
C011038,Consumer,India,2024-03-02,VERIFIED
C011039,Enterprise,India,2024-07-13,VERIFIED
C011040,SME,India,2025-07-20,VERIFIED
C011041,Consumer,India,2024-12-28,VERIFIED
C011042,SME,India,2025-07-14,VERIFIED
C011043,Enterprise,India,2025-09-09,PENDING
C011044,SME,Singapore,2024-03-18,VERIFIED
C011045,Consumer,India,2024-10-10,VERIFIED
C011046,SME,Singapore,2024-02-26,VERIFIED
C011047,Consumer,India,2025-11-11,VERIFIED
C011048,Consumer,India,2025-01-10,PENDING
C011049,Consumer,India,2025-01-10,VERIFIED
C011050,Consumer,India,2025-12-19,REJECTED
C011051,Consumer,India,2026-02-10,REJECTED
C011052,Consumer,India,2026-02-26,VERIFIED
C011053,SME,India,2025-01-07,VERIFIED
C011054,SME,India,2026-05-06,VERIFIED
C011055,Enterprise,India,2025-11-05,VERIFIED
C011056,Consumer,India,2024-08-31,VERIFIED
C011057,Consumer,India,2026-01-31,VERIFIED
C011058,Enterprise,India,2026-03-31,VERIFIED
C011059,Consumer,UAE,2024-02-08,VERIFIED
C011060,SME,India,2024-11-04,PENDING
C011061,SME,India,2025-09-24,VERIFIED
C011062,Consumer,Singapore,2024-03-26,VERIFIED
C011063,SME,Singapore,2024-04-08,VERIFIED
C011064,SME,UAE,2025-01-08,VERIFIED
C011065,Consumer,UAE,2026-01-27,VERIFIED
C011066,Consumer,Singapore,2025-05-09,VERIFIED
C011067,Consumer,UAE,2026-05-09,VERIFIED
C011068,Consumer,India,2024-07-26,VERIFIED
C011069,Consumer,Singapore,2025-09-16,VERIFIED
C011070,Consumer,UAE,2024-03-23,VERIFIED
C011071,Consumer,Singapore,2025-07-30,VERIFIED
C011072,Enterprise,UAE,2024-01-01,PENDING
C011073,Consumer,India,2025-03-12,VERIFIED
C011074,Consumer,India,2025-11-16,VERIFIED
C011075,Consumer,UAE,2024-09-06,VERIFIED
C011076,Consumer,India,2025-02-13,VERIFIED
C011077,Consumer,Singapore,2026-01-07,PENDING
C011078,Consumer,India,2025-01-20,VERIFIED
C011079,Consumer,Singapore,2026-03-06,VERIFIED
C011080,SME,UAE,2024-03-24,VERIFIED
C011081,Enterprise,India,2025-05-04,VERIFIED
C011082,Consumer,India,2024-08-26,VERIFIED
C011083,Consumer,India,2025-06-23,VERIFIED
C011084,Consumer,UAE,2025-01-14,VERIFIED
C011085,SME,Singapore,2026-03-09,VERIFIED
C011086,Consumer,India,2025-01-25,VERIFIED
C011087,Enterprise,India,2024-11-23,VERIFIED
C011088,Consumer,Singapore,2025-04-24,VERIFIED
C011089,Consumer,Singapore,2024-10-30,VERIFIED
C011090,SME,India,2024-10-08,VERIFIED
C011091,Enterprise,India,2025-11-25,VERIFIED
C011092,SME,Singapore,2024-12-10,VERIFIED
C011093,Consumer,India,2024-05-14,VERIFIED
C011094,Consumer,UAE,2025-04-12,VERIFIED
C011095,Consumer,India,2024-12-26,VERIFIED
C011096,Consumer,Singapore,2025-07-22,VERIFIED
C011097,SME,India,2024-04-24,VERIFIED
C011098,SME,UAE,2024-07-04,VERIFIED
C011099,SME,India,2025-04-22,PENDING
C011100,Enterprise,India,2024-01-01,PENDING
C011101,Consumer,India,2026-04-29,VERIFIED
C011102,SME,UAE,2025-06-24,VERIFIED
C011103,SME,India,2026-01-13,VERIFIED
C011104,Consumer,India,2025-10-23,VERIFIED
C011105,SME,India,2025-02-27,VERIFIED
C011106,Consumer,India,2025-12-02,VERIFIED
C011107,SME,India,2024-09-26,VERIFIED
C011108,Consumer,India,2026-01-29,VERIFIED
C011109,Consumer,Singapore,2025-02-22,VERIFIED
C011110,SME,Singapore,2024-11-22,VERIFIED
C011111,SME,UAE,2024-07-13,VERIFIED
C011112,Consumer,UAE,2024-09-11,VERIFIED
C011113,Consumer,India,2024-03-19,VERIFIED
C011114,Consumer,Singapore,2026-05-24,VERIFIED
C011115,Consumer,India,2024-04-07,VERIFIED
C011116,SME,India,2024-05-29,VERIFIED
C011117,Enterprise,India,2026-02-24,VERIFIED
C011118,Consumer,India,2026-03-24,VERIFIED
C011119,SME,India,2026-04-29,PENDING
C011120,Consumer,India,2025-03-22,VERIFIED
C011121,SME,Singapore,2024-05-02,VERIFIED
C011122,Consumer,India,2025-09-01,VERIFIED
C011123,Consumer,India,2025-11-06,VERIFIED
C011124,SME,India,2025-07-11,PENDING
C011125,Consumer,India,2024-12-24,VERIFIED
C011126,SME,India,2024-08-26,VERIFIED
C011127,SME,India,2026-01-11,VERIFIED
C011128,Consumer,India,2026-03-15,VERIFIED
C011129,Consumer,Singapore,2026-01-25,VERIFIED
C011130,SME,Singapore,2025-06-13,VERIFIED
C011131,SME,India,2025-11-13,VERIFIED
C011132,Consumer,India,2026-05-21,VERIFIED
C011133,Consumer,Singapore,2025-10-30,VERIFIED
C011134,SME,India,2024-07-22,REJECTED
C011135,Consumer,India,2025-10-19,VERIFIED
C011136,Consumer,India,2024-05-22,VERIFIED
C011137,Consumer,Singapore,2024-07-05,VERIFIED
C011138,SME,Singapore,2025-05-02,PENDING
C011139,SME,Singapore,2024-05-01,VERIFIED
C011140,Enterprise,India,2024-12-15,VERIFIED
C011141,SME,India,2024-04-09,VERIFIED
C011142,Enterprise,India,2024-10-10,VERIFIED
C011143,Consumer,Singapore,2025-06-10,VERIFIED
C011144,SME,UAE,2025-01-18,VERIFIED
C011145,Consumer,India,2025-07-08,PENDING
C011146,SME,India,2026-03-11,VERIFIED
C011147,Consumer,India,2024-07-05,VERIFIED
C011148,Consumer,India,2024-01-08,VERIFIED
C011149,SME,India,2025-09-15,VERIFIED
C011150,SME,India,2025-06-28,VERIFIED
C011151,Consumer,UAE,2025-02-22,VERIFIED
C011152,Consumer,India,2024-03-30,VERIFIED
C011153,Consumer,India,2025-05-10,VERIFIED
C011154,Consumer,India,2025-10-22,VERIFIED
C011155,SME,India,2025-12-24,VERIFIED
C011156,Consumer,India,2024-04-25,VERIFIED
C011157,Enterprise,Singapore,2025-11-15,VERIFIED
C011158,Consumer,India,2024-01-20,VERIFIED
C011159,SME,UAE,2024-05-11,VERIFIED
C011160,SME,India,2024-10-18,VERIFIED
C011161,Consumer,India,2024-12-19,VERIFIED
C011162,Consumer,India,2024-08-24,VERIFIED
C011163,SME,Singapore,2025-08-11,VERIFIED
C011164,SME,India,2024-08-10,VERIFIED
C011165,Consumer,India,2025-03-11,VERIFIED
C011166,Consumer,India,2025-09-29,VERIFIED
C011167,Consumer,UAE,2024-02-08,VERIFIED
C011168,Consumer,India,2024-11-22,PENDING
C011169,Consumer,India,2024-07-27,VERIFIED
C011170,Consumer,India,2024-04-15,REJECTED
C011171,SME,India,2025-10-13,VERIFIED
C011172,SME,India,2024-09-05,VERIFIED
C011173,Enterprise,India,2025-07-20,VERIFIED
C011174,SME,Singapore,2025-09-21,VERIFIED
C011175,Enterprise,India,2026-05-11,VERIFIED
C011176,Consumer,Singapore,2025-11-18,VERIFIED
C011177,Consumer,Singapore,2024-12-19,VERIFIED
C011178,Enterprise,India,2025-04-14,VERIFIED
C011179,SME,India,2025-12-25,VERIFIED
C011180,Consumer,Singapore,2024-09-21,VERIFIED
C011181,SME,Singapore,2025-10-13,VERIFIED
C011182,Enterprise,Singapore,2025-04-08,VERIFIED
C011183,SME,Singapore,2026-04-16,PENDING
C011184,Consumer,India,2026-04-30,VERIFIED
C011185,SME,Singapore,2025-03-16,VERIFIED
C011186,Enterprise,India,2024-10-10,VERIFIED
C011187,Consumer,India,2026-02-23,VERIFIED
C011188,SME,India,2025-06-17,VERIFIED
C011189,Consumer,UAE,2025-01-03,PENDING
C011190,SME,India,2025-11-29,PENDING
C011191,Consumer,Singapore,2025-12-19,VERIFIED
C011192,Consumer,Singapore,2025-10-20,VERIFIED
C011193,Consumer,UAE,2025-05-09,VERIFIED
C011194,Consumer,Singapore,2024-06-02,VERIFIED
C011195,Consumer,India,2025-09-11,VERIFIED
C011196,Consumer,UAE,2024-11-11,VERIFIED
C011197,SME,Singapore,2024-10-26,VERIFIED
C011198,Consumer,Singapore,2025-03-15,VERIFIED
C011199,Consumer,UAE,2026-03-21,VERIFIED
C011200,Enterprise,India,2024-05-30,VERIFIED
C011201,Consumer,India,2025-02-09,VERIFIED
C011202,Consumer,India,2024-06-23,VERIFIED
C011203,Consumer,Singapore,2024-02-24,VERIFIED
C011204,SME,India,2026-02-17,PENDING
C011205,Enterprise,Singapore,2024-11-06,VERIFIED
C011206,Enterprise,India,2024-06-02,VERIFIED
C011207,SME,Singapore,2025-05-14,VERIFIED
C011208,Consumer,UAE,2025-05-15,VERIFIED
C011209,Consumer,India,2024-07-08,VERIFIED
C011210,Consumer,Singapore,2025-05-20,VERIFIED
C011211,Consumer,Singapore,2024-05-28,VERIFIED
C011212,SME,India,2024-01-08,VERIFIED
C011213,SME,India,2025-10-21,VERIFIED
C011214,Consumer,India,2025-11-15,VERIFIED
C011215,SME,Singapore,2025-08-15,VERIFIED
C011216,Consumer,India,2025-08-13,VERIFIED
C011217,Consumer,India,2025-04-13,VERIFIED
C011218,SME,India,2024-11-16,VERIFIED
C011219,Consumer,India,2025-07-25,VERIFIED
C011220,Consumer,Singapore,2025-03-26,VERIFIED
C011221,Consumer,Singapore,2025-08-29,VERIFIED
C011222,Consumer,India,2026-04-03,VERIFIED
C011223,SME,Singapore,2024-05-07,VERIFIED
C011224,Enterprise,Singapore,2025-09-25,VERIFIED
C011225,Consumer,India,2024-10-13,PENDING
C011226,Consumer,India,2026-05-02,VERIFIED
C011227,SME,UAE,2024-03-27,VERIFIED
C011228,Enterprise,Singapore,2024-03-21,VERIFIED
C011229,Consumer,Singapore,2025-06-17,VERIFIED
C011230,Consumer,India,2024-09-08,REJECTED
C011231,SME,Singapore,2024-07-08,VERIFIED
C011232,Consumer,India,2026-04-03,VERIFIED
C011233,Consumer,UAE,2025-08-20,VERIFIED
C011234,Consumer,UAE,2025-04-28,VERIFIED
C011235,Consumer,UAE,2025-01-13,VERIFIED
C011236,Consumer,UAE,2025-03-31,VERIFIED
C011237,Consumer,India,2026-05-28,VERIFIED
C011238,SME,UAE,2024-01-08,VERIFIED
C011239,Consumer,India,2024-11-13,REJECTED
C011240,Consumer,UAE,2024-11-29,VERIFIED
C011241,Consumer,India,2024-08-17,VERIFIED
C011242,SME,Singapore,2025-10-25,VERIFIED
C011243,Consumer,India,2025-05-22,VERIFIED
C011244,Consumer,Singapore,2026-02-28,VERIFIED
C011245,Consumer,India,2025-06-10,VERIFIED
C011246,SME,India,2025-04-19,VERIFIED
C011247,Consumer,Singapore,2025-02-09,VERIFIED
C011248,Consumer,Singapore,2024-10-13,VERIFIED
C011249,Consumer,India,2026-01-29,VERIFIED
C011250,SME,India,2026-02-05,VERIFIED
C011251,Consumer,India,2025-03-21,VERIFIED
C011252,SME,Singapore,2024-12-08,VERIFIED
C011253,SME,UAE,2024-11-20,VERIFIED
C011254,Enterprise,Singapore,2026-05-26,VERIFIED
C011255,Consumer,India,2024-06-15,VERIFIED
C011256,Enterprise,India,2025-08-15,PENDING
C011257,Consumer,UAE,2024-10-22,VERIFIED
C011258,Consumer,India,2025-08-03,VERIFIED
C011259,SME,India,2024-07-01,VERIFIED
C011260,Consumer,India,2026-04-18,VERIFIED
C011261,Consumer,Singapore,2025-07-29,REJECTED
C011262,Consumer,UAE,2026-02-14,VERIFIED
C011263,Consumer,India,2026-04-18,VERIFIED
C011264,Consumer,Singapore,2024-03-26,VERIFIED
C011265,SME,India,2025-07-09,VERIFIED
C011266,SME,India,2026-03-16,VERIFIED
C011267,SME,India,2024-05-28,REJECTED
C011268,Consumer,India,2026-02-10,VERIFIED
C011269,Enterprise,India,2026-04-02,VERIFIED
C011270,Consumer,Singapore,2026-05-10,VERIFIED
C011271,Consumer,India,2024-02-28,VERIFIED
C011272,Consumer,India,2025-08-28,VERIFIED
C011273,Consumer,India,2026-04-14,VERIFIED
C011274,Consumer,India,2024-01-05,VERIFIED
C011275,Consumer,India,2024-03-23,VERIFIED
C011276,Consumer,India,2026-04-19,VERIFIED
C011277,Consumer,Singapore,2025-01-17,VERIFIED
C011278,Consumer,UAE,2025-07-02,VERIFIED
C011279,SME,Singapore,2025-04-23,VERIFIED
C011280,SME,India,2024-01-27,VERIFIED
C011281,Consumer,UAE,2025-06-08,VERIFIED
C011282,Consumer,India,2025-07-30,VERIFIED
C011283,Enterprise,India,2025-02-17,VERIFIED
C011284,Consumer,India,2025-12-15,VERIFIED
C011285,SME,India,2024-06-28,VERIFIED
C011286,Consumer,UAE,2026-03-19,VERIFIED
C011287,Enterprise,India,2025-04-08,VERIFIED
C011288,Consumer,India,2026-02-21,VERIFIED
C011289,Consumer,India,2025-06-10,VERIFIED
C011290,SME,Singapore,2024-01-01,VERIFIED
C011291,Consumer,Singapore,2024-09-27,VERIFIED
C011292,Consumer,India,2025-04-28,VERIFIED
C011293,Consumer,Singapore,2024-02-17,VERIFIED
C011294,SME,Singapore,2025-11-24,VERIFIED
C011295,Consumer,India,2024-07-01,VERIFIED
C011296,Consumer,Singapore,2026-04-19,VERIFIED
C011297,Consumer,India,2025-01-07,VERIFIED
C011298,Consumer,India,2025-12-26,VERIFIED
C011299,SME,Singapore,2025-06-22,VERIFIED
C011300,Consumer,India,2025-05-21,REJECTED
C011301,Consumer,India,2026-01-07,VERIFIED
C011302,Consumer,UAE,2025-10-31,VERIFIED
C011303,Consumer,India,2025-05-20,VERIFIED
C011304,Consumer,India,2025-07-25,VERIFIED
C011305,Consumer,India,2024-03-06,VERIFIED
C011306,Consumer,India,2025-11-16,VERIFIED
C011307,Enterprise,India,2024-02-21,VERIFIED
C011308,Consumer,UAE,2025-04-14,VERIFIED
C011309,SME,India,2024-08-30,VERIFIED
C011310,Consumer,Singapore,2024-12-02,VERIFIED
C011311,Consumer,India,2026-03-13,VERIFIED
C011312,Consumer,Singapore,2026-01-25,VERIFIED
C011313,Consumer,UAE,2024-04-30,VERIFIED
C011314,Enterprise,India,2025-07-07,VERIFIED
C011315,Enterprise,UAE,2025-11-26,VERIFIED
C011316,SME,UAE,2024-02-14,VERIFIED
C011317,Consumer,Singapore,2024-02-21,VERIFIED
C011318,Consumer,India,2024-05-30,VERIFIED
C011319,Consumer,Singapore,2025-02-16,VERIFIED
C011320,Enterprise,UAE,2025-06-24,VERIFIED
C011321,Consumer,India,2025-07-22,VERIFIED
C011322,Consumer,India,2025-05-12,PENDING
C011323,Consumer,India,2026-02-25,VERIFIED
C011324,Consumer,India,2024-07-27,VERIFIED
C011325,Enterprise,UAE,2024-01-08,VERIFIED
C011326,Consumer,India,2025-01-25,VERIFIED
C011327,Consumer,India,2024-09-03,VERIFIED
C011328,Consumer,Singapore,2025-01-29,VERIFIED
C011329,SME,India,2025-12-07,VERIFIED
C011330,Consumer,India,2026-04-13,VERIFIED
C011331,SME,India,2024-12-04,VERIFIED
C011332,Consumer,India,2025-02-15,VERIFIED
C011333,SME,India,2025-06-23,VERIFIED
C011334,SME,India,2024-12-10,VERIFIED
C011335,Consumer,India,2026-04-22,VERIFIED
C011336,Consumer,Singapore,2024-10-22,VERIFIED
C011337,Consumer,UAE,2024-08-22,VERIFIED
C011338,Consumer,India,2025-10-03,VERIFIED
C011339,SME,Singapore,2025-08-10,VERIFIED
C011340,Consumer,UAE,2025-03-20,VERIFIED
C011341,Consumer,India,2024-08-20,VERIFIED
C011342,Consumer,UAE,2026-01-11,VERIFIED
C011343,Consumer,UAE,2026-04-23,VERIFIED
C011344,SME,India,2026-05-31,VERIFIED
C011345,Consumer,India,2026-05-12,VERIFIED
C011346,Enterprise,India,2024-11-05,VERIFIED
C011347,Enterprise,India,2025-12-01,VERIFIED
C011348,Consumer,UAE,2025-04-22,VERIFIED
C011349,Consumer,UAE,2025-05-28,VERIFIED
C011350,SME,India,2024-12-01,VERIFIED
C011351,Consumer,Singapore,2025-07-30,VERIFIED
C011352,Consumer,India,2024-02-21,VERIFIED
C011353,Consumer,India,2025-06-29,VERIFIED
C011354,Consumer,Singapore,2024-10-27,PENDING
C011355,SME,UAE,2026-01-21,VERIFIED
C011356,Consumer,India,2025-10-02,REJECTED
C011357,Consumer,India,2024-08-30,REJECTED
C011358,Enterprise,India,2024-12-21,VERIFIED
C011359,SME,India,2026-03-30,REJECTED
C011360,Consumer,India,2026-04-14,VERIFIED
C011361,SME,India,2025-09-01,VERIFIED
C011362,Consumer,India,2025-08-10,PENDING
C011363,SME,Singapore,2026-04-03,VERIFIED
C011364,Consumer,India,2025-03-17,VERIFIED
C011365,Consumer,India,2026-05-26,VERIFIED
C011366,SME,UAE,2025-12-31,VERIFIED
C011367,Consumer,UAE,2026-03-28,VERIFIED
C011368,Enterprise,India,2025-09-04,PENDING
C011369,Consumer,India,2024-04-28,REJECTED
C011370,Enterprise,UAE,2025-02-12,VERIFIED
C011371,Enterprise,India,2025-10-13,VERIFIED
C011372,Consumer,India,2025-01-05,PENDING
C011373,SME,India,2026-01-06,VERIFIED
C011374,Consumer,India,2026-02-05,PENDING
C011375,Enterprise,India,2024-03-13,VERIFIED
C011376,Consumer,India,2025-03-24,VERIFIED
C011377,SME,Singapore,2026-04-03,VERIFIED
C011378,Consumer,UAE,2026-03-28,PENDING
C011379,Consumer,UAE,2025-04-15,VERIFIED
C011380,Consumer,India,2024-06-04,PENDING
C011381,Consumer,India,2026-02-09,VERIFIED
C011382,SME,Singapore,2025-07-29,VERIFIED
C011383,Consumer,India,2024-11-05,VERIFIED
C011384,SME,India,2024-02-05,VERIFIED
C011385,Consumer,India,2024-09-04,VERIFIED
C011386,Consumer,India,2025-03-03,VERIFIED
C011387,Consumer,India,2024-02-13,VERIFIED
C011388,SME,India,2025-03-28,VERIFIED
C011389,Enterprise,UAE,2024-04-28,REJECTED
C011390,Consumer,India,2024-12-14,VERIFIED
C011391,Consumer,UAE,2025-11-23,VERIFIED
C011392,Consumer,UAE,2025-01-22,PENDING
C011393,SME,India,2024-03-10,VERIFIED
C011394,Consumer,Singapore,2026-05-19,VERIFIED
C011395,SME,Singapore,2025-03-29,VERIFIED
C011396,Consumer,India,2024-09-23,VERIFIED
C011397,SME,India,2025-12-31,VERIFIED
C011398,SME,India,2025-03-13,VERIFIED
C011399,Consumer,Singapore,2024-12-31,PENDING
C011400,Consumer,India,2025-12-02,VERIFIED
C011401,Consumer,India,2026-02-06,VERIFIED
C011402,Consumer,India,2024-07-05,VERIFIED
C011403,SME,India,2024-08-14,VERIFIED
C011404,Consumer,India,2024-03-01,VERIFIED
C011405,SME,India,2024-06-16,VERIFIED
C011406,Consumer,UAE,2024-05-11,VERIFIED
C011407,Consumer,Singapore,2024-06-03,PENDING
C011408,Consumer,Singapore,2026-02-22,VERIFIED
C011409,Consumer,Singapore,2025-12-22,VERIFIED
C011410,Consumer,Singapore,2024-01-07,VERIFIED
C011411,Consumer,India,2025-06-06,VERIFIED
C011412,Consumer,India,2025-12-12,VERIFIED
C011413,Consumer,UAE,2024-09-07,VERIFIED
C011414,Consumer,India,2025-07-29,VERIFIED
C011415,Consumer,India,2025-11-22,VERIFIED
C011416,Consumer,India,2025-10-01,VERIFIED
C011417,Enterprise,India,2024-09-18,VERIFIED
C011418,Consumer,Singapore,2024-04-29,PENDING
C011419,SME,India,2024-02-17,VERIFIED
C011420,Consumer,Singapore,2024-03-09,VERIFIED
C011421,SME,India,2024-09-18,VERIFIED
C011422,Consumer,India,2026-01-11,VERIFIED
C011423,Enterprise,India,2026-02-02,VERIFIED
C011424,Consumer,Singapore,2025-03-20,VERIFIED
C011425,SME,Singapore,2025-04-23,VERIFIED
C011426,Consumer,India,2024-08-18,VERIFIED
C011427,Consumer,India,2024-08-11,VERIFIED
C011428,SME,UAE,2025-04-01,VERIFIED
C011429,Consumer,India,2025-12-19,PENDING
C011430,Consumer,India,2026-05-02,VERIFIED
C011431,Consumer,India,2024-12-31,VERIFIED
C011432,Consumer,India,2024-01-28,VERIFIED
C011433,Enterprise,India,2026-05-26,VERIFIED
C011434,Consumer,India,2025-12-31,VERIFIED
C011435,SME,UAE,2026-04-28,VERIFIED
C011436,Consumer,Singapore,2024-04-10,VERIFIED
C011437,Consumer,Singapore,2024-02-27,VERIFIED
C011438,Enterprise,India,2024-01-24,VERIFIED
C011439,SME,Singapore,2025-02-18,VERIFIED
C011440,SME,Singapore,2024-08-14,VERIFIED
C011441,Consumer,UAE,2024-06-17,VERIFIED
C011442,Consumer,India,2025-05-03,VERIFIED
C011443,Consumer,India,2024-09-02,VERIFIED
C011444,Consumer,Singapore,2026-04-15,VERIFIED
C011445,Consumer,UAE,2025-12-24,VERIFIED
C011446,SME,UAE,2024-12-28,VERIFIED
C011447,SME,Singapore,2025-04-09,PENDING
C011448,Consumer,India,2025-03-05,VERIFIED
C011449,Consumer,India,2026-02-16,VERIFIED
C011450,SME,UAE,2025-02-24,VERIFIED
C011451,Consumer,India,2024-01-21,VERIFIED
C011452,Consumer,India,2025-09-27,VERIFIED
C011453,Consumer,UAE,2025-01-03,VERIFIED
C011454,Consumer,India,2025-04-08,REJECTED
C011455,Enterprise,Singapore,2024-04-06,REJECTED
C011456,Consumer,Singapore,2025-10-11,VERIFIED
C011457,Consumer,India,2025-05-06,VERIFIED
C011458,Consumer,India,2026-04-29,VERIFIED
C011459,Enterprise,India,2024-12-18,PENDING
C011460,SME,Singapore,2025-08-27,VERIFIED
C011461,Consumer,India,2024-04-04,VERIFIED
C011462,Consumer,India,2024-01-24,VERIFIED
C011463,Consumer,UAE,2025-01-14,VERIFIED
C011464,Consumer,India,2025-01-30,VERIFIED
C011465,SME,India,2025-02-07,VERIFIED
C011466,Consumer,India,2025-10-09,VERIFIED
C011467,Consumer,India,2026-04-25,VERIFIED
C011468,SME,UAE,2024-05-12,PENDING
C011469,Consumer,India,2024-02-23,VERIFIED
C011470,SME,India,2024-10-18,VERIFIED
C011471,Consumer,UAE,2024-04-21,VERIFIED
C011472,Consumer,Singapore,2025-02-25,PENDING
C011473,Enterprise,India,2024-05-10,VERIFIED
C011474,Consumer,UAE,2025-02-23,VERIFIED
C011475,SME,Singapore,2024-10-04,VERIFIED
C011476,Consumer,India,2026-02-14,VERIFIED
C011477,Consumer,Singapore,2025-08-12,VERIFIED
C011478,SME,UAE,2026-02-13,VERIFIED
C011479,Consumer,India,2024-03-08,VERIFIED
C011480,SME,Singapore,2025-07-27,VERIFIED
C011481,Consumer,UAE,2025-02-06,PENDING
C011482,Consumer,Singapore,2026-05-24,VERIFIED
C011483,Consumer,India,2024-06-23,VERIFIED
C011484,Consumer,India,2024-10-06,VERIFIED
C011485,Consumer,Singapore,2025-04-08,VERIFIED
C011486,Consumer,India,2025-01-24,VERIFIED
C011487,Consumer,UAE,2026-01-17,VERIFIED
C011488,Consumer,India,2024-05-15,VERIFIED
C011489,SME,India,2025-02-12,VERIFIED
C011490,Consumer,Singapore,2024-08-11,VERIFIED
C011491,Enterprise,India,2025-08-23,VERIFIED
C011492,Consumer,India,2025-09-10,VERIFIED
C011493,Consumer,India,2025-07-06,VERIFIED
C011494,SME,Singapore,2025-11-28,VERIFIED
C011495,Consumer,UAE,2024-07-06,VERIFIED
C011496,Consumer,Singapore,2026-05-27,VERIFIED
C011497,Consumer,India,2025-01-21,VERIFIED
C011498,Consumer,India,2024-01-09,VERIFIED
C011499,Consumer,Singapore,2024-06-28,VERIFIED
C011500,Enterprise,UAE,2025-11-28,PENDING
C011501,Consumer,India,2025-03-19,VERIFIED
C011502,SME,Singapore,2025-08-16,VERIFIED
C011503,SME,India,2025-11-19,VERIFIED
C011504,Consumer,India,2025-08-28,VERIFIED
C011505,Consumer,UAE,2025-03-21,VERIFIED
C011506,SME,India,2024-04-25,VERIFIED
C011507,SME,India,2025-11-02,VERIFIED
C011508,Consumer,India,2024-09-01,VERIFIED
C011509,Consumer,India,2024-10-09,VERIFIED
C011510,Consumer,Singapore,2024-07-31,PENDING
C011511,Consumer,India,2025-10-25,VERIFIED
C011512,Consumer,Singapore,2025-11-08,VERIFIED
C011513,SME,India,2025-03-26,VERIFIED
C011514,Consumer,Singapore,2025-10-16,VERIFIED
C011515,SME,India,2024-01-25,VERIFIED
C011516,Consumer,Singapore,2025-12-12,VERIFIED
C011517,Consumer,Singapore,2024-08-20,VERIFIED
C011518,Consumer,UAE,2025-05-30,VERIFIED
C011519,SME,UAE,2024-10-14,PENDING
C011520,SME,India,2025-11-15,VERIFIED
C011521,SME,India,2024-07-02,VERIFIED
C011522,Consumer,Singapore,2024-09-07,VERIFIED
C011523,Consumer,Singapore,2024-10-17,VERIFIED
C011524,Consumer,India,2026-03-08,VERIFIED
C011525,Consumer,India,2024-12-24,VERIFIED
C011526,SME,Singapore,2025-09-15,VERIFIED
C011527,Consumer,UAE,2024-10-31,VERIFIED
C011528,SME,UAE,2024-12-15,VERIFIED
C011529,Consumer,India,2024-12-04,VERIFIED
C011530,SME,India,2025-04-23,VERIFIED
C011531,Enterprise,India,2025-04-09,PENDING
C011532,Consumer,India,2024-05-09,VERIFIED
C011533,Enterprise,Singapore,2024-07-05,VERIFIED
C011534,Consumer,Singapore,2025-02-24,VERIFIED
C011535,Consumer,India,2025-05-10,VERIFIED
C011536,SME,India,2025-06-24,VERIFIED
C011537,Enterprise,India,2025-10-31,VERIFIED
C011538,Consumer,UAE,2024-08-22,VERIFIED
C011539,Consumer,India,2024-10-04,VERIFIED
C011540,SME,India,2024-04-11,PENDING
C011541,SME,Singapore,2025-04-03,VERIFIED
C011542,Consumer,Singapore,2026-01-06,VERIFIED
C011543,SME,UAE,2026-02-25,VERIFIED
C011544,Consumer,India,2026-04-14,VERIFIED
C011545,Consumer,India,2024-08-19,VERIFIED
C011546,Consumer,India,2026-05-03,REJECTED
C011547,Consumer,UAE,2024-09-30,VERIFIED
C011548,Enterprise,Singapore,2024-12-30,PENDING
C011549,Consumer,UAE,2025-04-22,VERIFIED
C011550,Enterprise,India,2025-04-12,VERIFIED
C011551,Consumer,Singapore,2025-09-16,VERIFIED
C011552,SME,India,2025-10-12,VERIFIED
C011553,SME,India,2025-12-28,VERIFIED
C011554,SME,India,2026-04-05,VERIFIED
C011555,Consumer,Singapore,2024-09-30,VERIFIED
C011556,Consumer,India,2024-11-23,VERIFIED
C011557,SME,UAE,2026-05-10,VERIFIED
C011558,SME,Singapore,2024-07-02,VERIFIED
C011559,Consumer,India,2026-04-03,PENDING
C011560,SME,Singapore,2024-07-12,VERIFIED
C011561,Consumer,India,2026-03-01,PENDING
C011562,Consumer,India,2024-09-28,VERIFIED
C011563,SME,Singapore,2024-10-26,VERIFIED
C011564,Consumer,UAE,2025-08-06,PENDING
C011565,SME,India,2024-07-14,VERIFIED
C011566,Consumer,Singapore,2026-02-20,VERIFIED
C011567,Consumer,Singapore,2024-11-26,VERIFIED
C011568,Consumer,India,2026-01-21,VERIFIED
C011569,Consumer,India,2025-04-30,VERIFIED
C011570,SME,Singapore,2025-09-11,VERIFIED
C011571,Consumer,India,2025-05-13,VERIFIED
C011572,Consumer,UAE,2025-02-03,VERIFIED
C011573,Consumer,Singapore,2025-01-31,PENDING
C011574,Consumer,India,2026-03-14,VERIFIED
C011575,SME,UAE,2026-03-22,REJECTED
C011576,Consumer,India,2024-04-09,VERIFIED
C011577,SME,UAE,2024-03-21,VERIFIED
C011578,Enterprise,India,2026-02-20,VERIFIED
C011579,SME,Singapore,2026-05-10,VERIFIED
C011580,SME,India,2024-01-17,PENDING
C011581,Consumer,Singapore,2025-12-05,VERIFIED
C011582,Consumer,India,2024-07-30,VERIFIED
C011583,SME,India,2026-05-14,VERIFIED
C011584,SME,India,2024-05-05,PENDING
C011585,SME,UAE,2026-04-01,VERIFIED
C011586,SME,India,2025-09-29,VERIFIED
C011587,Consumer,Singapore,2024-05-09,PENDING
C011588,Consumer,UAE,2025-10-18,VERIFIED
C011589,SME,UAE,2026-02-06,VERIFIED
C011590,SME,India,2025-06-18,VERIFIED
C011591,Consumer,UAE,2024-08-01,PENDING
C011592,SME,India,2024-05-08,VERIFIED
C011593,Consumer,Singapore,2025-06-07,VERIFIED
C011594,Consumer,Singapore,2025-10-14,VERIFIED
C011595,SME,India,2025-04-06,VERIFIED
C011596,SME,India,2026-02-18,VERIFIED
C011597,Consumer,India,2024-02-26,VERIFIED
C011598,Consumer,India,2025-08-20,VERIFIED
C011599,Consumer,UAE,2024-09-30,VERIFIED
C011600,SME,India,2025-09-06,VERIFIED
C011601,Consumer,UAE,2024-12-04,VERIFIED
C011602,SME,India,2026-05-11,VERIFIED
C011603,Enterprise,UAE,2024-05-22,VERIFIED
C011604,SME,Singapore,2025-02-26,VERIFIED
C011605,Consumer,UAE,2024-11-29,PENDING
C011606,SME,India,2026-04-20,VERIFIED
C011607,Consumer,Singapore,2025-11-18,VERIFIED
C011608,Consumer,India,2024-05-12,VERIFIED
C011609,Consumer,India,2026-05-05,VERIFIED
C011610,Consumer,Singapore,2024-09-20,VERIFIED
C011611,Enterprise,Singapore,2024-05-26,VERIFIED
C011612,Consumer,India,2025-03-11,VERIFIED
C011613,Consumer,India,2024-01-12,VERIFIED
C011614,Enterprise,India,2026-04-19,VERIFIED
C011615,Consumer,India,2024-02-24,VERIFIED
C011616,SME,India,2024-08-17,VERIFIED
C011617,Consumer,Singapore,2024-05-01,VERIFIED
C011618,Consumer,India,2026-05-10,VERIFIED
C011619,Enterprise,Singapore,2024-08-20,VERIFIED
C011620,Consumer,India,2024-06-10,VERIFIED
C011621,Consumer,UAE,2025-08-16,PENDING
C011622,Consumer,India,2025-07-12,VERIFIED
C011623,Consumer,UAE,2026-05-25,VERIFIED
C011624,Consumer,India,2026-03-13,VERIFIED
C011625,Consumer,India,2025-05-14,VERIFIED
C011626,Consumer,India,2025-11-02,VERIFIED
C011627,SME,UAE,2024-06-27,VERIFIED
C011628,Consumer,Singapore,2024-12-27,VERIFIED
C011629,Consumer,India,2024-07-26,REJECTED
C011630,Consumer,India,2025-07-05,PENDING
C011631,Enterprise,India,2025-12-26,VERIFIED
C011632,Enterprise,India,2025-03-07,VERIFIED
C011633,SME,Singapore,2025-03-31,VERIFIED
C011634,SME,Singapore,2025-05-18,VERIFIED
C011635,Consumer,UAE,2026-05-13,VERIFIED
C011636,Consumer,UAE,2024-06-02,VERIFIED
C011637,Consumer,Singapore,2024-12-03,VERIFIED
C011638,Consumer,India,2024-10-19,VERIFIED
C011639,Consumer,India,2025-03-11,VERIFIED
C011640,Consumer,India,2025-01-30,PENDING
C011641,Enterprise,India,2024-06-14,VERIFIED
C011642,SME,Singapore,2025-03-27,VERIFIED
C011643,Consumer,UAE,2026-02-22,REJECTED
C011644,SME,UAE,2025-06-19,VERIFIED
C011645,Consumer,India,2025-02-04,VERIFIED
C011646,Consumer,India,2024-04-24,VERIFIED
C011647,Consumer,UAE,2024-12-16,VERIFIED
C011648,Consumer,UAE,2024-09-16,VERIFIED
C011649,Consumer,India,2026-03-28,VERIFIED
C011650,SME,Singapore,2026-05-25,VERIFIED
C011651,Consumer,Singapore,2024-08-13,VERIFIED
C011652,Consumer,India,2025-09-05,VERIFIED
C011653,Consumer,India,2025-04-30,VERIFIED
C011654,Consumer,UAE,2024-05-10,VERIFIED
C011655,SME,Singapore,2024-09-20,VERIFIED
C011656,Consumer,India,2025-06-07,VERIFIED
C011657,Enterprise,Singapore,2026-04-13,VERIFIED
C011658,Enterprise,Singapore,2024-06-29,VERIFIED
C011659,Consumer,UAE,2024-12-14,VERIFIED
C011660,Consumer,India,2025-04-15,VERIFIED
C011661,SME,UAE,2024-06-09,PENDING
C011662,Enterprise,India,2024-04-23,PENDING
C011663,Consumer,Singapore,2024-01-18,VERIFIED
C011664,SME,Singapore,2024-04-13,VERIFIED
C011665,SME,India,2024-07-04,VERIFIED
C011666,Consumer,India,2024-12-07,VERIFIED
C011667,Consumer,UAE,2025-04-06,VERIFIED
C011668,SME,Singapore,2025-08-27,VERIFIED
C011669,SME,India,2026-03-23,VERIFIED
C011670,Consumer,India,2024-05-22,VERIFIED
C011671,Consumer,India,2025-10-16,VERIFIED
C011672,Consumer,India,2026-03-23,VERIFIED
C011673,Consumer,UAE,2025-09-03,VERIFIED
C011674,Enterprise,Singapore,2025-03-28,VERIFIED
C011675,Consumer,UAE,2025-03-26,VERIFIED
C011676,Consumer,India,2024-03-02,VERIFIED
C011677,Consumer,Singapore,2025-08-18,PENDING
C011678,Consumer,India,2024-10-02,VERIFIED
C011679,Consumer,Singapore,2025-11-09,VERIFIED
C011680,Consumer,India,2024-10-21,PENDING
C011681,Consumer,India,2024-05-08,VERIFIED
C011682,Consumer,India,2024-12-29,VERIFIED
C011683,Consumer,India,2024-03-07,VERIFIED
C011684,Consumer,Singapore,2024-02-16,PENDING
C011685,Enterprise,Singapore,2025-01-08,VERIFIED
C011686,Consumer,Singapore,2026-04-01,VERIFIED
C011687,Consumer,UAE,2025-10-21,VERIFIED
C011688,SME,India,2026-01-31,VERIFIED
C011689,Consumer,India,2024-05-16,VERIFIED
C011690,SME,Singapore,2024-04-04,VERIFIED
C011691,Consumer,India,2024-08-25,VERIFIED
C011692,Consumer,India,2026-03-06,VERIFIED
C011693,SME,UAE,2026-04-11,VERIFIED
C011694,Enterprise,India,2024-02-04,VERIFIED
C011695,Consumer,India,2024-10-22,VERIFIED
C011696,Consumer,India,2026-05-19,VERIFIED
C011697,Consumer,India,2025-05-06,VERIFIED
C011698,Enterprise,India,2024-09-14,VERIFIED
C011699,Enterprise,India,2025-01-21,VERIFIED
C011700,Consumer,India,2024-09-26,VERIFIED
C011701,Consumer,India,2026-05-16,VERIFIED
C011702,Consumer,India,2024-11-19,VERIFIED
C011703,Consumer,Singapore,2024-02-16,VERIFIED
C011704,Consumer,India,2025-08-28,VERIFIED
C011705,Consumer,India,2025-11-24,VERIFIED
C011706,SME,India,2025-12-02,VERIFIED
C011707,Enterprise,India,2025-05-01,VERIFIED
C011708,Enterprise,India,2025-07-16,VERIFIED
C011709,Consumer,India,2025-12-18,VERIFIED
C011710,Consumer,Singapore,2026-03-26,VERIFIED
C011711,SME,Singapore,2025-02-14,VERIFIED
C011712,Consumer,UAE,2026-04-24,VERIFIED
C011713,SME,India,2024-05-04,PENDING
C011714,Consumer,India,2024-07-30,VERIFIED
C011715,Consumer,India,2025-01-03,VERIFIED
C011716,Consumer,Singapore,2024-09-22,VERIFIED
C011717,Consumer,India,2024-05-14,VERIFIED
C011718,SME,India,2026-02-23,VERIFIED
C011719,Consumer,India,2026-02-28,PENDING
C011720,Consumer,Singapore,2024-11-10,VERIFIED
C011721,Consumer,UAE,2024-10-26,VERIFIED
C011722,SME,UAE,2026-02-17,PENDING
C011723,Consumer,India,2024-10-24,VERIFIED
C011724,Consumer,India,2024-10-05,VERIFIED
C011725,Consumer,Singapore,2025-01-08,VERIFIED
C011726,Consumer,India,2025-12-26,VERIFIED
C011727,Consumer,India,2025-05-02,VERIFIED
C011728,SME,Singapore,2024-03-02,REJECTED
C011729,Consumer,Singapore,2026-05-28,PENDING
C011730,Consumer,UAE,2024-02-23,VERIFIED
C011731,SME,Singapore,2024-12-03,VERIFIED
C011732,Consumer,India,2025-01-09,VERIFIED
C011733,Consumer,India,2026-05-26,VERIFIED
C011734,Consumer,Singapore,2025-04-18,VERIFIED
C011735,Consumer,Singapore,2024-04-21,VERIFIED
C011736,SME,Singapore,2024-09-25,VERIFIED
C011737,Consumer,UAE,2024-11-19,VERIFIED
C011738,SME,Singapore,2025-09-10,VERIFIED
C011739,SME,India,2026-03-05,VERIFIED
C011740,Consumer,Singapore,2025-11-10,VERIFIED
C011741,Consumer,Singapore,2025-08-08,VERIFIED
C011742,Consumer,India,2026-01-17,VERIFIED
C011743,Consumer,India,2025-08-26,VERIFIED
C011744,Enterprise,Singapore,2024-03-25,PENDING
C011745,SME,India,2025-01-06,VERIFIED
C011746,Consumer,Singapore,2024-03-15,VERIFIED
C011747,Consumer,India,2025-08-18,VERIFIED
C011748,Consumer,UAE,2026-01-26,VERIFIED
C011749,Consumer,India,2025-05-22,VERIFIED
C011750,Consumer,India,2024-08-15,VERIFIED
C011751,Consumer,India,2025-08-17,VERIFIED
C011752,SME,India,2025-01-28,VERIFIED
C011753,SME,India,2024-01-15,VERIFIED
C011754,Consumer,India,2026-03-23,VERIFIED
C011755,Consumer,Singapore,2024-06-29,VERIFIED
C011756,Consumer,India,2025-05-22,VERIFIED
C011757,SME,Singapore,2024-12-03,VERIFIED
C011758,SME,Singapore,2024-09-19,REJECTED
C011759,Enterprise,Singapore,2024-03-18,VERIFIED
C011760,Consumer,India,2024-08-16,VERIFIED
C011761,SME,India,2026-01-14,VERIFIED
C011762,Consumer,India,2024-01-30,VERIFIED
C011763,Consumer,UAE,2025-01-08,VERIFIED
C011764,Consumer,UAE,2024-06-03,VERIFIED
C011765,Consumer,India,2026-03-27,VERIFIED
C011766,SME,India,2024-07-03,VERIFIED
C011767,Consumer,India,2025-03-23,VERIFIED
C011768,Consumer,India,2026-05-18,VERIFIED
C011769,Consumer,India,2025-03-22,VERIFIED
C011770,Consumer,Singapore,2025-03-07,VERIFIED
C011771,Consumer,India,2026-02-05,VERIFIED
C011772,Consumer,Singapore,2024-06-17,VERIFIED
C011773,Consumer,UAE,2024-03-21,VERIFIED
C011774,Consumer,Singapore,2026-03-08,REJECTED
C011775,Enterprise,India,2024-07-28,VERIFIED
C011776,Consumer,India,2024-09-15,VERIFIED
C011777,Consumer,India,2025-07-02,VERIFIED
C011778,Consumer,UAE,2024-10-12,VERIFIED
C011779,SME,India,2024-02-23,VERIFIED
C011780,SME,India,2025-04-13,VERIFIED
C011781,Consumer,Singapore,2025-01-03,VERIFIED
C011782,Consumer,India,2025-12-24,VERIFIED
C011783,SME,Singapore,2026-05-03,VERIFIED
C011784,SME,India,2024-04-09,VERIFIED
C011785,SME,India,2025-08-19,VERIFIED
C011786,SME,India,2025-12-25,VERIFIED
C011787,SME,India,2026-02-14,VERIFIED
C011788,Consumer,Singapore,2025-08-20,VERIFIED
C011789,Consumer,India,2025-07-28,VERIFIED
C011790,SME,India,2025-03-22,PENDING
C011791,SME,Singapore,2024-07-10,PENDING
C011792,Consumer,Singapore,2025-02-17,VERIFIED
C011793,Enterprise,India,2025-04-26,PENDING
C011794,Consumer,India,2024-04-02,VERIFIED
C011795,Consumer,India,2024-09-09,PENDING
C011796,SME,India,2025-10-11,VERIFIED
C011797,Consumer,India,2025-07-14,VERIFIED
C011798,Consumer,India,2025-09-24,VERIFIED
C011799,Consumer,UAE,2024-02-08,VERIFIED
C011800,Consumer,India,2025-06-29,VERIFIED
C011801,Consumer,Singapore,2024-12-23,VERIFIED
C011802,Consumer,UAE,2026-02-16,VERIFIED
C011803,Consumer,UAE,2024-01-09,VERIFIED
C011804,Enterprise,India,2024-07-06,VERIFIED
C011805,Enterprise,UAE,2025-08-30,VERIFIED
C011806,Consumer,UAE,2025-10-06,PENDING
C011807,SME,India,2025-11-05,VERIFIED
C011808,Consumer,India,2024-05-18,VERIFIED
C011809,Consumer,India,2024-10-24,VERIFIED
C011810,Consumer,Singapore,2024-03-20,VERIFIED
C011811,Enterprise,Singapore,2025-08-25,VERIFIED
C011812,Enterprise,India,2024-09-12,VERIFIED
C011813,Consumer,Singapore,2025-10-21,VERIFIED
C011814,Consumer,India,2024-06-27,VERIFIED
C011815,Consumer,Singapore,2024-09-13,VERIFIED
C011816,Consumer,India,2024-08-05,PENDING
C011817,Consumer,Singapore,2024-09-23,PENDING
C011818,Consumer,India,2024-11-12,VERIFIED
C011819,SME,India,2025-08-13,PENDING
C011820,Consumer,Singapore,2025-11-09,VERIFIED
C011821,Enterprise,India,2025-09-07,VERIFIED
C011822,SME,India,2026-03-26,VERIFIED
C011823,Consumer,UAE,2026-04-29,VERIFIED
C011824,SME,India,2024-10-10,VERIFIED
C011825,SME,Singapore,2024-12-10,VERIFIED
C011826,Consumer,India,2025-12-27,VERIFIED
C011827,Consumer,India,2024-03-15,VERIFIED
C011828,Enterprise,India,2026-01-06,VERIFIED
C011829,Consumer,UAE,2024-12-01,VERIFIED
C011830,Consumer,India,2026-03-14,VERIFIED
C011831,Consumer,UAE,2026-05-04,VERIFIED
C011832,SME,UAE,2025-08-04,REJECTED
C011833,SME,India,2024-12-28,PENDING
C011834,Enterprise,Singapore,2024-07-08,VERIFIED
C011835,Consumer,Singapore,2025-04-16,REJECTED
C011836,Consumer,India,2024-04-15,VERIFIED
C011837,Consumer,India,2024-03-10,VERIFIED
C011838,SME,India,2025-06-05,VERIFIED
C011839,Consumer,Singapore,2024-08-01,PENDING
C011840,Consumer,Singapore,2025-05-31,VERIFIED
C011841,Consumer,India,2024-01-28,VERIFIED
C011842,Consumer,India,2024-11-10,VERIFIED
C011843,SME,UAE,2026-01-22,VERIFIED
C011844,SME,India,2025-05-21,VERIFIED
C011845,Enterprise,Singapore,2024-08-23,VERIFIED
C011846,Consumer,India,2024-04-01,VERIFIED
C011847,Enterprise,UAE,2026-04-09,VERIFIED
C011848,SME,UAE,2026-05-06,VERIFIED
C011849,Consumer,India,2024-12-28,VERIFIED
C011850,Enterprise,India,2024-02-07,REJECTED
C011851,Consumer,India,2025-12-31,VERIFIED
C011852,SME,India,2025-10-25,VERIFIED
C011853,SME,India,2025-12-04,VERIFIED
C011854,SME,Singapore,2025-09-24,VERIFIED
C011855,Consumer,India,2025-05-05,PENDING
C011856,Consumer,India,2025-11-13,PENDING
C011857,Consumer,Singapore,2024-04-19,PENDING
C011858,Consumer,Singapore,2024-05-23,VERIFIED
C011859,SME,India,2025-07-31,VERIFIED
C011860,SME,Singapore,2026-04-13,VERIFIED
C011861,Enterprise,Singapore,2024-07-15,VERIFIED
C011862,Consumer,Singapore,2024-02-15,PENDING
C011863,SME,India,2024-05-28,VERIFIED
C011864,Enterprise,India,2025-07-25,VERIFIED
C011865,SME,Singapore,2024-05-17,VERIFIED
C011866,Consumer,UAE,2025-05-04,VERIFIED
C011867,Consumer,Singapore,2025-02-05,VERIFIED
C011868,Consumer,India,2025-08-24,PENDING
C011869,Consumer,Singapore,2025-12-24,VERIFIED
C011870,Consumer,UAE,2025-11-11,VERIFIED
C011871,Enterprise,India,2025-09-16,VERIFIED
C011872,Consumer,India,2024-12-06,VERIFIED
C011873,Consumer,Singapore,2025-07-31,VERIFIED
C011874,Consumer,UAE,2024-10-28,VERIFIED
C011875,SME,India,2024-04-27,VERIFIED
C011876,Enterprise,Singapore,2026-01-06,VERIFIED
C011877,SME,Singapore,2024-05-30,PENDING
C011878,Consumer,Singapore,2024-06-15,VERIFIED
C011879,SME,Singapore,2025-08-29,VERIFIED
C011880,SME,Singapore,2026-02-10,VERIFIED
C011881,Consumer,India,2025-02-28,VERIFIED
C011882,Consumer,India,2026-02-09,VERIFIED
C011883,Consumer,Singapore,2025-03-12,VERIFIED
C011884,Consumer,India,2025-09-23,VERIFIED
C011885,SME,Singapore,2024-03-14,VERIFIED
C011886,Consumer,Singapore,2024-12-27,VERIFIED
C011887,Consumer,India,2024-04-05,VERIFIED
C011888,Consumer,Singapore,2024-10-18,VERIFIED
C011889,Consumer,India,2024-06-25,PENDING
C011890,Consumer,India,2024-01-27,PENDING
C011891,SME,India,2026-03-31,VERIFIED
C011892,Consumer,UAE,2024-10-31,VERIFIED
C011893,Consumer,India,2025-12-23,VERIFIED
C011894,Consumer,Singapore,2026-05-19,VERIFIED
C011895,Consumer,India,2026-02-07,VERIFIED
C011896,Consumer,India,2026-04-09,VERIFIED
C011897,Consumer,India,2024-07-23,VERIFIED
C011898,SME,Singapore,2026-05-16,VERIFIED
C011899,SME,India,2025-07-31,VERIFIED
C011900,Consumer,India,2025-10-23,VERIFIED
C011901,Consumer,Singapore,2025-11-09,VERIFIED
C011902,Enterprise,India,2024-08-07,VERIFIED
C011903,SME,India,2024-10-26,VERIFIED
C011904,Consumer,India,2024-09-14,VERIFIED
C011905,SME,India,2025-12-15,PENDING
C011906,SME,Singapore,2024-08-27,VERIFIED
C011907,SME,India,2026-04-06,PENDING
C011908,Consumer,India,2024-08-16,VERIFIED
C011909,Consumer,UAE,2025-04-18,VERIFIED
C011910,Consumer,UAE,2024-06-04,REJECTED
C011911,Enterprise,UAE,2024-08-05,VERIFIED
C011912,Consumer,UAE,2025-04-09,VERIFIED
C011913,Consumer,India,2024-07-13,VERIFIED
C011914,Enterprise,Singapore,2024-09-26,VERIFIED
C011915,Enterprise,India,2025-06-11,VERIFIED
C011916,Enterprise,Singapore,2026-01-22,VERIFIED
C011917,SME,India,2026-02-02,VERIFIED
C011918,Enterprise,India,2025-07-16,PENDING
C011919,Consumer,Singapore,2024-12-21,VERIFIED
C011920,SME,Singapore,2025-06-23,VERIFIED
C011921,SME,UAE,2025-04-20,VERIFIED
C011922,Consumer,India,2025-07-18,VERIFIED
C011923,Consumer,India,2024-11-03,VERIFIED
C011924,Enterprise,India,2025-09-19,VERIFIED
C011925,Consumer,India,2025-02-12,VERIFIED
C011926,SME,India,2025-03-16,VERIFIED
C011927,Consumer,India,2025-06-04,VERIFIED
C011928,Consumer,India,2025-06-06,REJECTED
C011929,Consumer,India,2025-04-29,VERIFIED
C011930,Consumer,Singapore,2025-09-10,VERIFIED
C011931,SME,UAE,2026-03-23,VERIFIED
C011932,Consumer,India,2026-05-02,VERIFIED
C011933,Consumer,India,2024-09-14,VERIFIED
C011934,Consumer,India,2025-11-24,PENDING
C011935,Consumer,India,2024-06-18,PENDING
C011936,Consumer,Singapore,2025-04-05,VERIFIED
C011937,SME,Singapore,2026-04-16,VERIFIED
C011938,Consumer,Singapore,2025-10-12,VERIFIED
C011939,Consumer,India,2026-03-07,VERIFIED
C011940,Consumer,UAE,2024-04-20,VERIFIED
C011941,Consumer,India,2025-08-26,VERIFIED
C011942,Consumer,India,2024-08-07,VERIFIED
C011943,Consumer,India,2024-01-05,VERIFIED
C011944,SME,Singapore,2025-06-15,PENDING
C011945,Enterprise,India,2025-09-04,VERIFIED
C011946,SME,India,2024-10-21,VERIFIED
C011947,Consumer,Singapore,2025-04-02,VERIFIED
C011948,Consumer,India,2025-10-30,VERIFIED
C011949,Consumer,India,2025-05-27,VERIFIED
C011950,SME,India,2024-07-30,VERIFIED
C011951,Enterprise,India,2024-04-28,VERIFIED
C011952,Consumer,Singapore,2025-01-19,VERIFIED
C011953,Consumer,India,2024-09-16,VERIFIED
C011954,SME,India,2025-02-02,VERIFIED
C011955,SME,India,2024-06-23,VERIFIED
C011956,SME,Singapore,2025-02-17,VERIFIED
C011957,SME,India,2024-05-13,VERIFIED
C011958,Enterprise,Singapore,2024-04-11,VERIFIED
C011959,Consumer,India,2025-01-19,VERIFIED
C011960,Enterprise,India,2025-03-30,VERIFIED
C011961,Enterprise,UAE,2024-03-02,VERIFIED
C011962,SME,India,2025-07-19,VERIFIED
C011963,Consumer,India,2026-03-27,VERIFIED
C011964,Consumer,India,2024-01-07,VERIFIED
C011965,Consumer,India,2026-05-17,VERIFIED
C011966,Consumer,India,2025-05-29,VERIFIED
C011967,SME,UAE,2024-11-27,VERIFIED
C011968,Consumer,UAE,2025-01-13,VERIFIED
C011969,Consumer,India,2025-03-20,VERIFIED
C011970,SME,India,2024-11-30,VERIFIED
C011971,Consumer,Singapore,2025-04-12,VERIFIED
C011972,Consumer,India,2025-10-22,VERIFIED
C011973,Consumer,Singapore,2024-10-14,VERIFIED
C011974,Consumer,Singapore,2024-01-12,VERIFIED
C011975,Consumer,Singapore,2024-04-13,PENDING
C011976,SME,Singapore,2025-09-14,PENDING
C011977,Consumer,Singapore,2024-09-19,VERIFIED
C011978,Enterprise,UAE,2025-03-10,VERIFIED
C011979,Consumer,India,2024-06-21,VERIFIED
C011980,Consumer,UAE,2025-08-29,VERIFIED
C011981,Consumer,India,2024-11-16,VERIFIED
C011982,Consumer,India,2025-12-15,VERIFIED
C011983,Consumer,India,2024-02-14,PENDING
C011984,Consumer,Singapore,2025-06-29,VERIFIED
C011985,Consumer,India,2024-07-29,VERIFIED
C011986,Consumer,UAE,2026-01-06,VERIFIED
C011987,Consumer,Singapore,2025-02-20,VERIFIED
C011988,Consumer,India,2024-09-20,VERIFIED
C011989,SME,Singapore,2024-10-27,VERIFIED
C011990,Enterprise,UAE,2025-03-31,VERIFIED
C011991,Consumer,Singapore,2024-08-13,VERIFIED
C011992,Consumer,India,2024-04-13,VERIFIED
C011993,Enterprise,UAE,2024-08-08,VERIFIED
C011994,Consumer,Singapore,2024-11-29,PENDING
C011995,Enterprise,India,2025-02-21,VERIFIED
C011996,Consumer,India,2024-10-27,VERIFIED
C011997,SME,India,2025-09-26,VERIFIED
C011998,Consumer,UAE,2025-04-29,VERIFIED
C011999,Enterprise,India,2025-04-01,VERIFIED
C012000,Consumer,India,2025-03-11,VERIFIED
C012001,SME,UAE,2025-01-28,VERIFIED
C012002,Consumer,India,2026-01-03,VERIFIED
C012003,Consumer,UAE,2024-02-12,VERIFIED
C012004,SME,India,2024-07-28,VERIFIED
C012005,Consumer,India,2026-04-28,VERIFIED
C012006,Enterprise,India,2024-01-11,VERIFIED
C012007,Consumer,UAE,2024-08-03,VERIFIED
C012008,SME,Singapore,2024-06-12,VERIFIED
C012009,Consumer,UAE,2024-08-12,VERIFIED
C012010,Enterprise,Singapore,2026-01-06,VERIFIED
C012011,Enterprise,India,2024-09-02,VERIFIED
C012012,Consumer,India,2025-10-19,PENDING
C012013,SME,India,2025-12-03,PENDING
C012014,SME,Singapore,2026-02-11,VERIFIED
C012015,Consumer,UAE,2026-03-09,VERIFIED
C012016,Consumer,India,2024-01-16,VERIFIED
C012017,Consumer,Singapore,2024-07-12,VERIFIED
C012018,SME,UAE,2024-01-09,VERIFIED
C012019,Consumer,India,2025-05-28,VERIFIED
C012020,Consumer,UAE,2024-10-19,VERIFIED
C012021,Consumer,India,2024-03-24,VERIFIED
C012022,Consumer,Singapore,2024-07-27,VERIFIED
C012023,SME,India,2024-02-27,VERIFIED
C012024,Enterprise,India,2026-04-30,PENDING
C012025,Consumer,India,2025-05-26,REJECTED
C012026,Consumer,UAE,2025-09-09,PENDING
C012027,SME,Singapore,2025-10-09,VERIFIED
C012028,Consumer,India,2026-03-30,VERIFIED
C012029,Consumer,UAE,2024-11-26,VERIFIED
C012030,Consumer,Singapore,2025-04-05,VERIFIED
C012031,Consumer,UAE,2025-08-11,PENDING
C012032,Consumer,India,2024-11-20,PENDING
C012033,SME,India,2024-07-28,VERIFIED
C012034,Consumer,Singapore,2026-01-13,VERIFIED
C012035,SME,India,2024-05-04,PENDING
C012036,Consumer,India,2025-11-22,PENDING
C012037,Consumer,India,2025-04-06,VERIFIED
C012038,SME,India,2024-10-16,VERIFIED
C012039,Consumer,India,2024-08-01,VERIFIED
C012040,Consumer,UAE,2025-03-07,VERIFIED
C012041,Consumer,India,2024-04-06,VERIFIED
C012042,Consumer,India,2024-09-05,VERIFIED
C012043,SME,India,2025-05-17,VERIFIED
C012044,Consumer,Singapore,2026-01-02,VERIFIED
C012045,SME,Singapore,2025-06-08,VERIFIED
C012046,Consumer,Singapore,2025-05-19,VERIFIED
C012047,Consumer,India,2026-03-28,VERIFIED
C012048,Enterprise,India,2024-03-31,PENDING
C012049,SME,Singapore,2025-12-05,VERIFIED
C012050,Consumer,UAE,2025-12-11,VERIFIED
C012051,Consumer,Singapore,2026-02-10,VERIFIED
C012052,Consumer,India,2025-07-29,VERIFIED
C012053,SME,India,2026-04-21,VERIFIED
C012054,SME,India,2026-01-13,VERIFIED
C012055,SME,Singapore,2026-01-08,VERIFIED
C012056,Consumer,India,2024-06-15,VERIFIED
C012057,SME,India,2024-09-07,PENDING
C012058,Consumer,India,2025-03-22,VERIFIED
C012059,Consumer,India,2024-07-04,VERIFIED
C012060,Consumer,India,2024-09-05,PENDING
C012061,Enterprise,India,2026-02-22,VERIFIED
C012062,SME,Singapore,2024-12-05,VERIFIED
C012063,Consumer,India,2025-03-21,VERIFIED
C012064,SME,India,2024-05-17,VERIFIED
C012065,Enterprise,India,2024-04-18,VERIFIED
C012066,Consumer,India,2026-04-09,VERIFIED
C012067,Consumer,Singapore,2025-02-20,VERIFIED
C012068,Enterprise,India,2025-03-01,REJECTED
C012069,SME,Singapore,2024-02-13,VERIFIED
C012070,Consumer,India,2024-12-07,VERIFIED
C012071,Consumer,Singapore,2026-04-28,VERIFIED
C012072,Consumer,India,2024-07-19,VERIFIED
C012073,Consumer,India,2025-01-12,VERIFIED
C012074,Enterprise,Singapore,2024-04-13,VERIFIED
C012075,Consumer,India,2025-04-02,VERIFIED
C012076,SME,India,2025-02-18,VERIFIED
C012077,Consumer,Singapore,2025-09-23,VERIFIED
C012078,Consumer,India,2025-02-05,VERIFIED
C012079,Consumer,India,2025-01-24,VERIFIED
C012080,SME,Singapore,2024-12-27,VERIFIED
C012081,Consumer,UAE,2025-03-09,VERIFIED
C012082,Consumer,UAE,2025-01-17,VERIFIED
C012083,Consumer,India,2024-01-28,VERIFIED
C012084,Consumer,India,2024-04-16,VERIFIED
C012085,Consumer,India,2026-03-02,VERIFIED
C012086,Consumer,India,2025-06-23,VERIFIED
C012087,Consumer,Singapore,2024-07-04,VERIFIED
C012088,Consumer,India,2024-07-13,VERIFIED
C012089,Consumer,India,2024-05-25,REJECTED
C012090,Consumer,UAE,2026-02-10,VERIFIED
C012091,Consumer,UAE,2026-05-21,VERIFIED
C012092,Consumer,Singapore,2025-11-19,VERIFIED
C012093,Consumer,UAE,2024-05-07,VERIFIED
C012094,SME,Singapore,2024-04-15,VERIFIED
C012095,Consumer,India,2025-02-19,VERIFIED
C012096,Consumer,India,2024-12-17,VERIFIED
C012097,Consumer,India,2025-01-17,PENDING
C012098,SME,India,2025-12-23,VERIFIED
C012099,SME,UAE,2024-12-14,VERIFIED
C012100,SME,India,2025-04-25,VERIFIED
C012101,Consumer,India,2026-04-13,VERIFIED
C012102,Consumer,India,2024-11-09,VERIFIED
C012103,Enterprise,India,2025-06-06,PENDING
C012104,SME,UAE,2026-05-28,VERIFIED
C012105,Consumer,Singapore,2024-12-25,VERIFIED
C012106,SME,India,2024-11-16,VERIFIED
C012107,SME,India,2025-01-18,VERIFIED
C012108,Consumer,Singapore,2024-01-17,VERIFIED
C012109,Consumer,Singapore,2025-01-04,VERIFIED
C012110,Consumer,India,2026-04-27,VERIFIED
C012111,Consumer,UAE,2024-03-06,VERIFIED
C012112,SME,UAE,2024-04-22,VERIFIED
C012113,Consumer,UAE,2025-10-05,VERIFIED
C012114,SME,Singapore,2025-02-19,PENDING
C012115,Enterprise,UAE,2024-03-11,PENDING
C012116,Consumer,India,2024-03-01,VERIFIED
C012117,Consumer,UAE,2025-03-19,VERIFIED
C012118,SME,UAE,2024-11-09,VERIFIED
C012119,SME,UAE,2025-04-27,VERIFIED
C012120,SME,UAE,2024-08-31,VERIFIED
C012121,Consumer,India,2026-03-31,VERIFIED
C012122,Consumer,India,2025-05-31,VERIFIED
C012123,Consumer,India,2025-01-04,VERIFIED
C012124,Enterprise,Singapore,2024-11-12,VERIFIED
C012125,Consumer,India,2024-01-21,PENDING
C012126,Enterprise,India,2025-11-28,VERIFIED
C012127,Consumer,India,2025-12-21,VERIFIED
C012128,Enterprise,Singapore,2024-08-18,VERIFIED
C012129,SME,UAE,2025-06-09,VERIFIED
C012130,Consumer,Singapore,2026-05-13,VERIFIED
C012131,Consumer,Singapore,2025-08-13,VERIFIED
C012132,Consumer,Singapore,2025-04-13,VERIFIED
C012133,Consumer,UAE,2025-11-24,VERIFIED
C012134,Consumer,India,2024-03-18,VERIFIED
C012135,Consumer,India,2026-03-19,VERIFIED
C012136,Consumer,UAE,2026-02-22,VERIFIED
C012137,SME,Singapore,2025-07-16,VERIFIED
C012138,Consumer,Singapore,2026-02-07,PENDING
C012139,Consumer,India,2026-03-18,VERIFIED
C012140,SME,India,2025-06-13,VERIFIED
C012141,Consumer,India,2024-10-16,VERIFIED
C012142,Enterprise,India,2024-08-05,VERIFIED
C012143,SME,India,2024-04-09,VERIFIED
C012144,Consumer,India,2024-05-28,VERIFIED
C012145,Consumer,India,2025-01-19,VERIFIED
C012146,SME,Singapore,2024-06-03,VERIFIED
C012147,Consumer,UAE,2025-01-29,PENDING
C012148,Consumer,Singapore,2025-01-10,VERIFIED
C012149,Consumer,UAE,2024-04-11,VERIFIED
C012150,Consumer,India,2025-09-18,VERIFIED
C012151,Consumer,Singapore,2026-02-20,VERIFIED
C012152,Consumer,India,2024-04-01,VERIFIED
C012153,Consumer,India,2025-02-14,VERIFIED
C012154,SME,India,2025-02-09,VERIFIED
C012155,Consumer,India,2024-01-21,VERIFIED
C012156,Consumer,Singapore,2025-09-23,VERIFIED
C012157,Consumer,India,2025-02-11,VERIFIED
C012158,Consumer,UAE,2024-01-19,VERIFIED
C012159,Consumer,UAE,2025-06-19,VERIFIED
C012160,Consumer,India,2025-06-21,VERIFIED
C012161,Consumer,India,2024-06-01,VERIFIED
C012162,Consumer,Singapore,2024-10-27,VERIFIED
C012163,Consumer,India,2026-05-25,VERIFIED
C012164,Consumer,India,2025-02-16,VERIFIED
C012165,Consumer,Singapore,2024-07-20,VERIFIED
C012166,Consumer,UAE,2024-05-18,VERIFIED
C012167,SME,Singapore,2026-03-02,VERIFIED
C012168,SME,India,2024-01-24,VERIFIED
C012169,Consumer,India,2024-01-12,VERIFIED
C012170,Consumer,India,2024-05-14,PENDING
C012171,Consumer,India,2024-03-21,VERIFIED
C012172,SME,India,2024-12-20,REJECTED
C012173,Consumer,India,2024-03-10,VERIFIED
C012174,Enterprise,UAE,2024-07-22,VERIFIED
C012175,SME,Singapore,2025-08-13,VERIFIED
C012176,SME,Singapore,2024-10-05,VERIFIED
C012177,Consumer,UAE,2025-12-11,VERIFIED
C012178,Consumer,India,2025-01-13,VERIFIED
C012179,Consumer,India,2024-10-20,VERIFIED
C012180,Consumer,UAE,2025-02-18,VERIFIED
C012181,Consumer,UAE,2026-03-07,VERIFIED
C012182,SME,India,2025-03-03,VERIFIED
C012183,Consumer,India,2024-06-04,VERIFIED
C012184,Consumer,Singapore,2025-08-10,REJECTED
C012185,Consumer,India,2025-12-31,VERIFIED
C012186,SME,India,2026-04-15,PENDING
C012187,SME,India,2024-10-03,VERIFIED
C012188,Consumer,UAE,2024-09-21,VERIFIED
C012189,Consumer,India,2024-02-18,VERIFIED
C012190,Consumer,UAE,2025-09-01,VERIFIED
C012191,Consumer,India,2024-10-19,VERIFIED
C012192,Consumer,India,2024-01-21,VERIFIED
C012193,Enterprise,UAE,2025-03-19,VERIFIED
C012194,Consumer,India,2025-06-18,VERIFIED
C012195,Consumer,India,2025-04-16,PENDING
C012196,Consumer,India,2024-05-17,VERIFIED
C012197,SME,Singapore,2024-08-17,VERIFIED
C012198,Consumer,India,2026-04-17,VERIFIED
C012199,Consumer,India,2025-02-08,VERIFIED
C012200,SME,Singapore,2024-12-22,VERIFIED
C012201,Consumer,India,2025-06-24,VERIFIED
C012202,SME,India,2026-04-06,VERIFIED
C012203,Consumer,Singapore,2024-01-21,VERIFIED
C012204,SME,India,2026-05-03,VERIFIED
C012205,Consumer,India,2025-09-02,REJECTED
C012206,Consumer,Singapore,2025-07-28,PENDING
C012207,SME,UAE,2026-03-24,VERIFIED
C012208,Consumer,India,2025-10-06,VERIFIED
C012209,Consumer,Singapore,2025-06-10,VERIFIED
C012210,Consumer,Singapore,2024-04-14,PENDING
C012211,Consumer,India,2025-09-14,VERIFIED
C012212,Consumer,India,2026-04-30,PENDING
C012213,Enterprise,India,2024-12-01,VERIFIED
C012214,Enterprise,Singapore,2025-02-27,VERIFIED
C012215,SME,India,2025-09-14,VERIFIED
C012216,Consumer,UAE,2026-05-24,VERIFIED
C012217,Consumer,Singapore,2026-05-04,VERIFIED
C012218,SME,India,2024-01-04,VERIFIED
C012219,Consumer,India,2025-04-13,VERIFIED
C012220,Consumer,UAE,2025-10-25,VERIFIED
C012221,Consumer,India,2025-07-07,PENDING
C012222,Consumer,India,2025-06-21,VERIFIED
C012223,Consumer,Singapore,2026-05-23,VERIFIED
C012224,Consumer,India,2024-07-12,VERIFIED
C012225,SME,India,2024-12-25,VERIFIED
C012226,Consumer,India,2025-06-03,VERIFIED
C012227,Consumer,India,2024-03-13,VERIFIED
C012228,Consumer,India,2024-03-18,VERIFIED
C012229,Consumer,Singapore,2025-10-21,VERIFIED
C012230,Consumer,UAE,2026-04-13,VERIFIED
C012231,Consumer,India,2024-03-08,VERIFIED
C012232,Enterprise,India,2026-05-16,VERIFIED
C012233,Consumer,India,2025-11-25,VERIFIED
C012234,Consumer,India,2024-11-29,VERIFIED
C012235,Consumer,India,2024-03-25,VERIFIED
C012236,Enterprise,India,2025-05-10,VERIFIED
C012237,SME,UAE,2024-03-19,VERIFIED
C012238,SME,India,2025-07-04,VERIFIED
C012239,Consumer,India,2024-11-01,VERIFIED
C012240,Enterprise,India,2024-01-20,PENDING
C012241,Consumer,India,2025-08-04,VERIFIED
C012242,Consumer,UAE,2024-06-04,VERIFIED
C012243,SME,India,2024-04-26,VERIFIED
C012244,Enterprise,UAE,2026-05-29,VERIFIED
C012245,Consumer,India,2025-03-25,VERIFIED
C012246,Consumer,Singapore,2024-01-28,VERIFIED
C012247,Consumer,UAE,2025-09-01,VERIFIED
C012248,Consumer,India,2024-11-24,VERIFIED
C012249,Consumer,India,2025-10-24,PENDING
C012250,Enterprise,Singapore,2024-12-29,VERIFIED
C012251,SME,India,2025-02-22,VERIFIED
C012252,SME,Singapore,2024-01-22,VERIFIED
C012253,SME,India,2024-09-17,VERIFIED
C012254,Consumer,India,2024-02-29,VERIFIED
C012255,SME,India,2025-02-16,VERIFIED
C012256,Consumer,UAE,2024-06-11,VERIFIED
C012257,Consumer,India,2024-04-23,VERIFIED
C012258,Consumer,India,2024-12-19,VERIFIED
C012259,Consumer,Singapore,2024-07-14,VERIFIED
C012260,SME,India,2024-02-14,VERIFIED
C012261,Enterprise,India,2025-09-16,VERIFIED
C012262,Consumer,India,2024-06-27,VERIFIED
C012263,SME,Singapore,2026-02-20,VERIFIED
C012264,Consumer,Singapore,2025-05-07,VERIFIED
C012265,SME,India,2024-11-20,VERIFIED
C012266,Consumer,India,2025-01-04,VERIFIED
C012267,Consumer,Singapore,2025-07-21,VERIFIED
C012268,Consumer,Singapore,2026-05-28,VERIFIED
C012269,Consumer,India,2024-12-12,REJECTED
C012270,Consumer,India,2026-02-17,PENDING
C012271,Enterprise,India,2024-04-24,VERIFIED
C012272,Consumer,Singapore,2024-12-22,VERIFIED
C012273,Enterprise,UAE,2024-06-15,VERIFIED
C012274,SME,India,2024-12-19,VERIFIED
C012275,Consumer,India,2024-04-24,VERIFIED
C012276,Consumer,India,2025-02-11,VERIFIED
C012277,SME,India,2025-08-14,VERIFIED
C012278,Consumer,India,2026-04-05,PENDING
C012279,SME,UAE,2026-03-08,VERIFIED
C012280,Consumer,India,2024-11-18,VERIFIED
C012281,Consumer,Singapore,2025-06-24,VERIFIED
C012282,Enterprise,India,2024-02-11,VERIFIED
C012283,Consumer,Singapore,2025-04-04,VERIFIED
C012284,Consumer,India,2024-04-28,VERIFIED
C012285,Consumer,India,2025-07-27,VERIFIED
C012286,SME,UAE,2025-10-28,REJECTED
C012287,SME,India,2026-03-07,VERIFIED
C012288,Consumer,Singapore,2025-03-25,VERIFIED
C012289,Consumer,UAE,2025-03-16,VERIFIED
C012290,Consumer,India,2024-07-07,VERIFIED
C012291,Consumer,India,2024-10-11,VERIFIED
C012292,Consumer,UAE,2024-04-13,VERIFIED
C012293,Enterprise,UAE,2025-07-22,VERIFIED
C012294,Consumer,Singapore,2025-04-01,VERIFIED
C012295,Consumer,India,2024-11-06,VERIFIED
C012296,SME,Singapore,2025-11-14,VERIFIED
C012297,Consumer,Singapore,2025-01-18,VERIFIED
C012298,Consumer,Singapore,2025-10-29,VERIFIED
C012299,Consumer,UAE,2024-06-13,VERIFIED
C012300,Consumer,India,2025-02-10,PENDING
C012301,Enterprise,India,2026-04-24,VERIFIED
C012302,Consumer,Singapore,2025-08-03,VERIFIED
C012303,Consumer,UAE,2025-04-20,VERIFIED
C012304,Consumer,India,2024-02-27,PENDING
C012305,Enterprise,UAE,2025-12-19,VERIFIED
C012306,Consumer,UAE,2025-02-19,VERIFIED
C012307,Consumer,UAE,2025-08-19,REJECTED
C012308,Enterprise,UAE,2026-04-16,VERIFIED
C012309,Consumer,UAE,2025-09-04,VERIFIED
C012310,SME,Singapore,2026-03-14,VERIFIED
C012311,Consumer,Singapore,2024-09-07,VERIFIED
C012312,SME,India,2024-08-07,PENDING
C012313,Consumer,India,2024-06-08,VERIFIED
C012314,Consumer,India,2024-07-05,VERIFIED
C012315,SME,India,2025-08-21,VERIFIED
C012316,Consumer,India,2025-04-08,PENDING
C012317,Consumer,UAE,2025-05-12,VERIFIED
C012318,Consumer,Singapore,2024-11-25,VERIFIED
C012319,Consumer,India,2024-12-14,VERIFIED
C012320,Enterprise,Singapore,2025-05-14,VERIFIED
C012321,Consumer,India,2025-10-28,VERIFIED
C012322,Enterprise,India,2026-05-16,PENDING
C012323,Consumer,UAE,2025-05-04,VERIFIED
C012324,Consumer,India,2024-10-06,PENDING
C012325,Consumer,Singapore,2026-05-04,VERIFIED
C012326,SME,India,2026-04-14,VERIFIED
C012327,SME,India,2024-06-12,VERIFIED
C012328,Consumer,Singapore,2025-02-01,PENDING
C012329,Enterprise,India,2024-03-08,VERIFIED
C012330,Consumer,UAE,2025-03-03,VERIFIED
C012331,Consumer,India,2025-03-07,VERIFIED
C012332,Enterprise,India,2026-05-23,VERIFIED
C012333,SME,UAE,2025-01-09,VERIFIED
C012334,Enterprise,UAE,2026-03-10,VERIFIED
C012335,Consumer,India,2025-12-24,VERIFIED
C012336,Consumer,India,2025-09-23,VERIFIED
C012337,Consumer,Singapore,2025-11-27,VERIFIED
C012338,Consumer,India,2025-02-26,VERIFIED
C012339,SME,India,2025-12-28,VERIFIED
C012340,Consumer,Singapore,2025-10-03,VERIFIED
C012341,SME,India,2024-03-18,VERIFIED
C012342,Consumer,India,2025-05-02,PENDING
C012343,Consumer,India,2024-06-18,VERIFIED
C012344,SME,UAE,2024-02-07,VERIFIED
C012345,Consumer,Singapore,2025-07-20,VERIFIED
C012346,SME,Singapore,2024-10-16,VERIFIED
C012347,Consumer,India,2025-07-11,VERIFIED
C012348,SME,India,2024-06-19,REJECTED
C012349,Consumer,India,2025-10-03,VERIFIED
C012350,Consumer,India,2025-11-06,REJECTED
C012351,SME,India,2025-08-04,VERIFIED
C012352,SME,India,2024-10-18,VERIFIED
C012353,Consumer,Singapore,2025-08-03,PENDING
C012354,Consumer,Singapore,2025-02-25,VERIFIED
C012355,Consumer,India,2024-04-14,VERIFIED
C012356,Consumer,Singapore,2025-07-19,VERIFIED
C012357,SME,Singapore,2025-02-09,VERIFIED
C012358,SME,India,2026-05-29,VERIFIED
C012359,Consumer,India,2025-04-03,VERIFIED
C012360,Consumer,Singapore,2026-05-24,VERIFIED
C012361,SME,India,2024-09-04,VERIFIED
C012362,Consumer,India,2024-11-04,VERIFIED
C012363,SME,India,2025-01-07,VERIFIED
C012364,Consumer,India,2024-04-15,VERIFIED
C012365,Consumer,UAE,2026-05-10,VERIFIED
C012366,Consumer,Singapore,2024-11-10,VERIFIED
C012367,SME,India,2025-08-31,VERIFIED
C012368,Consumer,UAE,2026-05-03,VERIFIED
C012369,Consumer,Singapore,2025-06-22,VERIFIED
C012370,SME,Singapore,2024-03-12,PENDING
C012371,Consumer,India,2025-01-12,VERIFIED
C012372,Consumer,Singapore,2025-05-10,VERIFIED
C012373,Consumer,India,2024-07-03,REJECTED
C012374,Consumer,India,2024-05-13,VERIFIED
C012375,Enterprise,India,2024-06-22,VERIFIED
C012376,SME,India,2026-03-03,VERIFIED
C012377,Consumer,India,2025-09-01,VERIFIED
C012378,SME,India,2025-01-27,VERIFIED
C012379,Consumer,UAE,2024-03-04,VERIFIED
C012380,Enterprise,India,2025-02-18,VERIFIED
C012381,Consumer,UAE,2025-02-06,VERIFIED
C012382,Consumer,Singapore,2024-04-22,VERIFIED
C012383,Consumer,India,2024-03-05,PENDING
C012384,Consumer,India,2025-12-28,PENDING
C012385,Consumer,UAE,2026-05-15,VERIFIED
C012386,Consumer,India,2025-02-04,VERIFIED
C012387,SME,Singapore,2024-10-16,VERIFIED
C012388,Consumer,Singapore,2025-04-27,VERIFIED
C012389,Enterprise,India,2025-02-23,VERIFIED
C012390,Consumer,India,2024-11-10,VERIFIED
C012391,SME,India,2024-03-29,VERIFIED
C012392,Enterprise,UAE,2026-01-28,VERIFIED
C012393,SME,UAE,2026-04-23,VERIFIED
C012394,SME,UAE,2025-10-22,VERIFIED
C012395,SME,India,2024-12-22,PENDING
C012396,Consumer,India,2026-05-27,VERIFIED
C012397,Consumer,India,2026-01-21,VERIFIED
C012398,Consumer,UAE,2025-06-01,VERIFIED
C012399,Consumer,India,2026-01-18,VERIFIED
C012400,Consumer,India,2024-12-30,VERIFIED
C012401,SME,UAE,2024-09-23,VERIFIED
C012402,Consumer,India,2026-04-27,VERIFIED
C012403,Consumer,India,2025-02-09,VERIFIED
C012404,Consumer,India,2026-01-19,VERIFIED
C012405,Enterprise,India,2024-05-18,VERIFIED
C012406,Consumer,UAE,2024-06-13,VERIFIED
C012407,Consumer,India,2026-03-04,VERIFIED
C012408,Consumer,India,2025-11-27,VERIFIED
C012409,Enterprise,India,2025-10-27,VERIFIED
C012410,Enterprise,India,2024-04-15,VERIFIED
C012411,SME,India,2024-05-28,VERIFIED
C012412,SME,India,2024-07-03,VERIFIED
C012413,Consumer,Singapore,2025-02-13,VERIFIED
C012414,Enterprise,India,2026-02-21,PENDING
C012415,Consumer,Singapore,2026-05-20,VERIFIED
C012416,Consumer,India,2025-12-03,VERIFIED
C012417,Consumer,Singapore,2025-11-05,VERIFIED
C012418,Consumer,India,2024-07-19,VERIFIED
C012419,SME,India,2025-09-09,VERIFIED
C012420,Consumer,UAE,2025-12-27,PENDING
C012421,Enterprise,India,2026-04-15,VERIFIED
C012422,Consumer,India,2024-08-07,VERIFIED
C012423,Consumer,India,2026-05-06,VERIFIED
C012424,Consumer,India,2025-04-14,VERIFIED
C012425,SME,India,2025-12-29,VERIFIED
C012426,SME,India,2025-03-09,VERIFIED
C012427,Consumer,Singapore,2024-01-29,REJECTED
C012428,Consumer,Singapore,2026-01-19,VERIFIED
C012429,Consumer,Singapore,2024-03-04,VERIFIED
C012430,SME,India,2024-04-05,VERIFIED
C012431,Enterprise,India,2025-10-27,VERIFIED
C012432,Consumer,Singapore,2025-06-23,PENDING
C012433,SME,India,2025-05-24,VERIFIED
C012434,Consumer,Singapore,2024-12-05,VERIFIED
C012435,Consumer,India,2025-11-18,VERIFIED
C012436,Enterprise,India,2024-09-07,VERIFIED
C012437,Consumer,UAE,2025-12-06,VERIFIED
C012438,Consumer,Singapore,2024-10-05,VERIFIED
C012439,Consumer,Singapore,2024-02-08,VERIFIED
C012440,Consumer,UAE,2024-03-09,VERIFIED
C012441,SME,Singapore,2024-10-03,VERIFIED
C012442,Consumer,India,2024-04-29,VERIFIED
C012443,Enterprise,UAE,2024-03-26,VERIFIED
C012444,Consumer,Singapore,2024-06-25,PENDING
C012445,Consumer,Singapore,2025-08-28,VERIFIED
C012446,Consumer,India,2024-04-01,VERIFIED
C012447,Consumer,UAE,2025-02-23,VERIFIED
C012448,Enterprise,India,2024-03-21,PENDING
C012449,SME,India,2024-12-06,VERIFIED
C012450,Consumer,India,2025-02-24,VERIFIED
C012451,SME,India,2024-08-15,PENDING
C012452,SME,India,2025-04-17,PENDING
C012453,Consumer,UAE,2024-03-28,VERIFIED
C012454,SME,Singapore,2024-12-15,VERIFIED
C012455,Consumer,India,2025-10-01,PENDING
C012456,Consumer,Singapore,2026-03-20,REJECTED
C012457,Consumer,India,2024-07-08,VERIFIED
C012458,Consumer,India,2026-05-16,VERIFIED
C012459,Consumer,India,2025-10-07,VERIFIED
C012460,Consumer,UAE,2024-05-15,VERIFIED
C012461,Consumer,India,2024-11-20,VERIFIED
C012462,SME,India,2024-02-09,VERIFIED
C012463,Enterprise,India,2025-10-11,PENDING
C012464,SME,Singapore,2024-10-13,VERIFIED
C012465,Consumer,Singapore,2024-09-12,PENDING
C012466,Consumer,India,2026-03-08,PENDING
C012467,Consumer,India,2025-08-19,VERIFIED
C012468,Consumer,Singapore,2025-02-23,VERIFIED
C012469,Consumer,Singapore,2026-04-08,VERIFIED
C012470,Consumer,India,2025-06-22,VERIFIED
C012471,SME,UAE,2026-01-11,PENDING
C012472,SME,UAE,2024-10-17,VERIFIED
C012473,Consumer,India,2024-11-11,VERIFIED
C012474,Consumer,India,2026-03-10,VERIFIED
C012475,SME,India,2026-05-07,VERIFIED
C012476,Consumer,Singapore,2024-05-11,PENDING
C012477,Consumer,India,2025-08-25,VERIFIED
C012478,Consumer,India,2026-05-17,VERIFIED
C012479,Consumer,Singapore,2026-01-10,VERIFIED
C012480,Consumer,Singapore,2025-06-22,VERIFIED
C012481,SME,India,2024-10-29,VERIFIED
C012482,SME,India,2024-10-08,PENDING
C012483,Consumer,India,2025-05-06,VERIFIED
C012484,Consumer,Singapore,2024-10-06,VERIFIED
C012485,SME,Singapore,2025-05-14,VERIFIED
C012486,Consumer,India,2024-07-17,VERIFIED
C012487,Consumer,Singapore,2025-01-09,VERIFIED
C012488,Consumer,Singapore,2024-10-26,VERIFIED
C012489,Consumer,India,2025-10-27,VERIFIED
C012490,SME,Singapore,2024-10-25,VERIFIED
C012491,SME,India,2025-07-08,VERIFIED
C012492,Consumer,UAE,2024-11-17,VERIFIED
C012493,Consumer,India,2024-04-19,VERIFIED
C012494,Consumer,India,2025-09-14,VERIFIED
C012495,Consumer,India,2025-04-15,VERIFIED
C012496,Enterprise,Singapore,2025-02-15,VERIFIED
C012497,SME,India,2025-05-27,VERIFIED
C012498,Consumer,India,2025-04-24,VERIFIED
C012499,SME,UAE,2024-05-19,VERIFIED
C012500,SME,UAE,2026-05-27,VERIFIED
C012501,SME,UAE,2025-11-20,PENDING
C012502,Consumer,India,2025-05-18,PENDING
C012503,Consumer,UAE,2024-02-29,VERIFIED
C012504,SME,India,2024-07-01,VERIFIED
C012505,Consumer,India,2025-02-22,VERIFIED
C012506,Enterprise,India,2026-03-04,VERIFIED
C012507,SME,India,2026-04-04,VERIFIED
C012508,Enterprise,India,2026-01-02,VERIFIED
C012509,Consumer,India,2024-08-14,VERIFIED
C012510,SME,Singapore,2025-01-25,VERIFIED
C012511,Consumer,India,2024-05-23,VERIFIED
C012512,Enterprise,India,2026-01-05,PENDING
C012513,Consumer,India,2025-07-17,VERIFIED
C012514,Consumer,UAE,2025-08-15,VERIFIED
C012515,SME,India,2025-10-22,VERIFIED
C012516,Consumer,India,2024-01-27,VERIFIED
C012517,Consumer,India,2026-01-13,VERIFIED
C012518,Enterprise,UAE,2025-09-14,VERIFIED
C012519,Consumer,India,2025-05-22,VERIFIED
C012520,Consumer,India,2025-08-13,VERIFIED
C012521,Consumer,India,2026-03-01,VERIFIED
C012522,SME,UAE,2024-05-06,PENDING
C012523,SME,India,2025-03-31,VERIFIED
C012524,Consumer,Singapore,2024-10-07,VERIFIED
C012525,Consumer,India,2025-01-29,VERIFIED
C012526,Consumer,UAE,2024-11-14,VERIFIED
C012527,Consumer,Singapore,2025-03-16,VERIFIED
C012528,Consumer,Singapore,2024-12-06,VERIFIED
C012529,Consumer,India,2025-11-24,VERIFIED
C012530,Consumer,India,2024-04-28,VERIFIED
C012531,Consumer,India,2026-02-16,VERIFIED
C012532,SME,Singapore,2025-11-20,VERIFIED
C012533,Consumer,UAE,2025-12-13,VERIFIED
C012534,Consumer,India,2025-01-02,VERIFIED
C012535,Consumer,UAE,2025-01-19,VERIFIED
C012536,Consumer,India,2025-05-24,VERIFIED
C012537,SME,UAE,2025-08-04,VERIFIED
C012538,SME,India,2024-06-06,VERIFIED
C012539,Consumer,India,2026-04-02,VERIFIED
C012540,Consumer,India,2025-09-01,VERIFIED
C012541,Consumer,Singapore,2025-12-17,REJECTED
C012542,Consumer,Singapore,2024-03-26,VERIFIED
C012543,Enterprise,India,2024-12-26,VERIFIED
C012544,Consumer,India,2026-03-02,VERIFIED
C012545,Consumer,India,2024-03-25,VERIFIED
C012546,Consumer,India,2024-12-24,VERIFIED
C012547,Consumer,India,2025-12-27,VERIFIED
C012548,SME,India,2024-05-12,VERIFIED
C012549,SME,India,2025-01-21,VERIFIED
C012550,SME,Singapore,2024-09-03,VERIFIED
C012551,Consumer,Singapore,2024-05-20,VERIFIED
C012552,Consumer,India,2025-03-22,VERIFIED
C012553,Consumer,Singapore,2024-03-16,VERIFIED
C012554,SME,India,2024-04-07,VERIFIED
C012555,Consumer,Singapore,2024-10-29,VERIFIED
C012556,Consumer,India,2025-04-10,VERIFIED
C012557,SME,Singapore,2024-02-24,VERIFIED
C012558,SME,India,2024-10-31,VERIFIED
C012559,SME,India,2026-02-09,PENDING
C012560,Consumer,Singapore,2025-06-17,VERIFIED
C012561,SME,India,2024-02-04,VERIFIED
C012562,Consumer,India,2025-06-23,REJECTED
C012563,SME,Singapore,2025-05-03,VERIFIED
C012564,Enterprise,UAE,2025-11-12,VERIFIED
C012565,Consumer,India,2024-05-19,PENDING
C012566,SME,India,2025-10-02,VERIFIED
C012567,SME,India,2024-04-09,PENDING
C012568,Consumer,Singapore,2025-01-07,VERIFIED
C012569,Consumer,India,2026-01-28,VERIFIED
C012570,Consumer,UAE,2024-01-23,PENDING
C012571,Enterprise,India,2026-05-18,VERIFIED
C012572,SME,India,2024-10-10,VERIFIED
C012573,Consumer,India,2024-04-22,VERIFIED
C012574,Consumer,India,2025-01-07,VERIFIED
C012575,Consumer,Singapore,2024-07-15,VERIFIED
C012576,Consumer,India,2024-06-12,VERIFIED
C012577,Consumer,UAE,2026-04-01,VERIFIED
C012578,Consumer,India,2025-03-06,VERIFIED
C012579,Consumer,India,2025-07-21,VERIFIED
C012580,Consumer,India,2024-01-10,VERIFIED
C012581,SME,UAE,2025-10-06,VERIFIED
C012582,Enterprise,Singapore,2025-02-01,PENDING
C012583,SME,India,2024-05-31,VERIFIED
C012584,SME,UAE,2024-07-09,VERIFIED
C012585,Consumer,India,2026-03-06,VERIFIED
C012586,Consumer,Singapore,2024-10-03,VERIFIED
C012587,Consumer,Singapore,2025-05-07,VERIFIED
C012588,SME,Singapore,2024-08-30,PENDING
C012589,Enterprise,UAE,2025-05-02,VERIFIED
C012590,SME,UAE,2026-04-23,VERIFIED
C012591,SME,UAE,2024-10-02,VERIFIED
C012592,SME,India,2024-07-08,VERIFIED
C012593,Consumer,India,2025-09-18,VERIFIED
C012594,Consumer,Singapore,2026-05-13,VERIFIED
C012595,Consumer,Singapore,2024-11-02,VERIFIED
C012596,Consumer,India,2026-05-19,VERIFIED
C012597,SME,India,2024-10-22,VERIFIED
C012598,Consumer,UAE,2024-08-21,VERIFIED
C012599,Consumer,UAE,2024-12-06,VERIFIED
C012600,Consumer,India,2025-08-15,VERIFIED
C012601,Consumer,India,2024-07-11,VERIFIED
C012602,Consumer,India,2024-12-29,VERIFIED
C012603,Consumer,India,2024-09-14,VERIFIED
C012604,Consumer,Singapore,2025-05-25,VERIFIED
C012605,SME,UAE,2024-08-18,VERIFIED
C012606,Consumer,India,2024-01-14,VERIFIED
C012607,Consumer,India,2024-01-14,VERIFIED
C012608,SME,Singapore,2025-07-09,VERIFIED
C012609,SME,India,2024-07-28,VERIFIED
C012610,SME,India,2024-02-09,VERIFIED
C012611,Consumer,Singapore,2024-02-03,VERIFIED
C012612,Consumer,UAE,2026-01-16,REJECTED
C012613,Consumer,India,2026-04-12,VERIFIED
C012614,Consumer,Singapore,2024-08-21,VERIFIED
C012615,Enterprise,India,2026-02-24,VERIFIED
C012616,SME,India,2026-05-29,VERIFIED
C012617,Consumer,India,2024-10-16,VERIFIED
C012618,Consumer,India,2026-05-04,PENDING
C012619,Consumer,India,2025-03-08,VERIFIED
C012620,SME,India,2026-04-27,VERIFIED
C012621,SME,Singapore,2026-01-10,VERIFIED
C012622,SME,Singapore,2024-11-13,VERIFIED
C012623,Enterprise,India,2025-10-01,VERIFIED
C012624,Consumer,India,2026-04-17,VERIFIED
C012625,Consumer,India,2025-02-11,PENDING
C012626,Consumer,India,2025-12-21,VERIFIED
C012627,Consumer,India,2026-03-26,REJECTED
C012628,Enterprise,Singapore,2024-03-20,VERIFIED
C012629,Consumer,India,2026-03-17,VERIFIED
C012630,SME,India,2024-06-24,PENDING
C012631,Consumer,India,2026-01-14,VERIFIED
C012632,Consumer,India,2026-04-17,VERIFIED
C012633,Consumer,UAE,2026-04-27,VERIFIED
C012634,Consumer,India,2026-02-15,VERIFIED
C012635,SME,India,2024-10-11,VERIFIED
C012636,Consumer,Singapore,2025-09-21,VERIFIED
C012637,SME,India,2025-11-08,VERIFIED
C012638,SME,India,2024-11-13,PENDING
C012639,Consumer,UAE,2025-02-13,VERIFIED
C012640,SME,UAE,2024-05-21,VERIFIED
C012641,Consumer,India,2024-09-03,VERIFIED
C012642,SME,India,2024-06-25,VERIFIED
C012643,SME,Singapore,2026-03-21,VERIFIED
C012644,Enterprise,India,2024-12-09,VERIFIED
C012645,Consumer,India,2024-09-20,PENDING
C012646,Consumer,India,2024-06-16,VERIFIED
C012647,Consumer,India,2024-01-25,VERIFIED
C012648,Consumer,India,2025-12-03,VERIFIED
C012649,SME,India,2025-06-10,VERIFIED
C012650,Enterprise,Singapore,2025-06-11,VERIFIED
C012651,Consumer,India,2024-11-05,PENDING
C012652,Consumer,India,2025-09-30,VERIFIED
C012653,Consumer,India,2026-02-17,VERIFIED
C012654,Consumer,Singapore,2024-01-28,VERIFIED
C012655,Consumer,India,2026-02-13,VERIFIED
C012656,Consumer,India,2025-01-04,VERIFIED
C012657,SME,India,2025-01-18,VERIFIED
C012658,Consumer,India,2024-10-20,PENDING
C012659,Consumer,UAE,2025-10-25,VERIFIED
C012660,SME,Singapore,2025-04-23,VERIFIED
C012661,Consumer,India,2025-08-02,VERIFIED
C012662,Consumer,Singapore,2024-02-06,PENDING
C012663,SME,India,2025-06-30,VERIFIED
C012664,SME,India,2025-10-07,VERIFIED
C012665,Consumer,India,2026-05-27,VERIFIED
C012666,Consumer,Singapore,2025-11-03,REJECTED
C012667,SME,India,2025-01-06,VERIFIED
C012668,SME,India,2026-01-05,VERIFIED
C012669,Consumer,India,2025-09-13,VERIFIED
C012670,Consumer,India,2024-04-11,VERIFIED
C012671,Consumer,Singapore,2024-12-20,VERIFIED
C012672,Consumer,UAE,2025-04-09,VERIFIED
C012673,Consumer,Singapore,2025-11-24,VERIFIED
C012674,Consumer,Singapore,2025-04-24,VERIFIED
C012675,Consumer,UAE,2025-10-20,VERIFIED
C012676,SME,India,2024-08-03,VERIFIED
C012677,Consumer,India,2025-10-12,REJECTED
C012678,SME,India,2024-11-22,VERIFIED
C012679,SME,India,2025-11-30,VERIFIED
C012680,Consumer,India,2025-08-22,VERIFIED
C012681,SME,India,2024-09-03,VERIFIED
C012682,SME,India,2025-11-28,VERIFIED
C012683,Consumer,India,2024-03-28,VERIFIED
C012684,Consumer,UAE,2024-11-29,VERIFIED
C012685,Consumer,India,2025-10-25,VERIFIED
C012686,Enterprise,India,2026-02-17,VERIFIED
C012687,SME,Singapore,2024-07-18,VERIFIED
C012688,Consumer,India,2025-01-17,VERIFIED
C012689,SME,India,2025-03-03,PENDING
C012690,Consumer,India,2024-11-30,VERIFIED
C012691,Consumer,Singapore,2026-01-27,VERIFIED
C012692,SME,Singapore,2025-03-25,VERIFIED
C012693,Consumer,Singapore,2024-08-03,REJECTED
C012694,SME,India,2025-08-08,VERIFIED
C012695,SME,India,2025-11-02,PENDING
C012696,Consumer,India,2024-09-11,PENDING
C012697,Consumer,UAE,2025-06-12,VERIFIED
C012698,SME,Singapore,2025-05-19,VERIFIED
C012699,Enterprise,India,2025-03-13,VERIFIED
C012700,Consumer,Singapore,2025-10-11,PENDING
C012701,Consumer,India,2025-04-14,VERIFIED
C012702,Consumer,UAE,2024-01-06,VERIFIED
C012703,SME,Singapore,2024-08-06,VERIFIED
C012704,SME,India,2025-05-27,VERIFIED
C012705,Consumer,Singapore,2025-07-29,VERIFIED
C012706,SME,India,2025-12-21,VERIFIED
C012707,Consumer,India,2025-05-27,VERIFIED
C012708,SME,Singapore,2026-05-18,VERIFIED
C012709,Consumer,India,2024-07-07,VERIFIED
C012710,Consumer,India,2024-09-03,VERIFIED
C012711,Consumer,Singapore,2026-02-07,VERIFIED
C012712,Consumer,Singapore,2025-11-16,VERIFIED
C012713,SME,India,2025-09-12,VERIFIED
C012714,Consumer,India,2025-07-25,VERIFIED
C012715,Consumer,Singapore,2025-07-08,VERIFIED
C012716,Consumer,India,2025-03-03,VERIFIED
C012717,Consumer,UAE,2025-07-03,VERIFIED
C012718,SME,India,2024-12-28,VERIFIED
C012719,SME,India,2026-02-08,VERIFIED
C012720,Consumer,India,2025-08-16,VERIFIED
C012721,Consumer,India,2025-01-30,VERIFIED
C012722,Consumer,Singapore,2026-01-02,VERIFIED
C012723,Enterprise,India,2025-09-14,VERIFIED
C012724,Enterprise,India,2026-02-15,PENDING
C012725,SME,Singapore,2024-05-15,VERIFIED
C012726,Enterprise,India,2025-03-09,REJECTED
C012727,SME,India,2026-04-27,VERIFIED
C012728,SME,India,2024-11-13,VERIFIED
C012729,Consumer,India,2025-06-18,VERIFIED
C012730,Consumer,India,2025-05-15,VERIFIED
C012731,Consumer,India,2024-12-14,VERIFIED
C012732,Consumer,India,2024-02-28,PENDING
C012733,Consumer,UAE,2026-02-16,VERIFIED
C012734,Consumer,India,2024-05-19,VERIFIED
C012735,Consumer,Singapore,2025-09-19,VERIFIED
C012736,Consumer,Singapore,2024-07-22,VERIFIED
C012737,Consumer,India,2024-06-06,VERIFIED
C012738,Consumer,India,2024-11-25,VERIFIED
C012739,Enterprise,India,2024-07-14,VERIFIED
C012740,SME,India,2025-03-06,VERIFIED
C012741,SME,UAE,2025-12-24,PENDING
C012742,Consumer,India,2025-07-06,VERIFIED
C012743,Consumer,UAE,2026-05-20,VERIFIED
C012744,Consumer,UAE,2025-06-02,VERIFIED
C012745,SME,India,2026-05-11,VERIFIED
C012746,Consumer,India,2025-09-08,VERIFIED
C012747,Consumer,India,2025-04-16,REJECTED
C012748,SME,UAE,2025-04-02,VERIFIED
C012749,Consumer,UAE,2026-03-30,VERIFIED
C012750,Consumer,India,2024-02-14,VERIFIED
C012751,Consumer,India,2024-02-07,VERIFIED
C012752,Consumer,India,2025-11-06,VERIFIED
C012753,Consumer,Singapore,2025-08-15,PENDING
C012754,Consumer,UAE,2024-12-06,VERIFIED
C012755,SME,India,2025-07-23,VERIFIED
C012756,SME,India,2024-10-28,VERIFIED
C012757,Consumer,India,2025-09-26,VERIFIED
C012758,SME,India,2025-12-07,PENDING
C012759,Consumer,UAE,2024-07-11,VERIFIED
C012760,Consumer,India,2025-09-07,VERIFIED
C012761,Consumer,Singapore,2025-09-15,REJECTED
C012762,Consumer,India,2024-05-11,VERIFIED
C012763,Consumer,India,2025-08-30,VERIFIED
C012764,Consumer,India,2025-08-17,VERIFIED
C012765,SME,Singapore,2025-04-12,VERIFIED
C012766,Consumer,Singapore,2024-06-18,VERIFIED
C012767,Consumer,India,2025-07-14,VERIFIED
C012768,Enterprise,India,2025-10-08,VERIFIED
C012769,Consumer,India,2024-09-21,VERIFIED
C012770,Consumer,India,2024-07-17,VERIFIED
C012771,SME,Singapore,2024-10-09,VERIFIED
C012772,Consumer,India,2025-02-08,VERIFIED
C012773,Consumer,India,2025-06-30,VERIFIED
C012774,Consumer,UAE,2026-05-05,PENDING
C012775,Consumer,India,2025-04-24,VERIFIED
C012776,Consumer,India,2024-07-22,VERIFIED
C012777,Consumer,India,2025-04-15,PENDING
C012778,Enterprise,UAE,2026-01-22,VERIFIED
C012779,SME,India,2024-12-14,REJECTED
C012780,Consumer,India,2026-04-14,VERIFIED
C012781,SME,Singapore,2024-02-12,VERIFIED
C012782,SME,India,2026-02-14,VERIFIED
C012783,Consumer,Singapore,2025-04-26,VERIFIED
C012784,Consumer,UAE,2025-01-11,VERIFIED
C012785,Consumer,Singapore,2024-03-18,VERIFIED
C012786,SME,Singapore,2024-02-05,VERIFIED
C012787,Consumer,India,2025-01-17,VERIFIED
C012788,Enterprise,India,2026-03-26,PENDING
C012789,Consumer,Singapore,2024-06-22,VERIFIED
C012790,Consumer,India,2025-10-08,VERIFIED
C012791,Consumer,Singapore,2024-11-25,VERIFIED
C012792,Consumer,UAE,2025-10-13,VERIFIED
C012793,SME,India,2024-02-24,VERIFIED
C012794,Enterprise,India,2026-02-02,VERIFIED
C012795,Consumer,Singapore,2024-10-05,VERIFIED
C012796,Enterprise,UAE,2025-04-03,VERIFIED
C012797,SME,UAE,2025-11-22,VERIFIED
C012798,Consumer,Singapore,2025-06-08,VERIFIED
C012799,SME,UAE,2025-12-16,VERIFIED
C012800,Consumer,Singapore,2025-03-30,VERIFIED
C012801,Consumer,India,2026-03-31,VERIFIED
C012802,Consumer,Singapore,2025-07-28,VERIFIED
C012803,SME,India,2025-05-06,VERIFIED
C012804,Consumer,India,2024-03-14,VERIFIED
C012805,SME,India,2025-03-30,VERIFIED
C012806,SME,India,2026-03-29,VERIFIED
C012807,Consumer,India,2024-06-03,VERIFIED
C012808,Consumer,India,2025-06-02,VERIFIED
C012809,Consumer,India,2025-01-09,VERIFIED
C012810,Consumer,India,2024-11-01,VERIFIED
C012811,Consumer,India,2024-12-08,VERIFIED
C012812,Consumer,Singapore,2025-10-26,VERIFIED
C012813,Consumer,UAE,2024-02-13,VERIFIED
C012814,Consumer,UAE,2025-07-01,VERIFIED
C012815,Consumer,India,2025-03-16,VERIFIED
C012816,Consumer,Singapore,2024-04-06,VERIFIED
C012817,SME,India,2024-06-13,VERIFIED
C012818,Enterprise,India,2026-01-15,PENDING
C012819,Consumer,Singapore,2024-04-12,VERIFIED
C012820,Consumer,Singapore,2025-03-11,VERIFIED
C012821,Consumer,Singapore,2025-01-15,REJECTED
C012822,Consumer,Singapore,2025-03-22,VERIFIED
C012823,Consumer,India,2024-01-07,VERIFIED
C012824,Consumer,UAE,2024-04-03,VERIFIED
C012825,Enterprise,Singapore,2025-03-19,PENDING
C012826,Consumer,Singapore,2025-04-23,VERIFIED
C012827,SME,Singapore,2025-09-24,VERIFIED
C012828,Consumer,India,2026-05-26,VERIFIED
C012829,Consumer,India,2025-05-08,VERIFIED
C012830,Consumer,India,2024-02-06,VERIFIED
C012831,Consumer,India,2025-06-16,VERIFIED
C012832,Consumer,India,2024-04-07,PENDING
C012833,Consumer,India,2026-03-24,VERIFIED
C012834,Consumer,UAE,2024-01-21,VERIFIED
C012835,Consumer,UAE,2024-08-19,VERIFIED
C012836,SME,Singapore,2025-04-12,VERIFIED
C012837,Enterprise,India,2024-12-19,VERIFIED
C012838,Consumer,India,2024-03-12,VERIFIED
C012839,Consumer,Singapore,2024-12-17,VERIFIED
C012840,Consumer,India,2024-02-21,VERIFIED
C012841,SME,Singapore,2024-08-09,PENDING
C012842,Consumer,UAE,2026-03-07,VERIFIED
C012843,Consumer,India,2024-11-20,VERIFIED
C012844,Consumer,Singapore,2025-04-04,REJECTED
C012845,Consumer,India,2024-06-15,VERIFIED
C012846,Consumer,Singapore,2024-10-09,VERIFIED
C012847,Enterprise,India,2025-05-15,VERIFIED
C012848,SME,India,2025-12-17,VERIFIED
C012849,Consumer,Singapore,2025-01-01,VERIFIED
C012850,Consumer,Singapore,2025-10-11,VERIFIED
C012851,Consumer,Singapore,2024-02-05,VERIFIED
C012852,Consumer,India,2025-08-29,VERIFIED
C012853,SME,Singapore,2025-06-11,VERIFIED
C012854,Consumer,Singapore,2026-01-18,VERIFIED
C012855,Consumer,UAE,2025-11-06,VERIFIED
C012856,Consumer,UAE,2025-08-24,VERIFIED
C012857,SME,Singapore,2025-09-11,VERIFIED
C012858,Consumer,Singapore,2025-08-18,VERIFIED
C012859,Consumer,India,2024-09-11,VERIFIED
C012860,Consumer,India,2025-11-07,VERIFIED
C012861,Consumer,India,2024-07-18,VERIFIED
C012862,Enterprise,UAE,2026-04-15,VERIFIED
C012863,Consumer,Singapore,2026-04-06,VERIFIED
C012864,Consumer,Singapore,2025-10-30,VERIFIED
C012865,Consumer,India,2024-01-31,VERIFIED
C012866,SME,India,2025-07-31,VERIFIED
C012867,Consumer,India,2025-08-23,VERIFIED
C012868,Consumer,India,2025-04-30,VERIFIED
C012869,Consumer,India,2024-09-15,VERIFIED
C012870,SME,UAE,2024-09-09,VERIFIED
C012871,SME,India,2025-05-08,REJECTED
C012872,SME,India,2024-08-21,VERIFIED
C012873,Consumer,India,2024-04-16,REJECTED
C012874,Consumer,UAE,2025-08-03,PENDING
C012875,Enterprise,UAE,2026-02-28,VERIFIED
C012876,Consumer,India,2024-12-01,VERIFIED
C012877,Consumer,UAE,2025-12-13,VERIFIED
C012878,SME,India,2024-02-22,VERIFIED
C012879,Consumer,India,2026-01-22,VERIFIED
C012880,Consumer,India,2026-04-23,VERIFIED
C012881,SME,India,2025-11-17,VERIFIED
C012882,SME,Singapore,2024-02-11,VERIFIED
C012883,Consumer,UAE,2024-09-16,VERIFIED
C012884,Consumer,Singapore,2025-01-03,PENDING
C012885,Consumer,India,2024-07-28,PENDING
C012886,Consumer,India,2025-04-10,VERIFIED
C012887,Consumer,India,2024-02-11,VERIFIED
C012888,Consumer,India,2024-12-18,VERIFIED
C012889,Enterprise,India,2025-11-12,VERIFIED
C012890,SME,India,2024-09-15,VERIFIED
C012891,SME,Singapore,2024-12-02,PENDING
C012892,Consumer,Singapore,2025-12-16,REJECTED
C012893,Consumer,India,2025-01-29,VERIFIED
C012894,Enterprise,India,2026-04-28,VERIFIED
C012895,Consumer,India,2025-11-05,VERIFIED
C012896,Consumer,India,2024-04-14,VERIFIED
C012897,Consumer,India,2025-11-20,VERIFIED
C012898,SME,India,2025-12-03,VERIFIED
C012899,SME,Singapore,2024-05-03,VERIFIED
C012900,Consumer,UAE,2025-12-10,VERIFIED
C012901,SME,India,2024-04-08,VERIFIED
C012902,Consumer,Singapore,2024-01-06,VERIFIED
C012903,Consumer,India,2026-03-10,VERIFIED
C012904,SME,UAE,2024-09-23,VERIFIED
C012905,SME,India,2024-02-12,VERIFIED
C012906,Consumer,India,2026-03-17,VERIFIED
C012907,Consumer,India,2025-10-14,VERIFIED
C012908,SME,India,2024-09-25,VERIFIED
C012909,SME,India,2025-07-04,VERIFIED
C012910,SME,UAE,2025-11-04,VERIFIED
C012911,Consumer,Singapore,2024-07-13,VERIFIED
C012912,Enterprise,India,2024-11-19,PENDING
C012913,Enterprise,India,2025-09-07,VERIFIED
C012914,Consumer,Singapore,2026-01-26,VERIFIED
C012915,SME,UAE,2024-03-05,VERIFIED
C012916,Consumer,Singapore,2024-07-19,REJECTED
C012917,Consumer,India,2026-05-30,VERIFIED
C012918,Consumer,Singapore,2024-08-29,VERIFIED
C012919,Consumer,Singapore,2024-01-07,VERIFIED
C012920,Consumer,India,2024-08-06,VERIFIED
C012921,SME,India,2024-01-03,VERIFIED
C012922,Consumer,Singapore,2026-05-03,VERIFIED
C012923,Consumer,UAE,2025-04-08,VERIFIED
C012924,Enterprise,India,2024-10-31,VERIFIED
C012925,Consumer,UAE,2024-11-09,VERIFIED
C012926,Consumer,India,2025-04-22,VERIFIED
C012927,Consumer,India,2026-03-06,VERIFIED
C012928,Consumer,India,2025-02-14,VERIFIED
C012929,SME,UAE,2025-05-12,VERIFIED
C012930,SME,India,2025-06-17,VERIFIED
C012931,Consumer,India,2025-08-28,VERIFIED
C012932,SME,India,2024-12-22,VERIFIED
C012933,Consumer,India,2024-03-11,PENDING
C012934,Consumer,UAE,2026-05-31,VERIFIED
C012935,SME,India,2026-01-03,VERIFIED
C012936,SME,Singapore,2024-01-13,PENDING
C012937,Consumer,UAE,2025-02-09,VERIFIED
C012938,Consumer,India,2025-05-31,VERIFIED
C012939,Consumer,Singapore,2024-01-22,VERIFIED
C012940,Consumer,India,2024-11-04,VERIFIED
C012941,Consumer,India,2024-10-21,VERIFIED
C012942,SME,Singapore,2025-07-02,VERIFIED
C012943,Consumer,Singapore,2024-01-31,VERIFIED
C012944,SME,India,2024-03-02,VERIFIED
C012945,Consumer,India,2024-08-08,VERIFIED
C012946,Consumer,UAE,2024-12-24,VERIFIED
C012947,Consumer,Singapore,2025-08-15,PENDING
C012948,Consumer,India,2025-01-17,VERIFIED
C012949,SME,India,2026-01-14,VERIFIED
C012950,Consumer,India,2025-06-01,VERIFIED
C012951,Consumer,India,2025-09-08,VERIFIED
C012952,SME,India,2024-12-02,VERIFIED
C012953,Consumer,India,2024-06-10,VERIFIED
C012954,Consumer,India,2026-05-04,VERIFIED
C012955,Consumer,Singapore,2025-07-17,VERIFIED
C012956,SME,India,2024-06-06,VERIFIED
C012957,Enterprise,Singapore,2024-01-13,VERIFIED
C012958,SME,India,2024-07-04,VERIFIED
C012959,Consumer,India,2026-01-03,VERIFIED
C012960,Enterprise,India,2026-01-22,VERIFIED
C012961,Consumer,Singapore,2024-11-04,VERIFIED
C012962,Consumer,India,2024-05-27,VERIFIED
C012963,SME,India,2024-02-24,VERIFIED
C012964,Consumer,India,2025-07-24,VERIFIED
C012965,Consumer,India,2025-12-10,PENDING
C012966,Consumer,India,2025-09-01,VERIFIED
C012967,Consumer,Singapore,2025-10-29,REJECTED
C012968,SME,India,2026-01-31,VERIFIED
C012969,Consumer,Singapore,2025-11-22,VERIFIED
C012970,Consumer,UAE,2025-05-24,VERIFIED
C012971,Consumer,India,2025-08-08,VERIFIED
C012972,Enterprise,Singapore,2025-07-26,VERIFIED
C012973,SME,Singapore,2024-02-14,PENDING
C012974,Consumer,UAE,2025-10-08,PENDING
C012975,Enterprise,India,2025-12-22,VERIFIED
C012976,SME,UAE,2024-03-26,VERIFIED
C012977,Consumer,UAE,2026-02-20,REJECTED
C012978,Consumer,India,2024-10-18,VERIFIED
C012979,Consumer,India,2024-09-20,PENDING
C012980,SME,UAE,2024-09-24,PENDING
C012981,Consumer,Singapore,2024-08-12,VERIFIED
C012982,Consumer,India,2024-08-03,VERIFIED
C012983,Consumer,Singapore,2026-05-23,VERIFIED
C012984,Enterprise,India,2024-08-18,VERIFIED
C012985,Consumer,India,2025-12-02,VERIFIED
C012986,Enterprise,India,2025-10-15,VERIFIED
C012987,Enterprise,India,2024-06-25,VERIFIED
C012988,Consumer,UAE,2025-07-16,VERIFIED
C012989,Consumer,India,2025-12-02,PENDING
C012990,Consumer,Singapore,2025-05-31,VERIFIED
C012991,Enterprise,India,2025-12-23,VERIFIED
C012992,Consumer,India,2025-12-07,PENDING
C012993,Consumer,India,2025-05-27,VERIFIED
C012994,Consumer,India,2024-04-13,VERIFIED
C012995,Consumer,UAE,2026-05-22,VERIFIED
C012996,Enterprise,India,2024-04-10,VERIFIED
C012997,SME,Singapore,2025-10-01,VERIFIED
C012998,SME,India,2026-05-14,VERIFIED
C012999,Consumer,India,2024-10-31,VERIFIED
C013000,Consumer,India,2026-01-30,VERIFIED
C013001,Enterprise,Singapore,2024-12-16,REJECTED
C013002,Consumer,India,2026-03-13,PENDING
C013003,Enterprise,Singapore,2025-03-26,VERIFIED
C013004,Consumer,Singapore,2024-09-25,VERIFIED
C013005,Consumer,India,2025-01-06,VERIFIED
C013006,SME,India,2024-02-07,VERIFIED
C013007,Enterprise,India,2026-04-25,VERIFIED
C013008,Enterprise,UAE,2026-01-31,VERIFIED
C013009,Consumer,India,2026-01-02,VERIFIED
C013010,Consumer,India,2024-03-03,VERIFIED
C013011,Consumer,India,2026-02-03,VERIFIED
C013012,SME,Singapore,2025-05-19,VERIFIED
C013013,SME,Singapore,2024-09-21,VERIFIED
C013014,Consumer,UAE,2025-11-06,VERIFIED
C013015,Enterprise,UAE,2025-06-18,VERIFIED
C013016,SME,India,2024-03-19,VERIFIED
C013017,SME,India,2025-09-21,VERIFIED
C013018,Consumer,Singapore,2024-07-03,VERIFIED
C013019,Consumer,UAE,2025-05-09,VERIFIED
C013020,Enterprise,India,2025-07-24,VERIFIED
C013021,Consumer,India,2025-01-04,VERIFIED
C013022,SME,UAE,2026-03-25,VERIFIED
C013023,Enterprise,India,2026-02-02,VERIFIED
C013024,SME,India,2025-08-23,VERIFIED
C013025,Consumer,UAE,2026-01-10,VERIFIED
C013026,Consumer,Singapore,2026-05-04,VERIFIED
C013027,Consumer,India,2024-11-26,VERIFIED
C013028,Consumer,India,2025-03-15,VERIFIED
C013029,Consumer,India,2024-08-25,VERIFIED
C013030,Consumer,UAE,2024-10-18,PENDING
C013031,Consumer,UAE,2025-03-01,PENDING
C013032,Consumer,Singapore,2024-10-21,VERIFIED
C013033,Consumer,India,2026-04-12,VERIFIED
C013034,Consumer,India,2025-05-14,VERIFIED
C013035,Consumer,Singapore,2025-07-09,VERIFIED
C013036,SME,India,2026-04-24,VERIFIED
C013037,Consumer,Singapore,2025-08-14,VERIFIED
C013038,Consumer,Singapore,2025-11-16,VERIFIED
C013039,SME,India,2025-10-14,VERIFIED
C013040,SME,UAE,2024-02-06,VERIFIED
C013041,Consumer,India,2025-06-09,VERIFIED
C013042,SME,Singapore,2025-09-25,VERIFIED
C013043,Enterprise,India,2025-01-31,VERIFIED
C013044,SME,Singapore,2026-01-19,VERIFIED
C013045,Consumer,Singapore,2025-01-30,VERIFIED
C013046,SME,India,2025-07-20,VERIFIED
C013047,Consumer,India,2024-01-22,PENDING
C013048,Consumer,India,2024-12-05,VERIFIED
C013049,Enterprise,India,2025-05-09,VERIFIED
C013050,Consumer,Singapore,2025-02-06,VERIFIED
C013051,Enterprise,India,2024-07-21,VERIFIED
C013052,Consumer,India,2024-12-11,VERIFIED
C013053,Enterprise,India,2024-01-15,VERIFIED
C013054,Consumer,Singapore,2024-01-30,VERIFIED
C013055,Consumer,Singapore,2024-01-29,VERIFIED
C013056,Consumer,India,2026-02-02,VERIFIED
C013057,Consumer,Singapore,2024-06-08,VERIFIED
C013058,Consumer,UAE,2025-09-20,VERIFIED
C013059,SME,India,2025-10-31,VERIFIED
C013060,Consumer,Singapore,2025-09-11,VERIFIED
C013061,SME,India,2025-09-18,VERIFIED
C013062,Consumer,India,2024-09-28,VERIFIED
C013063,Consumer,India,2025-02-23,VERIFIED
C013064,Enterprise,India,2026-04-29,VERIFIED
C013065,Consumer,UAE,2025-05-03,VERIFIED
C013066,Consumer,India,2024-06-24,VERIFIED
C013067,Consumer,India,2024-08-18,VERIFIED
C013068,Consumer,India,2026-03-06,VERIFIED
C013069,Enterprise,Singapore,2024-11-13,VERIFIED
C013070,SME,Singapore,2026-01-31,PENDING
C013071,Consumer,India,2025-04-11,VERIFIED
C013072,SME,UAE,2025-03-15,VERIFIED
C013073,Consumer,UAE,2024-02-25,VERIFIED
C013074,Consumer,India,2024-11-26,VERIFIED
C013075,Enterprise,Singapore,2024-09-29,VERIFIED
C013076,Consumer,India,2025-12-02,VERIFIED
C013077,SME,India,2024-01-21,PENDING
C013078,SME,India,2024-06-13,VERIFIED
C013079,SME,India,2025-05-06,VERIFIED
C013080,Enterprise,UAE,2025-02-21,VERIFIED
C013081,Consumer,India,2026-03-07,VERIFIED
C013082,Consumer,Singapore,2025-08-02,VERIFIED
C013083,Consumer,India,2024-09-23,VERIFIED
C013084,SME,Singapore,2025-12-30,VERIFIED
C013085,Consumer,India,2024-12-03,VERIFIED
C013086,Consumer,Singapore,2025-08-30,VERIFIED
C013087,Consumer,India,2024-07-06,VERIFIED
C013088,Enterprise,UAE,2025-04-19,VERIFIED
C013089,SME,UAE,2024-07-26,VERIFIED
C013090,Consumer,Singapore,2024-03-14,VERIFIED
C013091,Consumer,India,2026-05-25,VERIFIED
C013092,Consumer,India,2025-11-04,VERIFIED
C013093,Consumer,UAE,2025-11-03,VERIFIED
C013094,Consumer,India,2025-01-28,VERIFIED
C013095,Enterprise,India,2025-05-04,PENDING
C013096,Enterprise,India,2025-07-25,VERIFIED
C013097,Consumer,India,2024-01-26,VERIFIED
C013098,Consumer,India,2026-05-23,VERIFIED
C013099,Consumer,India,2025-06-20,VERIFIED
C013100,Consumer,India,2026-02-08,VERIFIED
C013101,Consumer,India,2026-05-07,VERIFIED
C013102,Consumer,India,2026-05-01,VERIFIED
C013103,Consumer,India,2025-05-29,VERIFIED
C013104,SME,Singapore,2026-03-10,VERIFIED
C013105,SME,India,2024-09-13,PENDING
C013106,SME,Singapore,2024-10-06,VERIFIED
C013107,Consumer,India,2026-03-28,VERIFIED
C013108,Enterprise,India,2026-01-29,VERIFIED
C013109,Enterprise,India,2025-07-09,VERIFIED
C013110,Consumer,India,2024-02-02,VERIFIED
C013111,Consumer,UAE,2024-10-20,VERIFIED
C013112,Consumer,India,2025-09-15,VERIFIED
C013113,Consumer,Singapore,2024-11-03,VERIFIED
C013114,Consumer,UAE,2024-10-17,VERIFIED
C013115,Consumer,India,2026-02-23,VERIFIED
C013116,Consumer,India,2026-04-05,VERIFIED
C013117,Consumer,India,2024-10-30,VERIFIED
C013118,Consumer,UAE,2024-02-12,VERIFIED
C013119,Enterprise,Singapore,2026-03-26,PENDING
C013120,Consumer,Singapore,2025-07-09,VERIFIED
C013121,SME,India,2026-03-11,VERIFIED
C013122,Consumer,UAE,2025-08-21,VERIFIED
C013123,Consumer,Singapore,2026-01-11,VERIFIED
C013124,Consumer,India,2025-04-24,VERIFIED
C013125,Consumer,Singapore,2024-03-23,PENDING
C013126,Consumer,India,2024-07-22,VERIFIED
C013127,Consumer,India,2025-10-03,VERIFIED
C013128,Consumer,Singapore,2024-05-17,VERIFIED
C013129,SME,India,2024-03-23,PENDING
C013130,Consumer,India,2025-11-17,VERIFIED
C013131,SME,India,2025-10-09,VERIFIED
C013132,Consumer,India,2025-09-10,VERIFIED
C013133,Consumer,India,2024-05-30,VERIFIED
C013134,Consumer,UAE,2025-09-12,VERIFIED
C013135,SME,India,2026-01-03,PENDING
C013136,Enterprise,India,2026-05-09,VERIFIED
C013137,Enterprise,Singapore,2024-11-14,VERIFIED
C013138,Consumer,India,2026-04-24,VERIFIED
C013139,SME,India,2024-09-03,VERIFIED
C013140,Consumer,India,2024-02-06,VERIFIED
C013141,Enterprise,India,2024-09-24,VERIFIED
C013142,Consumer,India,2025-08-08,VERIFIED
C013143,Consumer,India,2024-04-24,VERIFIED
C013144,Consumer,India,2024-03-21,VERIFIED
C013145,Consumer,Singapore,2025-12-05,VERIFIED
C013146,SME,India,2025-12-26,VERIFIED
C013147,Enterprise,UAE,2025-06-10,VERIFIED
C013148,Consumer,Singapore,2024-12-01,VERIFIED
C013149,SME,India,2024-03-24,VERIFIED
C013150,SME,UAE,2026-02-16,VERIFIED
C013151,Consumer,India,2026-03-20,VERIFIED
C013152,Consumer,India,2024-06-02,VERIFIED
C013153,Consumer,India,2026-03-27,VERIFIED
C013154,Consumer,Singapore,2024-09-09,VERIFIED
C013155,Consumer,India,2025-05-16,PENDING
C013156,Consumer,India,2025-03-23,VERIFIED
C013157,Consumer,India,2024-09-29,VERIFIED
C013158,Consumer,Singapore,2026-05-22,VERIFIED
C013159,Enterprise,India,2026-04-04,VERIFIED
C013160,Consumer,India,2026-05-03,VERIFIED
C013161,Consumer,India,2025-05-21,VERIFIED
C013162,Consumer,Singapore,2024-05-11,VERIFIED
C013163,Consumer,India,2025-12-11,VERIFIED
C013164,Consumer,India,2024-11-20,VERIFIED
C013165,Consumer,UAE,2024-12-16,VERIFIED
C013166,Consumer,India,2024-03-23,REJECTED
C013167,Consumer,Singapore,2026-03-28,VERIFIED
C013168,Consumer,UAE,2024-05-05,VERIFIED
C013169,Consumer,UAE,2024-08-01,VERIFIED
C013170,SME,India,2026-04-14,VERIFIED
C013171,Consumer,India,2025-12-27,VERIFIED
C013172,Consumer,India,2026-01-19,VERIFIED
C013173,Consumer,UAE,2025-08-22,VERIFIED
C013174,SME,UAE,2025-04-06,VERIFIED
C013175,Consumer,India,2025-09-16,REJECTED
C013176,SME,Singapore,2024-04-14,VERIFIED
C013177,SME,UAE,2025-01-05,VERIFIED
C013178,Consumer,India,2024-03-03,VERIFIED
C013179,Consumer,India,2026-01-20,VERIFIED
C013180,Consumer,India,2025-04-13,VERIFIED
C013181,Consumer,India,2024-01-26,VERIFIED
C013182,Consumer,UAE,2025-10-01,VERIFIED
C013183,Consumer,UAE,2024-01-01,VERIFIED
C013184,Consumer,India,2024-04-03,VERIFIED
C013185,Consumer,India,2025-03-27,VERIFIED
C013186,SME,India,2024-01-12,VERIFIED
C013187,Consumer,Singapore,2025-11-08,VERIFIED
C013188,Enterprise,Singapore,2024-10-24,VERIFIED
C013189,Enterprise,India,2025-02-23,VERIFIED
C013190,Enterprise,Singapore,2026-02-22,PENDING
C013191,SME,India,2025-08-01,VERIFIED
C013192,Consumer,India,2024-06-15,VERIFIED
C013193,Consumer,UAE,2024-09-10,VERIFIED
C013194,Consumer,India,2026-05-16,VERIFIED
C013195,Consumer,India,2026-02-03,VERIFIED
C013196,SME,India,2026-01-27,VERIFIED
C013197,Enterprise,India,2025-07-24,VERIFIED
C013198,Consumer,India,2024-10-20,VERIFIED
C013199,Consumer,India,2024-05-23,VERIFIED
C013200,Consumer,UAE,2024-07-27,VERIFIED
C013201,Consumer,India,2024-08-13,VERIFIED
C013202,Consumer,India,2025-04-02,VERIFIED
C013203,Consumer,India,2024-10-10,VERIFIED
C013204,SME,Singapore,2025-08-25,VERIFIED
C013205,Consumer,India,2025-04-30,VERIFIED
C013206,Enterprise,Singapore,2024-04-20,VERIFIED
C013207,Consumer,India,2026-01-21,VERIFIED
C013208,SME,India,2024-12-15,PENDING
C013209,Consumer,India,2024-11-28,PENDING
C013210,SME,UAE,2024-03-20,PENDING
C013211,SME,India,2025-01-20,VERIFIED
C013212,Consumer,India,2025-02-07,VERIFIED
C013213,Consumer,India,2025-12-16,VERIFIED
C013214,Enterprise,India,2026-01-19,VERIFIED
C013215,Consumer,India,2024-11-23,VERIFIED
C013216,Consumer,India,2024-10-20,VERIFIED
C013217,Consumer,India,2025-05-08,PENDING
C013218,SME,India,2024-07-02,VERIFIED
C013219,SME,India,2024-07-30,PENDING
C013220,Consumer,India,2024-09-07,VERIFIED
C013221,Consumer,Singapore,2026-01-08,VERIFIED
C013222,Enterprise,India,2024-06-15,PENDING
C013223,SME,India,2025-06-26,VERIFIED
C013224,SME,India,2026-04-27,PENDING
C013225,Consumer,India,2025-10-24,VERIFIED
C013226,Consumer,Singapore,2024-06-10,VERIFIED
C013227,Consumer,Singapore,2025-08-30,VERIFIED
C013228,SME,Singapore,2024-09-29,VERIFIED
C013229,Consumer,India,2026-05-24,VERIFIED
C013230,Consumer,India,2025-06-19,PENDING
C013231,Consumer,India,2025-02-22,VERIFIED
C013232,Consumer,India,2025-09-21,VERIFIED
C013233,SME,India,2025-02-10,VERIFIED
C013234,Consumer,India,2025-01-26,VERIFIED
C013235,SME,Singapore,2025-03-13,VERIFIED
C013236,Enterprise,India,2024-03-27,VERIFIED
C013237,Consumer,UAE,2025-02-08,VERIFIED
C013238,SME,India,2024-10-01,VERIFIED
C013239,Enterprise,Singapore,2025-02-18,VERIFIED
C013240,Enterprise,India,2025-07-15,VERIFIED
C013241,Consumer,UAE,2024-11-22,VERIFIED
C013242,Consumer,India,2024-04-21,VERIFIED
C013243,Consumer,India,2026-03-02,PENDING
C013244,SME,India,2024-10-28,VERIFIED
C013245,SME,UAE,2024-05-15,VERIFIED
C013246,SME,UAE,2024-11-28,VERIFIED
C013247,Consumer,India,2024-01-03,VERIFIED
C013248,Consumer,Singapore,2024-06-10,VERIFIED
C013249,Consumer,India,2025-05-26,VERIFIED
C013250,Consumer,India,2024-03-17,VERIFIED
C013251,SME,India,2024-07-03,VERIFIED
C013252,Consumer,UAE,2025-07-23,VERIFIED
C013253,Consumer,India,2025-04-24,VERIFIED
C013254,Consumer,India,2024-06-11,VERIFIED
C013255,Consumer,India,2024-01-21,VERIFIED
C013256,Consumer,India,2025-07-30,VERIFIED
C013257,Consumer,India,2025-07-31,VERIFIED
C013258,Consumer,India,2024-10-24,VERIFIED
C013259,Consumer,India,2024-10-25,VERIFIED
C013260,Consumer,India,2024-10-08,VERIFIED
C013261,SME,India,2025-04-16,VERIFIED
C013262,Consumer,India,2025-02-13,VERIFIED
C013263,SME,UAE,2025-01-26,VERIFIED
C013264,SME,India,2025-11-17,VERIFIED
C013265,Consumer,Singapore,2024-06-13,VERIFIED
C013266,Enterprise,India,2024-03-22,VERIFIED
C013267,Consumer,India,2025-10-19,VERIFIED
C013268,SME,India,2025-12-16,VERIFIED
C013269,Enterprise,Singapore,2024-06-12,VERIFIED
C013270,SME,UAE,2024-04-13,VERIFIED
C013271,Consumer,India,2024-05-09,VERIFIED
C013272,Consumer,India,2025-08-18,VERIFIED
C013273,Consumer,Singapore,2024-04-29,VERIFIED
C013274,Consumer,India,2024-09-15,VERIFIED
C013275,SME,Singapore,2024-04-13,VERIFIED
C013276,Consumer,India,2024-12-29,VERIFIED
C013277,Consumer,Singapore,2025-06-29,VERIFIED
C013278,SME,India,2025-01-03,VERIFIED
C013279,Consumer,India,2026-05-27,VERIFIED
C013280,SME,Singapore,2025-11-16,VERIFIED
C013281,SME,India,2024-11-21,VERIFIED
C013282,Consumer,India,2026-01-13,VERIFIED
C013283,Consumer,India,2024-07-03,VERIFIED
C013284,Consumer,India,2025-01-28,VERIFIED
C013285,Consumer,India,2024-12-09,PENDING
C013286,Enterprise,UAE,2025-06-13,VERIFIED
C013287,SME,Singapore,2025-02-20,PENDING
C013288,Consumer,India,2024-08-18,VERIFIED
C013289,Consumer,UAE,2024-05-14,VERIFIED
C013290,Consumer,India,2024-02-14,VERIFIED
C013291,Consumer,Singapore,2025-09-15,PENDING
C013292,Consumer,India,2025-05-06,VERIFIED
C013293,Consumer,Singapore,2025-08-17,VERIFIED
C013294,Consumer,Singapore,2025-02-25,VERIFIED
C013295,Consumer,India,2025-07-04,VERIFIED
C013296,Consumer,India,2026-02-04,VERIFIED
C013297,Enterprise,India,2024-05-24,VERIFIED
C013298,SME,India,2024-11-12,VERIFIED
C013299,Consumer,India,2025-07-16,VERIFIED
C013300,Consumer,India,2024-10-19,VERIFIED
C013301,Consumer,Singapore,2025-08-01,VERIFIED
C013302,Consumer,UAE,2025-06-19,VERIFIED
C013303,Consumer,India,2025-09-25,VERIFIED
C013304,SME,India,2025-04-10,PENDING
C013305,Consumer,UAE,2024-02-18,VERIFIED
C013306,SME,UAE,2025-10-22,VERIFIED
C013307,Consumer,India,2025-04-03,VERIFIED
C013308,Enterprise,India,2025-11-27,VERIFIED
C013309,Enterprise,Singapore,2026-01-31,PENDING
C013310,Consumer,Singapore,2025-02-28,VERIFIED
C013311,Consumer,India,2025-10-18,VERIFIED
C013312,Consumer,Singapore,2026-01-24,PENDING
C013313,Consumer,Singapore,2026-05-26,VERIFIED
C013314,SME,India,2026-05-19,VERIFIED
C013315,Consumer,Singapore,2025-10-22,PENDING
C013316,Consumer,India,2024-03-08,VERIFIED
C013317,Consumer,Singapore,2025-05-23,PENDING
C013318,Consumer,India,2026-01-05,VERIFIED
C013319,SME,India,2024-07-28,PENDING
C013320,Consumer,Singapore,2025-12-04,VERIFIED
C013321,SME,Singapore,2024-10-26,VERIFIED
C013322,Consumer,UAE,2024-05-03,VERIFIED
C013323,Consumer,India,2026-03-06,VERIFIED
C013324,Consumer,India,2024-10-18,VERIFIED
C013325,SME,UAE,2025-02-24,VERIFIED
C013326,Consumer,Singapore,2026-03-22,VERIFIED
C013327,Consumer,UAE,2024-02-19,VERIFIED
C013328,Consumer,India,2026-05-30,PENDING
C013329,Consumer,India,2024-07-01,VERIFIED
C013330,Enterprise,India,2024-09-03,VERIFIED
C013331,Consumer,UAE,2024-03-28,VERIFIED
C013332,Consumer,UAE,2025-10-11,VERIFIED
C013333,Consumer,India,2025-07-03,VERIFIED
C013334,SME,India,2025-07-14,VERIFIED
C013335,Consumer,India,2024-03-12,VERIFIED
C013336,SME,Singapore,2026-02-08,VERIFIED
C013337,SME,India,2025-07-09,VERIFIED
C013338,Consumer,Singapore,2024-10-17,VERIFIED
C013339,Consumer,India,2025-05-18,VERIFIED
C013340,Consumer,India,2025-09-19,VERIFIED
C013341,SME,India,2025-10-22,VERIFIED
C013342,Consumer,Singapore,2024-11-08,VERIFIED
C013343,Consumer,India,2026-05-08,VERIFIED
C013344,SME,UAE,2026-03-01,PENDING
C013345,Consumer,Singapore,2024-10-14,VERIFIED
C013346,Consumer,India,2025-12-30,VERIFIED
C013347,Consumer,India,2025-05-22,VERIFIED
C013348,Consumer,UAE,2024-03-11,VERIFIED
C013349,Consumer,India,2024-06-09,VERIFIED
C013350,Consumer,India,2026-02-23,VERIFIED
C013351,Enterprise,UAE,2024-05-06,VERIFIED
C013352,Consumer,Singapore,2025-03-31,VERIFIED
C013353,SME,India,2025-11-12,VERIFIED
C013354,SME,India,2025-06-12,VERIFIED
C013355,Consumer,UAE,2024-10-30,VERIFIED
C013356,SME,India,2025-05-04,VERIFIED
C013357,Consumer,India,2024-08-26,VERIFIED
C013358,Enterprise,India,2024-06-24,VERIFIED
C013359,SME,India,2024-07-28,VERIFIED
C013360,Consumer,UAE,2025-07-22,VERIFIED
C013361,Consumer,Singapore,2024-12-24,PENDING
C013362,Consumer,Singapore,2024-07-07,VERIFIED
C013363,Consumer,UAE,2025-05-23,REJECTED
C013364,Consumer,India,2025-07-09,VERIFIED
C013365,Consumer,India,2025-09-25,VERIFIED
C013366,Consumer,Singapore,2026-03-31,VERIFIED
C013367,Consumer,India,2024-02-02,VERIFIED
C013368,SME,India,2025-05-15,VERIFIED
C013369,SME,India,2024-11-07,VERIFIED
C013370,Consumer,India,2025-06-23,VERIFIED
C013371,SME,India,2024-05-30,VERIFIED
C013372,Consumer,India,2025-07-28,VERIFIED
C013373,Consumer,India,2025-06-02,VERIFIED
C013374,Consumer,India,2024-04-20,VERIFIED
C013375,Consumer,India,2025-10-03,VERIFIED
C013376,Consumer,India,2024-05-11,REJECTED
C013377,SME,UAE,2025-06-03,VERIFIED
C013378,Enterprise,UAE,2024-10-31,VERIFIED
C013379,SME,India,2024-01-29,VERIFIED
C013380,SME,UAE,2026-04-29,VERIFIED
C013381,Consumer,UAE,2026-04-02,VERIFIED
C013382,Consumer,India,2024-12-16,VERIFIED
C013383,SME,India,2025-06-01,VERIFIED
C013384,Consumer,UAE,2025-05-06,VERIFIED
C013385,Consumer,Singapore,2025-02-11,VERIFIED
C013386,Consumer,India,2025-05-22,VERIFIED
C013387,Consumer,Singapore,2025-09-15,VERIFIED
C013388,Consumer,India,2024-04-14,PENDING
C013389,Consumer,India,2025-12-19,VERIFIED
C013390,Consumer,India,2025-07-05,VERIFIED
C013391,Consumer,India,2026-02-18,VERIFIED
C013392,Consumer,India,2024-11-15,VERIFIED
C013393,Consumer,UAE,2024-02-15,VERIFIED
C013394,SME,India,2024-08-28,VERIFIED
C013395,Consumer,India,2024-09-26,VERIFIED
C013396,Consumer,India,2025-10-28,VERIFIED
C013397,Consumer,India,2025-09-19,VERIFIED
C013398,Consumer,UAE,2024-02-06,VERIFIED
C013399,Consumer,India,2024-07-23,VERIFIED
C013400,Consumer,India,2026-01-30,VERIFIED
C013401,Enterprise,India,2025-04-30,VERIFIED
C013402,SME,India,2024-04-19,VERIFIED
C013403,Consumer,India,2025-04-30,VERIFIED
C013404,Consumer,India,2024-11-13,VERIFIED
C013405,Consumer,India,2026-04-14,VERIFIED
C013406,Consumer,India,2025-08-14,VERIFIED
C013407,SME,UAE,2024-03-16,VERIFIED
C013408,SME,India,2026-02-20,VERIFIED
C013409,Consumer,India,2025-09-01,VERIFIED
C013410,SME,Singapore,2025-05-12,VERIFIED
C013411,Consumer,UAE,2025-04-23,VERIFIED
C013412,Consumer,India,2025-01-23,REJECTED
C013413,Consumer,UAE,2025-08-10,VERIFIED
C013414,Consumer,Singapore,2026-03-04,VERIFIED
C013415,Enterprise,India,2025-08-15,VERIFIED
C013416,Consumer,India,2024-12-29,VERIFIED
C013417,Consumer,India,2024-11-04,PENDING
C013418,Enterprise,India,2024-03-03,VERIFIED
C013419,SME,India,2024-09-23,VERIFIED
C013420,SME,Singapore,2024-02-02,VERIFIED
C013421,Enterprise,UAE,2026-03-19,VERIFIED
C013422,Consumer,India,2024-02-09,VERIFIED
C013423,SME,India,2025-11-16,VERIFIED
C013424,SME,India,2024-09-16,REJECTED
C013425,SME,Singapore,2026-01-05,REJECTED
C013426,SME,Singapore,2026-01-04,VERIFIED
C013427,Consumer,India,2024-09-23,PENDING
C013428,SME,Singapore,2025-10-28,VERIFIED
C013429,Consumer,India,2026-02-14,VERIFIED
C013430,Consumer,Singapore,2025-10-22,VERIFIED
C013431,Consumer,India,2024-08-12,VERIFIED
C013432,Enterprise,India,2025-01-17,VERIFIED
C013433,Consumer,India,2025-05-12,VERIFIED
C013434,Consumer,UAE,2025-09-30,VERIFIED
C013435,Consumer,India,2024-01-05,VERIFIED
C013436,Enterprise,UAE,2025-03-21,VERIFIED
C013437,Consumer,India,2024-10-14,VERIFIED
C013438,SME,India,2026-05-06,VERIFIED
C013439,SME,India,2024-02-27,VERIFIED
C013440,Consumer,Singapore,2024-03-12,VERIFIED
C013441,Consumer,Singapore,2025-10-28,VERIFIED
C013442,SME,UAE,2026-03-04,VERIFIED
C013443,Enterprise,Singapore,2025-11-10,VERIFIED
C013444,SME,Singapore,2025-06-24,VERIFIED
C013445,Consumer,UAE,2024-03-22,VERIFIED
C013446,SME,India,2026-02-13,VERIFIED
C013447,Consumer,UAE,2025-09-09,VERIFIED
C013448,Consumer,UAE,2024-10-03,VERIFIED
C013449,SME,India,2026-05-13,VERIFIED
C013450,Consumer,Singapore,2025-06-05,VERIFIED
C013451,SME,India,2025-07-27,VERIFIED
C013452,Consumer,India,2026-01-05,VERIFIED
C013453,SME,Singapore,2024-05-15,VERIFIED
C013454,Consumer,India,2026-01-05,VERIFIED
C013455,Consumer,India,2024-04-23,PENDING
C013456,SME,UAE,2026-02-10,VERIFIED
C013457,Consumer,India,2024-06-05,VERIFIED
C013458,Consumer,India,2025-01-30,VERIFIED
C013459,Enterprise,Singapore,2024-08-16,VERIFIED
C013460,Consumer,India,2025-09-03,VERIFIED
C013461,Enterprise,India,2024-09-11,VERIFIED
C013462,Consumer,India,2024-06-27,VERIFIED
C013463,Consumer,India,2026-02-25,VERIFIED
C013464,SME,India,2024-08-16,VERIFIED
C013465,SME,UAE,2025-01-01,VERIFIED
C013466,Consumer,India,2024-01-31,VERIFIED
C013467,Consumer,India,2024-04-17,VERIFIED
C013468,SME,UAE,2024-10-08,VERIFIED
C013469,Consumer,UAE,2025-09-12,VERIFIED
C013470,Consumer,India,2025-01-24,VERIFIED
C013471,Consumer,India,2025-06-24,VERIFIED
C013472,Consumer,Singapore,2025-06-12,VERIFIED
C013473,Consumer,Singapore,2025-02-07,VERIFIED
C013474,Consumer,Singapore,2024-06-18,VERIFIED
C013475,Consumer,India,2026-05-27,VERIFIED
C013476,Consumer,India,2024-06-23,VERIFIED
C013477,Consumer,India,2024-03-14,VERIFIED
C013478,SME,Singapore,2025-03-29,VERIFIED
C013479,Consumer,Singapore,2025-05-23,VERIFIED
C013480,SME,India,2024-08-27,VERIFIED
C013481,SME,India,2024-04-05,VERIFIED
C013482,Consumer,UAE,2025-05-28,VERIFIED
C013483,Consumer,India,2024-07-20,VERIFIED
C013484,Consumer,India,2024-02-06,VERIFIED
C013485,SME,Singapore,2024-03-31,VERIFIED
C013486,Enterprise,India,2024-08-20,VERIFIED
C013487,Consumer,India,2025-10-20,VERIFIED
C013488,SME,India,2026-03-19,VERIFIED
C013489,Consumer,India,2024-09-09,VERIFIED
C013490,Consumer,India,2025-01-05,VERIFIED
C013491,SME,UAE,2025-12-24,PENDING
C013492,Consumer,India,2025-03-19,VERIFIED
C013493,Consumer,Singapore,2025-03-16,REJECTED
C013494,Consumer,India,2024-03-04,VERIFIED
C013495,SME,India,2024-01-05,VERIFIED
C013496,Consumer,Singapore,2025-10-19,VERIFIED
C013497,Enterprise,India,2024-03-12,VERIFIED
C013498,Consumer,Singapore,2025-01-31,VERIFIED
C013499,Consumer,India,2025-09-08,VERIFIED
C013500,SME,India,2024-11-25,VERIFIED
C013501,Consumer,India,2025-07-01,VERIFIED
C013502,SME,Singapore,2024-05-26,VERIFIED
C013503,Consumer,India,2025-02-18,VERIFIED
C013504,Consumer,UAE,2026-02-06,VERIFIED
C013505,Consumer,India,2026-01-09,VERIFIED
C013506,Enterprise,India,2024-12-14,VERIFIED
C013507,Consumer,India,2024-12-30,VERIFIED
C013508,SME,India,2026-03-01,PENDING
C013509,Consumer,India,2025-02-19,VERIFIED
C013510,Consumer,Singapore,2025-09-16,VERIFIED
C013511,Consumer,India,2025-05-21,VERIFIED
C013512,Enterprise,India,2025-06-06,VERIFIED
C013513,SME,UAE,2025-12-06,VERIFIED
C013514,SME,India,2026-01-05,VERIFIED
C013515,Consumer,India,2024-09-06,VERIFIED
C013516,Consumer,India,2024-09-05,VERIFIED
C013517,Consumer,India,2024-12-16,VERIFIED
C013518,Enterprise,India,2024-09-25,VERIFIED
C013519,Consumer,India,2026-05-03,VERIFIED
C013520,Consumer,India,2025-03-23,VERIFIED
C013521,Consumer,Singapore,2026-03-13,VERIFIED
C013522,Consumer,Singapore,2024-03-23,VERIFIED
C013523,Consumer,Singapore,2025-06-24,VERIFIED
C013524,SME,India,2025-02-10,VERIFIED
C013525,Consumer,India,2024-12-04,VERIFIED
C013526,SME,India,2024-03-20,VERIFIED
C013527,SME,India,2024-04-04,VERIFIED
C013528,Consumer,India,2024-09-15,VERIFIED
C013529,Consumer,India,2024-05-01,VERIFIED
C013530,Consumer,India,2024-05-03,VERIFIED
C013531,Enterprise,Singapore,2025-06-18,VERIFIED
C013532,Consumer,India,2025-12-28,VERIFIED
C013533,Consumer,UAE,2024-10-15,VERIFIED
C013534,Consumer,Singapore,2025-04-06,VERIFIED
C013535,Consumer,India,2024-04-01,VERIFIED
C013536,Consumer,India,2024-01-24,VERIFIED
C013537,Consumer,India,2024-04-16,PENDING
C013538,SME,Singapore,2026-03-28,VERIFIED
C013539,SME,India,2024-02-21,VERIFIED
C013540,Consumer,India,2025-12-11,VERIFIED
C013541,Consumer,India,2024-10-20,VERIFIED
C013542,SME,India,2024-10-26,VERIFIED
C013543,Consumer,UAE,2024-12-10,VERIFIED
C013544,SME,India,2025-01-16,VERIFIED
C013545,Consumer,India,2025-07-21,VERIFIED
C013546,SME,India,2024-07-12,VERIFIED
C013547,Consumer,UAE,2025-07-10,VERIFIED
C013548,Consumer,Singapore,2025-03-11,VERIFIED
C013549,SME,Singapore,2025-01-19,VERIFIED
C013550,Consumer,Singapore,2026-05-04,VERIFIED
C013551,Consumer,UAE,2026-01-20,VERIFIED
C013552,Consumer,India,2025-01-06,VERIFIED
C013553,SME,India,2026-01-13,VERIFIED
C013554,Consumer,India,2024-11-15,VERIFIED
C013555,SME,India,2024-08-26,VERIFIED
C013556,Consumer,India,2025-01-26,VERIFIED
C013557,Consumer,India,2025-10-09,VERIFIED
C013558,SME,India,2024-10-11,PENDING
C013559,Consumer,Singapore,2024-01-13,REJECTED
C013560,Consumer,India,2025-01-19,VERIFIED
C013561,Consumer,India,2025-06-24,VERIFIED
C013562,Consumer,Singapore,2025-11-20,VERIFIED
C013563,Consumer,India,2024-10-19,VERIFIED
C013564,Consumer,Singapore,2024-09-13,VERIFIED
C013565,Consumer,India,2024-04-17,VERIFIED
C013566,Consumer,UAE,2025-08-03,REJECTED
C013567,Consumer,UAE,2025-11-18,REJECTED
C013568,Consumer,India,2024-07-01,VERIFIED
C013569,Enterprise,Singapore,2026-01-23,VERIFIED
C013570,SME,India,2025-12-06,VERIFIED
C013571,Consumer,India,2025-01-01,VERIFIED
C013572,Consumer,Singapore,2026-04-10,VERIFIED
C013573,Enterprise,Singapore,2025-06-17,VERIFIED
C013574,Consumer,India,2026-05-11,VERIFIED
C013575,Consumer,India,2025-06-06,VERIFIED
C013576,SME,Singapore,2024-10-11,VERIFIED
C013577,Consumer,India,2026-05-23,VERIFIED
C013578,Consumer,UAE,2024-09-15,VERIFIED
C013579,Enterprise,Singapore,2024-06-21,VERIFIED
C013580,SME,India,2025-12-17,VERIFIED
C013581,Consumer,India,2026-01-29,PENDING
C013582,Consumer,India,2026-02-09,VERIFIED
C013583,Consumer,UAE,2024-11-25,VERIFIED
C013584,SME,Singapore,2025-03-27,VERIFIED
C013585,Consumer,India,2026-02-20,VERIFIED
C013586,Consumer,India,2025-04-15,VERIFIED
C013587,Enterprise,Singapore,2024-03-21,VERIFIED
C013588,Consumer,India,2024-11-16,VERIFIED
C013589,Consumer,Singapore,2025-03-16,VERIFIED
C013590,Consumer,India,2025-02-02,VERIFIED
C013591,Consumer,UAE,2024-07-06,VERIFIED
C013592,Consumer,Singapore,2025-03-13,VERIFIED
C013593,Enterprise,India,2026-04-29,PENDING
C013594,SME,UAE,2025-03-23,VERIFIED
C013595,Consumer,India,2026-01-12,VERIFIED
C013596,Consumer,India,2025-04-14,VERIFIED
C013597,Consumer,India,2025-06-23,VERIFIED
C013598,Consumer,Singapore,2026-05-11,VERIFIED
C013599,Consumer,UAE,2025-04-05,VERIFIED
C013600,Enterprise,Singapore,2026-04-14,VERIFIED
C013601,Consumer,Singapore,2025-05-29,VERIFIED
C013602,Consumer,India,2024-08-24,VERIFIED
C013603,Consumer,India,2024-06-29,VERIFIED
C013604,Consumer,India,2025-02-13,VERIFIED
C013605,Consumer,UAE,2025-05-30,VERIFIED
C013606,Consumer,UAE,2026-05-09,VERIFIED
C013607,Consumer,India,2024-03-12,VERIFIED
C013608,SME,Singapore,2024-06-30,VERIFIED
C013609,Consumer,India,2024-04-13,VERIFIED
C013610,Consumer,India,2024-09-28,VERIFIED
C013611,Consumer,India,2024-10-13,VERIFIED
C013612,SME,Singapore,2024-03-27,VERIFIED
C013613,Consumer,India,2025-01-20,VERIFIED
C013614,Consumer,UAE,2024-03-13,REJECTED
C013615,Consumer,India,2025-08-25,VERIFIED
C013616,SME,India,2025-11-15,VERIFIED
C013617,Consumer,India,2024-11-05,VERIFIED
C013618,Consumer,UAE,2025-11-29,VERIFIED
C013619,Consumer,India,2025-03-18,VERIFIED
C013620,Consumer,Singapore,2024-08-23,VERIFIED
C013621,Consumer,India,2025-11-04,PENDING
C013622,Consumer,India,2025-08-07,REJECTED
C013623,SME,Singapore,2026-01-06,VERIFIED
C013624,Consumer,India,2024-08-17,VERIFIED
C013625,Consumer,Singapore,2024-09-10,VERIFIED
C013626,Consumer,India,2025-11-04,VERIFIED
C013627,Consumer,Singapore,2024-12-20,VERIFIED
C013628,Consumer,Singapore,2026-01-31,VERIFIED
C013629,SME,UAE,2025-05-09,VERIFIED
C013630,Enterprise,India,2025-02-13,PENDING
C013631,Consumer,Singapore,2024-07-17,VERIFIED
C013632,Consumer,India,2025-03-04,VERIFIED
C013633,Consumer,India,2026-01-21,VERIFIED
C013634,SME,India,2026-01-18,VERIFIED
C013635,SME,India,2025-04-19,VERIFIED
C013636,SME,UAE,2025-08-10,VERIFIED
C013637,SME,Singapore,2024-12-07,VERIFIED
C013638,Consumer,India,2025-04-18,VERIFIED
C013639,Consumer,UAE,2026-03-17,VERIFIED
C013640,SME,India,2025-01-31,VERIFIED
C013641,Consumer,Singapore,2025-03-01,VERIFIED
C013642,Consumer,UAE,2024-02-14,VERIFIED
C013643,SME,UAE,2024-12-08,VERIFIED
C013644,Consumer,India,2025-11-21,VERIFIED
C013645,SME,Singapore,2026-01-03,REJECTED
C013646,Consumer,India,2024-01-17,VERIFIED
C013647,SME,UAE,2024-08-06,VERIFIED
C013648,SME,India,2025-08-18,PENDING
C013649,Consumer,Singapore,2024-07-09,VERIFIED
C013650,SME,India,2025-01-25,VERIFIED
C013651,Consumer,Singapore,2025-03-14,VERIFIED
C013652,Consumer,India,2025-10-05,VERIFIED
C013653,Consumer,Singapore,2025-05-11,VERIFIED
C013654,Consumer,Singapore,2026-03-09,VERIFIED
C013655,Consumer,UAE,2024-04-03,VERIFIED
C013656,Enterprise,Singapore,2024-04-04,VERIFIED
C013657,Consumer,India,2025-11-26,VERIFIED
C013658,Consumer,UAE,2025-10-05,VERIFIED
C013659,Consumer,India,2024-03-22,VERIFIED
C013660,Consumer,Singapore,2024-12-05,VERIFIED
C013661,SME,UAE,2026-03-18,PENDING
C013662,Consumer,India,2024-12-25,VERIFIED
C013663,Consumer,UAE,2024-04-21,VERIFIED
C013664,SME,Singapore,2024-10-29,PENDING
C013665,Consumer,India,2026-03-28,VERIFIED
C013666,SME,India,2024-02-20,VERIFIED
C013667,Consumer,India,2026-03-16,VERIFIED
C013668,Consumer,UAE,2025-12-01,VERIFIED
C013669,SME,India,2025-12-20,VERIFIED
C013670,SME,India,2025-10-22,VERIFIED
C013671,Consumer,India,2026-02-15,VERIFIED
C013672,Consumer,India,2024-10-07,VERIFIED
C013673,Consumer,Singapore,2024-04-22,VERIFIED
C013674,Consumer,India,2024-02-05,VERIFIED
C013675,Enterprise,UAE,2025-09-14,PENDING
C013676,Consumer,India,2025-11-13,PENDING
C013677,Consumer,India,2024-03-18,PENDING
C013678,SME,India,2026-04-28,VERIFIED
C013679,Consumer,UAE,2025-06-23,VERIFIED
C013680,Consumer,India,2024-02-14,VERIFIED
C013681,Enterprise,India,2026-05-22,VERIFIED
C013682,SME,India,2024-10-30,VERIFIED
C013683,SME,India,2025-01-26,VERIFIED
C013684,Consumer,Singapore,2025-10-15,VERIFIED
C013685,SME,Singapore,2024-01-15,VERIFIED
C013686,Consumer,India,2025-10-01,REJECTED
C013687,Consumer,India,2024-06-15,VERIFIED
C013688,Enterprise,Singapore,2025-10-26,VERIFIED
C013689,Consumer,India,2024-03-03,PENDING
C013690,SME,India,2025-07-24,PENDING
C013691,Consumer,India,2024-07-21,VERIFIED
C013692,Consumer,India,2024-06-05,VERIFIED
C013693,SME,India,2025-05-29,VERIFIED
C013694,Consumer,India,2025-07-04,VERIFIED
C013695,SME,India,2024-10-04,VERIFIED
C013696,Consumer,India,2024-04-10,PENDING
C013697,Enterprise,Singapore,2024-06-17,VERIFIED
C013698,Consumer,UAE,2025-06-15,VERIFIED
C013699,Consumer,UAE,2025-02-06,VERIFIED
C013700,Consumer,UAE,2024-05-20,VERIFIED
C013701,Enterprise,India,2024-12-12,VERIFIED
C013702,SME,India,2026-02-25,VERIFIED
C013703,SME,UAE,2026-04-13,VERIFIED
C013704,Consumer,India,2024-07-11,VERIFIED
C013705,Consumer,India,2024-05-31,VERIFIED
C013706,Consumer,India,2026-01-17,VERIFIED
C013707,Consumer,India,2026-03-16,VERIFIED
C013708,Consumer,UAE,2025-01-20,VERIFIED
C013709,Enterprise,Singapore,2024-07-26,VERIFIED
C013710,SME,Singapore,2025-07-02,REJECTED
C013711,Consumer,Singapore,2025-01-22,VERIFIED
C013712,Consumer,India,2024-03-18,VERIFIED
C013713,SME,Singapore,2024-06-20,VERIFIED
C013714,Consumer,India,2025-07-10,VERIFIED
C013715,Consumer,Singapore,2024-12-02,VERIFIED
C013716,Consumer,India,2025-08-18,VERIFIED
C013717,Consumer,Singapore,2025-03-06,VERIFIED
C013718,SME,UAE,2025-08-27,REJECTED
C013719,Consumer,India,2025-05-03,VERIFIED
C013720,Consumer,India,2025-10-27,VERIFIED
C013721,Consumer,India,2024-04-15,VERIFIED
C013722,SME,India,2026-05-19,VERIFIED
C013723,Consumer,India,2024-07-27,VERIFIED
C013724,Consumer,Singapore,2025-12-16,VERIFIED
C013725,Enterprise,India,2026-01-29,VERIFIED
C013726,Enterprise,India,2024-12-13,VERIFIED
C013727,Enterprise,Singapore,2024-12-17,PENDING
C013728,SME,India,2026-01-07,PENDING
C013729,Consumer,India,2026-04-27,VERIFIED
C013730,Consumer,Singapore,2024-02-17,VERIFIED
C013731,Consumer,Singapore,2024-09-02,VERIFIED
C013732,Consumer,India,2024-01-31,VERIFIED
C013733,Enterprise,India,2025-11-25,REJECTED
C013734,SME,India,2025-04-19,VERIFIED
C013735,SME,India,2025-04-21,VERIFIED
C013736,Consumer,India,2024-09-13,VERIFIED
C013737,Enterprise,Singapore,2024-05-05,VERIFIED
C013738,SME,UAE,2024-08-06,PENDING
C013739,Consumer,India,2024-09-01,REJECTED
C013740,SME,India,2025-04-24,PENDING
C013741,Consumer,India,2025-03-18,VERIFIED
C013742,Consumer,India,2025-10-12,VERIFIED
C013743,SME,Singapore,2025-05-15,VERIFIED
C013744,SME,UAE,2024-08-14,VERIFIED
C013745,Consumer,India,2026-03-24,VERIFIED
C013746,Consumer,India,2026-02-07,VERIFIED
C013747,Enterprise,Singapore,2024-09-11,VERIFIED
C013748,SME,India,2024-03-10,VERIFIED
C013749,SME,India,2025-03-30,VERIFIED
C013750,Consumer,India,2025-07-31,PENDING
C013751,Consumer,India,2024-01-02,VERIFIED
C013752,Consumer,India,2025-05-09,VERIFIED
C013753,Consumer,UAE,2024-11-20,VERIFIED
C013754,Consumer,India,2026-02-19,VERIFIED
C013755,Consumer,India,2025-02-06,VERIFIED
C013756,Consumer,Singapore,2026-04-30,VERIFIED
C013757,Consumer,India,2026-03-25,VERIFIED
C013758,SME,India,2024-05-08,VERIFIED
C013759,Consumer,India,2025-04-27,VERIFIED
C013760,Consumer,India,2024-05-25,VERIFIED
C013761,Consumer,Singapore,2025-09-16,PENDING
C013762,Consumer,India,2026-03-10,PENDING
C013763,Consumer,UAE,2024-04-05,VERIFIED
C013764,Enterprise,Singapore,2025-05-15,VERIFIED
C013765,SME,India,2025-03-31,VERIFIED
C013766,Consumer,India,2026-02-17,VERIFIED
C013767,Consumer,India,2025-02-07,VERIFIED
C013768,Consumer,India,2024-01-08,VERIFIED
C013769,SME,India,2024-08-07,VERIFIED
C013770,Consumer,India,2025-12-25,VERIFIED
C013771,Consumer,UAE,2024-04-11,VERIFIED
C013772,SME,India,2025-11-08,VERIFIED
C013773,SME,India,2026-02-12,VERIFIED
C013774,SME,India,2024-01-02,VERIFIED
C013775,SME,India,2025-12-14,VERIFIED
C013776,Enterprise,UAE,2025-05-04,VERIFIED
C013777,Consumer,Singapore,2026-04-20,VERIFIED
C013778,Consumer,India,2025-11-25,VERIFIED
C013779,SME,UAE,2026-02-09,REJECTED
C013780,SME,Singapore,2026-04-13,PENDING
C013781,Enterprise,Singapore,2026-01-09,VERIFIED
C013782,Consumer,UAE,2024-07-18,VERIFIED
C013783,Consumer,Singapore,2024-01-26,VERIFIED
C013784,Consumer,India,2024-12-15,VERIFIED
C013785,Consumer,India,2024-04-11,VERIFIED
C013786,Consumer,India,2025-10-09,VERIFIED
C013787,SME,India,2024-11-26,VERIFIED
C013788,Consumer,UAE,2026-05-06,VERIFIED
C013789,SME,Singapore,2025-01-06,VERIFIED
C013790,SME,UAE,2024-07-15,VERIFIED
C013791,Consumer,India,2025-05-24,VERIFIED
C013792,Consumer,Singapore,2024-01-30,VERIFIED
C013793,Consumer,Singapore,2024-10-25,VERIFIED
C013794,SME,Singapore,2024-05-12,VERIFIED
C013795,SME,Singapore,2026-02-06,REJECTED
C013796,SME,India,2025-06-15,VERIFIED
C013797,Enterprise,India,2024-11-03,VERIFIED
C013798,Consumer,UAE,2024-01-21,VERIFIED
C013799,Enterprise,India,2024-02-10,VERIFIED
C013800,SME,India,2025-05-12,VERIFIED
C013801,SME,India,2026-05-25,VERIFIED
C013802,Consumer,India,2025-04-16,VERIFIED
C013803,Enterprise,Singapore,2025-10-25,VERIFIED
C013804,Consumer,Singapore,2024-11-03,VERIFIED
C013805,SME,UAE,2025-04-03,VERIFIED
C013806,Consumer,India,2025-05-28,VERIFIED
C013807,Consumer,India,2025-05-17,VERIFIED
C013808,Consumer,UAE,2024-02-13,VERIFIED
C013809,Consumer,UAE,2024-02-10,VERIFIED
C013810,Consumer,UAE,2026-04-17,VERIFIED
C013811,SME,Singapore,2024-09-19,VERIFIED
C013812,Consumer,India,2024-10-20,VERIFIED
C013813,Consumer,India,2025-11-15,VERIFIED
C013814,Consumer,UAE,2024-01-09,VERIFIED
C013815,Consumer,UAE,2024-02-22,VERIFIED
C013816,Consumer,Singapore,2026-03-06,VERIFIED
C013817,Consumer,India,2024-05-07,PENDING
C013818,Consumer,Singapore,2025-06-14,VERIFIED
C013819,SME,India,2025-10-05,VERIFIED
C013820,Consumer,India,2025-06-08,VERIFIED
C013821,Consumer,India,2026-01-01,VERIFIED
C013822,Consumer,UAE,2026-02-17,VERIFIED
C013823,Enterprise,India,2026-01-26,PENDING
C013824,Consumer,India,2026-02-08,VERIFIED
C013825,Consumer,India,2024-05-19,VERIFIED
C013826,Consumer,Singapore,2026-01-28,VERIFIED
C013827,Consumer,India,2024-08-19,VERIFIED
C013828,Consumer,UAE,2025-07-21,PENDING
C013829,Consumer,India,2024-03-28,VERIFIED
C013830,Consumer,India,2026-02-04,VERIFIED
C013831,Consumer,Singapore,2025-07-17,VERIFIED
C013832,Consumer,India,2026-01-28,VERIFIED
C013833,SME,India,2026-02-02,VERIFIED
C013834,Enterprise,India,2025-09-28,VERIFIED
C013835,Consumer,Singapore,2024-07-19,VERIFIED
C013836,Consumer,India,2025-01-22,VERIFIED
C013837,Enterprise,India,2024-12-26,PENDING
C013838,SME,Singapore,2024-05-11,VERIFIED
C013839,Consumer,India,2024-06-25,VERIFIED
C013840,SME,India,2024-02-21,VERIFIED
C013841,Consumer,India,2025-06-29,VERIFIED
C013842,Consumer,Singapore,2024-01-22,VERIFIED
C013843,Consumer,India,2025-10-14,VERIFIED
C013844,Consumer,UAE,2024-11-14,VERIFIED
C013845,Consumer,Singapore,2026-02-21,VERIFIED
C013846,Consumer,India,2024-06-16,VERIFIED
C013847,SME,UAE,2024-02-07,VERIFIED
C013848,Consumer,India,2026-05-22,VERIFIED
C013849,Consumer,India,2026-01-27,VERIFIED
C013850,Consumer,Singapore,2026-01-16,VERIFIED
C013851,Consumer,India,2025-07-20,VERIFIED
C013852,Consumer,India,2025-01-07,REJECTED
C013853,Enterprise,India,2025-09-23,VERIFIED
C013854,Consumer,India,2025-07-31,VERIFIED
C013855,Consumer,India,2026-04-13,VERIFIED
C013856,SME,Singapore,2025-03-02,VERIFIED
C013857,Consumer,Singapore,2026-04-19,VERIFIED
C013858,SME,India,2024-06-14,VERIFIED
C013859,Consumer,India,2025-12-22,VERIFIED
C013860,Consumer,India,2025-05-16,VERIFIED
C013861,Consumer,India,2024-03-15,VERIFIED
C013862,Consumer,India,2025-03-15,VERIFIED
C013863,Consumer,India,2025-10-07,VERIFIED
C013864,SME,India,2024-09-21,VERIFIED
C013865,SME,India,2025-02-09,VERIFIED
C013866,SME,Singapore,2025-11-16,VERIFIED
C013867,SME,India,2024-08-30,PENDING
C013868,Consumer,UAE,2025-08-23,VERIFIED
C013869,Consumer,UAE,2026-01-31,VERIFIED
C013870,Consumer,UAE,2025-06-26,VERIFIED
C013871,SME,UAE,2024-10-03,VERIFIED
C013872,Consumer,Singapore,2025-07-03,VERIFIED
C013873,SME,Singapore,2024-11-03,VERIFIED
C013874,SME,India,2025-02-06,PENDING
C013875,Consumer,Singapore,2025-10-11,VERIFIED
C013876,Consumer,Singapore,2025-03-05,VERIFIED
C013877,Consumer,India,2024-03-16,PENDING
C013878,Consumer,Singapore,2024-12-04,PENDING
C013879,SME,India,2026-02-03,VERIFIED
C013880,Enterprise,India,2025-03-25,REJECTED
C013881,Consumer,India,2024-03-19,VERIFIED
C013882,Consumer,Singapore,2024-02-07,VERIFIED
C013883,SME,UAE,2024-11-13,PENDING
C013884,Consumer,UAE,2024-11-23,VERIFIED
C013885,Consumer,Singapore,2025-03-05,VERIFIED
C013886,Enterprise,India,2024-06-11,VERIFIED
C013887,SME,UAE,2024-12-23,VERIFIED
C013888,Consumer,India,2025-10-01,PENDING
C013889,Consumer,UAE,2025-10-31,VERIFIED
C013890,SME,India,2024-11-24,VERIFIED
C013891,SME,India,2026-04-10,VERIFIED
C013892,SME,Singapore,2025-02-17,VERIFIED
C013893,Consumer,Singapore,2026-05-30,VERIFIED
C013894,Enterprise,India,2025-08-17,VERIFIED
C013895,Consumer,Singapore,2025-04-20,VERIFIED
C013896,SME,India,2025-03-31,VERIFIED
C013897,Consumer,India,2025-12-29,VERIFIED
C013898,Consumer,Singapore,2025-12-14,VERIFIED
C013899,Enterprise,India,2026-02-28,VERIFIED
C013900,Consumer,Singapore,2024-05-31,VERIFIED
C013901,Consumer,India,2025-06-21,VERIFIED
C013902,SME,India,2025-02-18,VERIFIED
C013903,Consumer,India,2024-12-08,PENDING
C013904,SME,India,2026-02-04,VERIFIED
C013905,Consumer,India,2025-01-20,VERIFIED
C013906,Consumer,Singapore,2026-02-01,VERIFIED
C013907,Enterprise,UAE,2024-06-15,VERIFIED
C013908,Consumer,UAE,2026-05-14,VERIFIED
C013909,SME,Singapore,2025-04-16,VERIFIED
C013910,Consumer,India,2024-05-19,VERIFIED
C013911,SME,India,2024-08-16,VERIFIED
C013912,Consumer,India,2024-03-13,VERIFIED
C013913,Consumer,India,2025-03-03,VERIFIED
C013914,SME,UAE,2024-10-25,VERIFIED
C013915,Consumer,India,2024-08-23,VERIFIED
C013916,SME,India,2025-12-07,VERIFIED
C013917,SME,India,2025-08-22,VERIFIED
C013918,SME,India,2024-04-06,VERIFIED
C013919,Enterprise,India,2025-04-22,VERIFIED
C013920,Consumer,Singapore,2025-11-08,VERIFIED
C013921,Consumer,India,2025-05-05,PENDING
C013922,Consumer,Singapore,2024-10-22,VERIFIED
C013923,Consumer,India,2025-02-09,PENDING
C013924,Consumer,Singapore,2025-12-15,VERIFIED
C013925,Consumer,Singapore,2025-03-22,VERIFIED
C013926,Consumer,Singapore,2025-11-29,VERIFIED
C013927,Consumer,India,2024-10-01,VERIFIED
C013928,Consumer,India,2024-01-20,PENDING
C013929,SME,UAE,2025-08-07,VERIFIED
C013930,Consumer,India,2025-03-02,VERIFIED
C013931,Consumer,India,2026-04-29,VERIFIED
C013932,SME,India,2024-12-26,VERIFIED
C013933,Consumer,Singapore,2024-11-05,VERIFIED
C013934,Enterprise,India,2025-08-16,VERIFIED
C013935,Consumer,Singapore,2026-03-18,VERIFIED
C013936,Consumer,India,2024-12-21,VERIFIED
C013937,SME,India,2024-01-27,VERIFIED
C013938,SME,India,2025-10-14,VERIFIED
C013939,Consumer,India,2024-02-16,VERIFIED
C013940,SME,India,2025-03-31,VERIFIED
C013941,Consumer,India,2024-04-21,VERIFIED
C013942,Consumer,India,2026-01-16,VERIFIED
C013943,Consumer,Singapore,2025-10-24,VERIFIED
C013944,Consumer,Singapore,2025-01-09,VERIFIED
C013945,Consumer,India,2024-11-10,VERIFIED
C013946,Enterprise,India,2026-04-24,VERIFIED
C013947,Consumer,India,2024-05-05,VERIFIED
C013948,Consumer,India,2024-01-07,VERIFIED
C013949,Consumer,India,2025-07-15,VERIFIED
C013950,SME,UAE,2024-12-25,VERIFIED
C013951,Enterprise,Singapore,2025-07-31,VERIFIED
C013952,SME,Singapore,2024-12-27,VERIFIED
C013953,Enterprise,India,2025-11-09,VERIFIED
C013954,SME,Singapore,2026-02-02,PENDING
C013955,Enterprise,Singapore,2026-02-13,VERIFIED
C013956,SME,India,2025-12-08,VERIFIED
C013957,Consumer,UAE,2025-11-25,VERIFIED
C013958,Consumer,India,2024-09-20,VERIFIED
C013959,SME,India,2026-03-10,VERIFIED
C013960,Consumer,India,2024-10-01,VERIFIED
C013961,Consumer,Singapore,2025-09-21,VERIFIED
C013962,Consumer,Singapore,2025-01-30,VERIFIED
C013963,Enterprise,Singapore,2024-11-08,VERIFIED
C013964,Consumer,UAE,2026-05-08,VERIFIED
C013965,SME,India,2025-05-06,VERIFIED
C013966,SME,India,2026-02-27,VERIFIED
C013967,Enterprise,Singapore,2025-02-07,VERIFIED
C013968,Enterprise,UAE,2025-01-11,VERIFIED
C013969,SME,India,2025-10-05,PENDING
C013970,Consumer,UAE,2025-10-20,PENDING
C013971,Consumer,India,2025-06-24,VERIFIED
C013972,Consumer,Singapore,2026-04-18,VERIFIED
C013973,SME,Singapore,2024-11-15,VERIFIED
C013974,SME,Singapore,2024-08-12,PENDING
C013975,SME,India,2025-03-31,VERIFIED
C013976,Consumer,India,2025-10-12,VERIFIED
C013977,Consumer,India,2024-10-15,VERIFIED
C013978,Consumer,Singapore,2024-10-07,VERIFIED
C013979,Consumer,Singapore,2025-02-20,VERIFIED
C013980,Consumer,UAE,2025-04-28,VERIFIED
C013981,Consumer,India,2025-06-21,VERIFIED
C013982,SME,India,2026-03-14,VERIFIED
C013983,Consumer,India,2026-02-17,VERIFIED
C013984,Consumer,India,2026-03-08,VERIFIED
C013985,Enterprise,Singapore,2024-11-08,VERIFIED
C013986,Consumer,Singapore,2025-08-31,VERIFIED
C013987,Consumer,UAE,2025-10-11,VERIFIED
C013988,Consumer,India,2026-03-03,VERIFIED
C013989,Consumer,India,2025-08-30,VERIFIED
C013990,Consumer,India,2024-02-26,PENDING
C013991,Consumer,Singapore,2024-05-02,VERIFIED
C013992,Consumer,UAE,2026-01-12,VERIFIED
C013993,Consumer,India,2024-10-16,VERIFIED
C013994,Consumer,India,2025-08-20,VERIFIED
C013995,SME,Singapore,2024-11-05,VERIFIED
C013996,Consumer,Singapore,2025-07-16,VERIFIED
C013997,Enterprise,India,2024-08-15,VERIFIED
C013998,Consumer,Singapore,2024-01-06,VERIFIED
C013999,Consumer,India,2025-03-18,VERIFIED
C014000,SME,UAE,2024-11-05,VERIFIED
C014001,Consumer,India,2026-02-23,REJECTED
C014002,Consumer,India,2026-05-05,VERIFIED
C014003,SME,India,2024-01-02,VERIFIED
C014004,Consumer,India,2026-02-26,VERIFIED
C014005,SME,India,2025-08-25,VERIFIED
C014006,Enterprise,Singapore,2026-02-12,VERIFIED
C014007,Consumer,India,2026-01-23,VERIFIED
C014008,Consumer,Singapore,2025-01-09,VERIFIED
C014009,Consumer,India,2024-09-02,VERIFIED
C014010,Enterprise,India,2025-04-16,VERIFIED
C014011,SME,UAE,2025-08-13,VERIFIED
C014012,Enterprise,Singapore,2026-04-02,PENDING
C014013,Consumer,India,2024-10-30,VERIFIED
C014014,SME,India,2024-02-27,VERIFIED
C014015,Consumer,Singapore,2024-08-12,VERIFIED
C014016,Consumer,India,2025-03-01,VERIFIED
C014017,Enterprise,India,2024-07-20,VERIFIED
C014018,Consumer,India,2025-06-01,PENDING
C014019,Enterprise,India,2024-01-30,VERIFIED
C014020,Consumer,India,2024-05-30,VERIFIED
C014021,SME,Singapore,2025-07-01,VERIFIED
C014022,Consumer,India,2024-04-19,VERIFIED
C014023,Consumer,India,2024-04-30,VERIFIED
C014024,Consumer,Singapore,2024-08-28,VERIFIED
C014025,Consumer,Singapore,2026-02-09,VERIFIED
C014026,Consumer,India,2025-08-24,VERIFIED
C014027,SME,UAE,2024-01-30,VERIFIED
C014028,Consumer,Singapore,2025-04-10,VERIFIED
C014029,Consumer,India,2025-04-09,VERIFIED
C014030,Consumer,India,2024-08-24,VERIFIED
C014031,Consumer,Singapore,2025-01-05,VERIFIED
C014032,SME,India,2025-11-12,VERIFIED
C014033,SME,India,2024-05-28,VERIFIED
C014034,Consumer,Singapore,2025-01-08,VERIFIED
C014035,Consumer,India,2025-08-22,VERIFIED
C014036,SME,Singapore,2025-05-30,VERIFIED
C014037,Consumer,India,2025-03-08,VERIFIED
C014038,Consumer,India,2024-09-08,VERIFIED
C014039,Consumer,India,2025-04-17,VERIFIED
C014040,Consumer,India,2025-07-16,VERIFIED
C014041,Consumer,Singapore,2025-06-19,VERIFIED
C014042,Consumer,Singapore,2024-02-15,VERIFIED
C014043,Consumer,India,2025-09-19,VERIFIED
C014044,Consumer,UAE,2025-06-22,VERIFIED
C014045,Consumer,India,2025-08-29,VERIFIED
C014046,Consumer,India,2026-05-28,VERIFIED
C014047,Consumer,India,2025-03-10,VERIFIED
C014048,Consumer,India,2025-09-02,VERIFIED
C014049,Enterprise,Singapore,2025-09-19,PENDING
C014050,Consumer,India,2024-10-02,VERIFIED
C014051,SME,India,2026-04-27,VERIFIED
C014052,Consumer,India,2025-05-22,VERIFIED
C014053,SME,Singapore,2024-04-04,VERIFIED
C014054,Consumer,UAE,2025-12-11,VERIFIED
C014055,Consumer,Singapore,2024-05-25,VERIFIED
C014056,SME,India,2025-10-28,VERIFIED
C014057,Consumer,India,2026-02-20,VERIFIED
C014058,SME,India,2025-02-05,VERIFIED
C014059,Consumer,India,2026-04-12,VERIFIED
C014060,Enterprise,Singapore,2025-05-18,VERIFIED
C014061,SME,India,2025-02-18,VERIFIED
C014062,Enterprise,India,2024-10-02,PENDING
C014063,Consumer,India,2024-11-21,VERIFIED
C014064,Consumer,India,2024-09-12,VERIFIED
C014065,SME,India,2025-07-10,VERIFIED
C014066,SME,India,2025-05-27,VERIFIED
C014067,Enterprise,India,2024-05-26,VERIFIED
C014068,Consumer,UAE,2024-10-21,VERIFIED
C014069,SME,India,2025-01-09,VERIFIED
C014070,Consumer,UAE,2025-10-28,VERIFIED
C014071,Consumer,Singapore,2024-02-25,VERIFIED
C014072,Consumer,Singapore,2024-08-13,VERIFIED
C014073,Consumer,India,2025-06-02,VERIFIED
C014074,Enterprise,India,2024-01-20,VERIFIED
C014075,Consumer,Singapore,2024-06-07,VERIFIED
C014076,SME,India,2025-04-14,VERIFIED
C014077,Consumer,India,2026-05-01,VERIFIED
C014078,Consumer,India,2025-08-13,VERIFIED
C014079,Consumer,Singapore,2024-12-31,VERIFIED
C014080,Consumer,UAE,2024-01-01,VERIFIED
C014081,Consumer,India,2026-04-27,VERIFIED
C014082,SME,India,2024-08-16,VERIFIED
C014083,Enterprise,UAE,2025-12-25,VERIFIED
C014084,Consumer,India,2024-10-09,PENDING
C014085,Consumer,India,2026-01-29,VERIFIED
C014086,Consumer,India,2024-04-28,VERIFIED
C014087,SME,UAE,2024-08-14,VERIFIED
C014088,Consumer,India,2024-01-24,VERIFIED
C014089,Consumer,India,2025-12-02,VERIFIED
C014090,Consumer,India,2024-11-03,VERIFIED
C014091,Enterprise,UAE,2024-11-02,PENDING
C014092,Consumer,UAE,2025-07-22,VERIFIED
C014093,Consumer,India,2025-05-08,VERIFIED
C014094,Enterprise,UAE,2025-05-22,VERIFIED
C014095,SME,India,2024-11-06,VERIFIED
C014096,SME,India,2026-03-31,VERIFIED
C014097,Consumer,UAE,2024-03-29,VERIFIED
C014098,Enterprise,India,2024-10-01,VERIFIED
C014099,SME,India,2025-09-12,VERIFIED
C014100,SME,India,2025-10-14,VERIFIED
C014101,SME,Singapore,2026-03-07,VERIFIED
C014102,SME,UAE,2025-04-24,VERIFIED
C014103,Consumer,UAE,2025-04-01,VERIFIED
C014104,Consumer,India,2026-01-25,PENDING
C014105,SME,UAE,2025-08-08,PENDING
C014106,Consumer,India,2024-12-20,VERIFIED
C014107,Consumer,Singapore,2024-09-18,VERIFIED
C014108,Consumer,Singapore,2024-06-24,VERIFIED
C014109,SME,India,2025-02-07,VERIFIED
C014110,Consumer,India,2024-08-17,VERIFIED
C014111,SME,India,2025-08-10,VERIFIED
C014112,Consumer,Singapore,2024-11-18,PENDING
C014113,Consumer,India,2025-11-25,VERIFIED
C014114,Consumer,India,2026-02-24,VERIFIED
C014115,Consumer,India,2024-10-03,VERIFIED
C014116,Consumer,India,2026-01-08,PENDING
C014117,Consumer,Singapore,2025-11-07,VERIFIED
C014118,Consumer,India,2024-10-01,VERIFIED
C014119,Enterprise,India,2024-08-04,VERIFIED
C014120,Consumer,Singapore,2026-04-03,VERIFIED
C014121,SME,UAE,2024-07-08,VERIFIED
C014122,Consumer,India,2024-01-18,VERIFIED
C014123,SME,India,2026-01-13,VERIFIED
C014124,Consumer,UAE,2025-02-17,VERIFIED
C014125,SME,India,2024-07-02,VERIFIED
C014126,SME,UAE,2025-09-09,REJECTED
C014127,SME,India,2024-08-30,VERIFIED
C014128,Consumer,India,2025-03-01,VERIFIED
C014129,SME,India,2024-02-22,VERIFIED
C014130,Consumer,India,2024-08-13,VERIFIED
C014131,Consumer,UAE,2025-12-14,VERIFIED
C014132,Consumer,UAE,2025-08-20,VERIFIED
C014133,Consumer,UAE,2025-07-15,VERIFIED
C014134,Consumer,UAE,2026-02-10,VERIFIED
C014135,SME,UAE,2024-11-14,VERIFIED
C014136,Consumer,Singapore,2025-12-07,VERIFIED
C014137,Consumer,UAE,2025-01-03,PENDING
C014138,Consumer,India,2024-09-04,VERIFIED
C014139,SME,India,2025-07-21,VERIFIED
C014140,Consumer,Singapore,2024-06-25,PENDING
C014141,Consumer,UAE,2025-04-20,VERIFIED
C014142,SME,Singapore,2025-10-23,VERIFIED
C014143,Consumer,UAE,2024-01-13,VERIFIED
C014144,Consumer,India,2024-12-26,VERIFIED
C014145,Consumer,Singapore,2024-10-15,VERIFIED
C014146,SME,UAE,2025-03-06,VERIFIED
C014147,SME,India,2025-07-29,VERIFIED
C014148,Consumer,UAE,2024-12-04,VERIFIED
C014149,Consumer,India,2025-09-08,VERIFIED
C014150,Consumer,Singapore,2026-01-20,VERIFIED
C014151,SME,UAE,2024-02-03,VERIFIED
C014152,SME,India,2024-11-19,VERIFIED
C014153,Consumer,India,2025-07-04,VERIFIED
C014154,Consumer,India,2025-03-31,VERIFIED
C014155,SME,India,2024-08-12,VERIFIED
C014156,SME,India,2025-10-02,VERIFIED
C014157,SME,India,2024-05-12,VERIFIED
C014158,Consumer,UAE,2025-04-24,VERIFIED
C014159,SME,India,2025-07-05,VERIFIED
C014160,Consumer,India,2026-04-10,VERIFIED
C014161,Consumer,UAE,2024-08-08,VERIFIED
C014162,Consumer,UAE,2025-02-04,VERIFIED
C014163,SME,Singapore,2025-08-28,VERIFIED
C014164,Consumer,Singapore,2025-09-02,VERIFIED
C014165,Consumer,India,2024-02-29,VERIFIED
C014166,Consumer,India,2025-10-02,VERIFIED
C014167,Consumer,India,2024-05-11,VERIFIED
C014168,SME,Singapore,2025-01-27,VERIFIED
C014169,Consumer,India,2026-03-23,VERIFIED
C014170,Consumer,Singapore,2025-08-03,VERIFIED
C014171,SME,India,2024-01-14,VERIFIED
C014172,Consumer,India,2025-03-10,VERIFIED
C014173,SME,India,2025-04-18,VERIFIED
C014174,SME,Singapore,2024-05-30,VERIFIED
C014175,Enterprise,India,2025-11-16,VERIFIED
C014176,SME,India,2025-04-14,VERIFIED
C014177,Consumer,India,2025-02-14,VERIFIED
C014178,Consumer,India,2024-12-10,VERIFIED
C014179,Consumer,Singapore,2026-03-14,VERIFIED
C014180,Consumer,India,2024-07-14,VERIFIED
C014181,Consumer,India,2025-06-27,VERIFIED
C014182,Consumer,UAE,2024-03-13,VERIFIED
C014183,SME,India,2024-07-12,REJECTED
C014184,Consumer,India,2025-07-15,PENDING
C014185,Consumer,India,2025-07-22,VERIFIED
C014186,Consumer,India,2025-09-20,PENDING
C014187,Consumer,India,2024-07-10,VERIFIED
C014188,Enterprise,Singapore,2025-03-05,VERIFIED
C014189,Consumer,Singapore,2025-05-15,VERIFIED
C014190,Consumer,India,2024-08-04,REJECTED
C014191,Consumer,Singapore,2025-09-14,VERIFIED
C014192,Consumer,India,2025-04-29,VERIFIED
C014193,Consumer,India,2025-08-23,VERIFIED
C014194,SME,Singapore,2024-12-25,VERIFIED
C014195,Consumer,India,2026-04-01,VERIFIED
C014196,Consumer,India,2024-11-04,VERIFIED
C014197,Consumer,UAE,2025-10-30,VERIFIED
C014198,SME,India,2025-02-24,VERIFIED
C014199,SME,India,2025-08-03,VERIFIED
C014200,Consumer,Singapore,2026-02-20,VERIFIED
C014201,Consumer,Singapore,2026-01-06,VERIFIED
C014202,SME,Singapore,2025-02-14,VERIFIED
C014203,SME,India,2025-05-31,VERIFIED
C014204,SME,India,2024-08-30,PENDING
C014205,SME,India,2025-09-21,VERIFIED
C014206,SME,India,2024-06-20,VERIFIED
C014207,Consumer,India,2025-10-16,VERIFIED
C014208,SME,Singapore,2026-04-14,VERIFIED
C014209,Enterprise,India,2026-02-07,VERIFIED
C014210,Consumer,India,2025-04-04,VERIFIED
C014211,Consumer,India,2024-12-30,VERIFIED
C014212,Enterprise,UAE,2026-04-09,PENDING
C014213,Consumer,UAE,2024-03-18,VERIFIED
C014214,SME,UAE,2025-07-22,VERIFIED
C014215,Consumer,India,2025-05-04,VERIFIED
C014216,Consumer,India,2025-06-15,VERIFIED
C014217,Consumer,India,2025-06-09,VERIFIED
C014218,Consumer,Singapore,2024-07-24,VERIFIED
C014219,Consumer,India,2026-01-18,VERIFIED
C014220,Consumer,India,2025-11-23,VERIFIED
C014221,SME,India,2024-10-17,VERIFIED
C014222,Enterprise,India,2025-12-01,VERIFIED
C014223,Consumer,India,2025-05-18,VERIFIED
C014224,Consumer,India,2025-10-20,VERIFIED
C014225,Consumer,India,2026-05-01,VERIFIED
C014226,Consumer,India,2025-07-07,VERIFIED
C014227,Consumer,India,2025-03-03,VERIFIED
C014228,Consumer,Singapore,2025-04-15,VERIFIED
C014229,Consumer,India,2026-05-15,REJECTED
C014230,Consumer,Singapore,2025-05-27,VERIFIED
C014231,Consumer,India,2024-11-19,VERIFIED
C014232,SME,India,2025-09-07,VERIFIED
C014233,Consumer,Singapore,2024-09-11,VERIFIED
C014234,SME,UAE,2025-12-21,VERIFIED
C014235,Enterprise,India,2025-12-30,VERIFIED
C014236,Enterprise,India,2025-08-12,VERIFIED
C014237,Enterprise,India,2024-02-20,VERIFIED
C014238,Consumer,India,2026-03-10,VERIFIED
C014239,Consumer,India,2024-04-09,VERIFIED
C014240,Consumer,India,2025-12-24,VERIFIED
C014241,SME,India,2025-04-08,VERIFIED
C014242,SME,India,2025-05-13,VERIFIED
C014243,SME,Singapore,2024-08-24,VERIFIED
C014244,Consumer,Singapore,2026-03-17,VERIFIED
C014245,SME,India,2025-04-16,VERIFIED
C014246,Consumer,UAE,2025-02-01,PENDING
C014247,Consumer,Singapore,2024-06-05,VERIFIED
C014248,SME,India,2024-10-24,VERIFIED
C014249,Consumer,India,2024-01-14,VERIFIED
C014250,Enterprise,Singapore,2024-04-25,VERIFIED
C014251,Consumer,India,2024-05-18,VERIFIED
C014252,SME,UAE,2024-03-15,VERIFIED
C014253,Consumer,India,2026-03-25,VERIFIED
C014254,SME,India,2024-12-25,VERIFIED
C014255,SME,UAE,2024-01-24,VERIFIED
C014256,Enterprise,UAE,2025-02-09,VERIFIED
C014257,Consumer,India,2025-11-19,VERIFIED
C014258,Enterprise,Singapore,2025-07-20,VERIFIED
C014259,Consumer,India,2025-12-25,VERIFIED
C014260,Consumer,Singapore,2024-11-21,VERIFIED
C014261,Consumer,UAE,2024-11-29,VERIFIED
C014262,SME,India,2024-11-24,VERIFIED
C014263,Consumer,India,2025-11-05,VERIFIED
C014264,SME,India,2024-10-26,VERIFIED
C014265,SME,India,2025-11-06,VERIFIED
C014266,Consumer,India,2024-03-29,VERIFIED
C014267,Enterprise,Singapore,2024-01-15,VERIFIED
C014268,Consumer,India,2024-10-27,VERIFIED
C014269,SME,India,2025-09-25,VERIFIED
C014270,Consumer,Singapore,2024-11-13,VERIFIED
C014271,Consumer,India,2026-05-09,VERIFIED
C014272,Consumer,India,2024-06-26,VERIFIED
C014273,Consumer,India,2025-04-06,VERIFIED
C014274,Consumer,India,2024-09-25,VERIFIED
C014275,Consumer,India,2024-04-14,VERIFIED
C014276,Consumer,Singapore,2025-11-01,VERIFIED
C014277,Consumer,India,2025-05-31,VERIFIED
C014278,Consumer,Singapore,2024-12-04,VERIFIED
C014279,SME,Singapore,2025-01-26,VERIFIED
C014280,Consumer,Singapore,2024-05-20,VERIFIED
C014281,SME,India,2024-06-17,VERIFIED
C014282,SME,India,2024-01-17,VERIFIED
C014283,SME,UAE,2025-06-27,VERIFIED
C014284,SME,India,2024-01-05,VERIFIED
C014285,Consumer,India,2024-05-16,PENDING
C014286,SME,Singapore,2025-09-10,VERIFIED
C014287,Consumer,Singapore,2024-06-10,VERIFIED
C014288,SME,India,2026-02-07,VERIFIED
C014289,SME,Singapore,2025-11-10,VERIFIED
C014290,Consumer,India,2025-04-07,PENDING
C014291,SME,India,2025-03-13,VERIFIED
C014292,Consumer,Singapore,2025-01-16,VERIFIED
C014293,Consumer,Singapore,2026-03-10,VERIFIED
C014294,Consumer,UAE,2025-01-16,PENDING
C014295,SME,India,2025-04-26,VERIFIED
C014296,SME,Singapore,2024-12-20,VERIFIED
C014297,SME,India,2024-09-01,VERIFIED
C014298,Consumer,India,2025-09-16,VERIFIED
C014299,Consumer,Singapore,2025-11-20,VERIFIED
C014300,SME,India,2025-04-20,PENDING
C014301,Consumer,India,2025-04-09,VERIFIED
C014302,SME,India,2024-07-08,VERIFIED
C014303,Consumer,India,2025-05-08,VERIFIED
C014304,Consumer,India,2025-06-06,VERIFIED
C014305,Consumer,India,2025-06-18,VERIFIED
C014306,SME,India,2025-09-22,VERIFIED
C014307,Consumer,India,2024-10-08,VERIFIED
C014308,Consumer,Singapore,2026-04-10,VERIFIED
C014309,Consumer,UAE,2025-03-05,VERIFIED
C014310,Consumer,India,2025-08-03,PENDING
C014311,Consumer,India,2026-05-07,VERIFIED
C014312,Consumer,Singapore,2025-10-07,VERIFIED
C014313,SME,India,2024-09-09,PENDING
C014314,Consumer,India,2025-07-16,VERIFIED
C014315,SME,Singapore,2024-02-12,VERIFIED
C014316,SME,India,2025-04-26,VERIFIED
C014317,Consumer,India,2024-05-20,VERIFIED
C014318,Consumer,India,2025-05-25,VERIFIED
C014319,SME,India,2025-06-20,VERIFIED
C014320,Consumer,India,2024-09-26,VERIFIED
C014321,Consumer,Singapore,2024-12-26,VERIFIED
C014322,Consumer,Singapore,2025-09-07,VERIFIED
C014323,Consumer,India,2024-10-21,VERIFIED
C014324,Consumer,UAE,2025-10-26,VERIFIED
C014325,Enterprise,Singapore,2025-04-19,VERIFIED
C014326,SME,India,2026-03-26,PENDING
C014327,Consumer,India,2025-04-16,VERIFIED
C014328,Consumer,India,2026-03-27,VERIFIED
C014329,Consumer,UAE,2024-06-09,PENDING
C014330,Consumer,India,2026-03-05,VERIFIED
C014331,Consumer,Singapore,2024-02-14,REJECTED
C014332,Consumer,India,2026-03-09,VERIFIED
C014333,Consumer,India,2026-04-10,REJECTED
C014334,Consumer,India,2026-05-29,VERIFIED
C014335,Consumer,Singapore,2025-11-08,VERIFIED
C014336,Enterprise,India,2024-07-25,VERIFIED
C014337,Consumer,India,2024-04-17,VERIFIED
C014338,Enterprise,India,2025-05-18,VERIFIED
C014339,Consumer,UAE,2025-03-17,VERIFIED
C014340,Consumer,Singapore,2024-03-05,VERIFIED
C014341,Consumer,India,2024-09-23,VERIFIED
C014342,Consumer,UAE,2025-02-02,VERIFIED
C014343,Consumer,India,2026-05-14,VERIFIED
C014344,Enterprise,India,2025-11-27,VERIFIED
C014345,Enterprise,India,2026-05-29,VERIFIED
C014346,Consumer,India,2024-08-11,VERIFIED
C014347,Consumer,India,2025-10-26,VERIFIED
C014348,Consumer,Singapore,2024-10-15,VERIFIED
C014349,Consumer,Singapore,2024-10-11,VERIFIED
C014350,Consumer,Singapore,2024-07-04,PENDING
C014351,Consumer,Singapore,2024-08-13,PENDING
C014352,Consumer,Singapore,2024-07-18,VERIFIED
C014353,Consumer,India,2025-05-18,VERIFIED
C014354,Consumer,Singapore,2024-01-11,VERIFIED
C014355,Consumer,Singapore,2026-04-16,VERIFIED
C014356,Consumer,UAE,2025-05-12,VERIFIED
C014357,Enterprise,India,2024-10-03,VERIFIED
C014358,Consumer,India,2024-01-03,VERIFIED
C014359,SME,Singapore,2026-05-11,VERIFIED
C014360,SME,Singapore,2026-02-28,VERIFIED
C014361,Enterprise,India,2025-07-27,VERIFIED
C014362,SME,India,2024-01-05,VERIFIED
C014363,SME,India,2025-06-04,VERIFIED
C014364,SME,UAE,2025-07-23,VERIFIED
C014365,Consumer,India,2024-10-06,VERIFIED
C014366,Consumer,India,2025-02-26,VERIFIED
C014367,Enterprise,India,2024-08-25,VERIFIED
C014368,SME,India,2024-11-12,VERIFIED
C014369,Enterprise,India,2024-05-06,REJECTED
C014370,SME,Singapore,2024-10-30,VERIFIED
C014371,SME,UAE,2026-01-18,VERIFIED
C014372,SME,India,2025-12-31,VERIFIED
C014373,SME,Singapore,2024-06-26,VERIFIED
C014374,Consumer,India,2026-04-09,VERIFIED
C014375,Enterprise,India,2025-05-04,VERIFIED
C014376,SME,India,2025-03-12,PENDING
C014377,SME,India,2025-10-22,VERIFIED
C014378,SME,Singapore,2024-02-07,REJECTED
C014379,Consumer,India,2025-09-21,VERIFIED
C014380,Consumer,UAE,2025-04-27,VERIFIED
C014381,Enterprise,Singapore,2024-11-10,VERIFIED
C014382,Consumer,Singapore,2025-04-28,VERIFIED
C014383,Consumer,UAE,2024-04-06,VERIFIED
C014384,Consumer,UAE,2024-01-17,VERIFIED
C014385,SME,India,2026-04-16,VERIFIED
C014386,SME,India,2025-03-22,VERIFIED
C014387,SME,India,2024-10-05,PENDING
C014388,SME,Singapore,2026-05-20,VERIFIED
C014389,Consumer,India,2025-03-27,VERIFIED
C014390,Consumer,UAE,2025-10-27,VERIFIED
C014391,Consumer,India,2025-08-28,VERIFIED
C014392,SME,India,2025-11-17,VERIFIED
C014393,Consumer,India,2026-03-24,VERIFIED
C014394,SME,Singapore,2024-01-29,PENDING
C014395,Consumer,India,2025-06-29,VERIFIED
C014396,Consumer,India,2024-01-10,VERIFIED
C014397,Enterprise,India,2026-02-26,VERIFIED
C014398,Consumer,India,2026-03-12,VERIFIED
C014399,SME,India,2024-04-10,VERIFIED
C014400,Consumer,India,2025-10-14,VERIFIED
C014401,Consumer,India,2024-03-27,VERIFIED
C014402,Consumer,India,2025-04-14,VERIFIED
C014403,Consumer,UAE,2024-10-27,VERIFIED
C014404,SME,UAE,2025-10-01,VERIFIED
C014405,Consumer,India,2024-07-24,VERIFIED
C014406,Consumer,India,2025-08-23,VERIFIED
C014407,Consumer,India,2024-03-22,PENDING
C014408,Consumer,UAE,2024-07-30,VERIFIED
C014409,SME,India,2024-04-28,VERIFIED
C014410,Consumer,India,2026-05-09,VERIFIED
C014411,Consumer,India,2024-05-15,VERIFIED
C014412,SME,India,2026-02-11,PENDING
C014413,Consumer,India,2026-02-26,PENDING
C014414,Consumer,Singapore,2025-01-11,VERIFIED
C014415,Consumer,India,2025-03-03,VERIFIED
C014416,Consumer,India,2025-12-20,REJECTED
C014417,SME,India,2024-11-09,VERIFIED
C014418,Consumer,Singapore,2025-02-07,VERIFIED
C014419,Enterprise,India,2024-08-30,VERIFIED
C014420,Consumer,India,2024-12-10,PENDING
C014421,Enterprise,Singapore,2025-09-03,VERIFIED
C014422,Consumer,UAE,2025-09-18,PENDING
C014423,SME,India,2026-04-21,VERIFIED
C014424,Consumer,India,2025-02-27,VERIFIED
C014425,Consumer,India,2024-01-16,VERIFIED
C014426,SME,UAE,2025-05-30,VERIFIED
C014427,SME,India,2024-09-22,VERIFIED
C014428,Consumer,India,2025-07-13,VERIFIED
C014429,Consumer,India,2026-01-04,VERIFIED
C014430,Consumer,India,2025-12-16,REJECTED
C014431,Enterprise,India,2024-01-20,VERIFIED
C014432,SME,UAE,2026-03-10,VERIFIED
C014433,Consumer,India,2025-12-06,VERIFIED
C014434,SME,UAE,2026-04-07,PENDING
C014435,Enterprise,India,2024-01-11,VERIFIED
C014436,Consumer,UAE,2024-01-20,VERIFIED
C014437,SME,Singapore,2024-10-05,VERIFIED
C014438,Consumer,India,2024-11-28,VERIFIED
C014439,SME,Singapore,2025-06-30,VERIFIED
C014440,Consumer,India,2025-02-04,VERIFIED
C014441,Consumer,India,2026-02-16,VERIFIED
C014442,Consumer,India,2026-01-13,VERIFIED
C014443,Consumer,India,2024-02-07,VERIFIED
C014444,SME,Singapore,2024-03-23,VERIFIED
C014445,Consumer,Singapore,2024-02-01,VERIFIED
C014446,Consumer,India,2024-02-23,PENDING
C014447,SME,UAE,2026-01-06,VERIFIED
C014448,Consumer,UAE,2026-04-04,VERIFIED
C014449,Consumer,India,2025-09-10,VERIFIED
C014450,Enterprise,India,2025-06-20,VERIFIED
C014451,SME,India,2024-02-14,VERIFIED
C014452,Consumer,Singapore,2025-09-21,PENDING
C014453,Consumer,India,2024-10-20,VERIFIED
C014454,Enterprise,India,2024-05-04,VERIFIED
C014455,Consumer,Singapore,2025-07-01,VERIFIED
C014456,Consumer,Singapore,2024-12-09,VERIFIED
C014457,Consumer,India,2025-02-26,VERIFIED
C014458,Consumer,UAE,2024-06-15,VERIFIED
C014459,SME,Singapore,2024-09-25,VERIFIED
C014460,SME,India,2024-07-12,VERIFIED
C014461,Enterprise,Singapore,2024-05-03,VERIFIED
C014462,SME,India,2024-09-27,VERIFIED
C014463,Consumer,India,2024-02-27,VERIFIED
C014464,Consumer,India,2026-05-29,VERIFIED
C014465,Enterprise,India,2024-02-28,VERIFIED
C014466,Consumer,India,2025-03-25,VERIFIED
C014467,Consumer,India,2026-03-30,VERIFIED
C014468,Enterprise,Singapore,2024-08-04,VERIFIED
C014469,Consumer,Singapore,2025-08-03,VERIFIED
C014470,Consumer,India,2025-04-26,VERIFIED
C014471,SME,India,2024-08-31,VERIFIED
C014472,Enterprise,Singapore,2024-04-12,VERIFIED
C014473,Consumer,India,2025-05-31,VERIFIED
C014474,SME,India,2026-03-21,PENDING
C014475,Consumer,India,2024-09-20,VERIFIED
C014476,Consumer,Singapore,2024-08-28,VERIFIED
C014477,Enterprise,UAE,2026-04-25,VERIFIED
C014478,Enterprise,Singapore,2026-05-10,VERIFIED
C014479,Consumer,India,2026-01-03,VERIFIED
C014480,Consumer,Singapore,2026-04-10,VERIFIED
C014481,Consumer,India,2024-08-16,REJECTED
C014482,Consumer,India,2025-03-27,VERIFIED
C014483,Consumer,India,2025-03-30,VERIFIED
C014484,Consumer,Singapore,2025-06-27,VERIFIED
C014485,Consumer,India,2026-05-14,VERIFIED
C014486,Consumer,India,2025-01-08,VERIFIED
C014487,Consumer,Singapore,2024-01-24,VERIFIED
C014488,SME,UAE,2024-11-01,VERIFIED
C014489,Consumer,Singapore,2025-01-08,VERIFIED
C014490,Consumer,India,2024-07-05,VERIFIED
C014491,SME,UAE,2025-10-01,VERIFIED
C014492,SME,Singapore,2024-04-21,VERIFIED
C014493,Consumer,India,2025-05-07,VERIFIED
C014494,Consumer,India,2024-10-20,VERIFIED
C014495,SME,India,2025-02-25,PENDING
C014496,Consumer,India,2024-05-28,VERIFIED
C014497,SME,India,2024-05-30,VERIFIED
C014498,Consumer,India,2024-06-22,VERIFIED
C014499,Consumer,India,2024-07-15,VERIFIED
C014500,Consumer,India,2024-09-11,VERIFIED
C014501,SME,Singapore,2025-02-17,REJECTED
C014502,Enterprise,India,2024-06-16,VERIFIED
C014503,Consumer,India,2024-03-22,VERIFIED
C014504,Consumer,Singapore,2024-03-10,VERIFIED
C014505,Consumer,India,2026-04-16,VERIFIED
C014506,Consumer,India,2025-03-01,PENDING
C014507,SME,India,2025-02-05,VERIFIED
C014508,Consumer,UAE,2025-06-08,VERIFIED
C014509,Enterprise,UAE,2025-09-22,VERIFIED
C014510,SME,Singapore,2024-07-30,VERIFIED
C014511,Enterprise,Singapore,2024-04-11,VERIFIED
C014512,SME,India,2026-02-27,VERIFIED
C014513,Consumer,UAE,2025-12-08,VERIFIED
C014514,Consumer,UAE,2025-08-11,VERIFIED
C014515,Consumer,India,2024-12-03,VERIFIED
C014516,Consumer,Singapore,2024-11-28,VERIFIED
C014517,Consumer,India,2024-07-23,PENDING
C014518,Consumer,India,2025-05-01,VERIFIED
C014519,Enterprise,UAE,2024-08-16,VERIFIED
C014520,Consumer,Singapore,2024-07-07,VERIFIED
C014521,SME,India,2024-04-08,VERIFIED
C014522,Enterprise,Singapore,2025-02-14,VERIFIED
C014523,SME,UAE,2025-12-30,PENDING
C014524,Consumer,Singapore,2025-04-04,VERIFIED
C014525,Consumer,India,2024-07-12,VERIFIED
C014526,Consumer,India,2025-07-08,VERIFIED
C014527,Consumer,UAE,2025-09-27,VERIFIED
C014528,Consumer,India,2024-01-20,VERIFIED
C014529,SME,UAE,2024-11-06,VERIFIED
C014530,Consumer,Singapore,2026-04-21,VERIFIED
C014531,Consumer,Singapore,2026-04-19,VERIFIED
C014532,Enterprise,India,2025-11-10,PENDING
C014533,Consumer,India,2025-07-11,VERIFIED
C014534,Consumer,Singapore,2026-01-04,VERIFIED
C014535,SME,India,2024-03-19,VERIFIED
C014536,Consumer,Singapore,2024-06-18,VERIFIED
C014537,Consumer,Singapore,2024-09-02,VERIFIED
C014538,Consumer,India,2026-02-21,VERIFIED
C014539,SME,Singapore,2025-04-16,VERIFIED
C014540,Consumer,India,2024-04-08,PENDING
C014541,Consumer,India,2024-11-17,VERIFIED
C014542,Consumer,India,2024-05-20,VERIFIED
C014543,Consumer,UAE,2024-04-18,PENDING
C014544,Consumer,India,2024-11-08,REJECTED
C014545,Consumer,India,2025-10-10,VERIFIED
C014546,Consumer,India,2024-04-30,VERIFIED
C014547,Consumer,India,2024-04-08,VERIFIED
C014548,Consumer,India,2025-07-31,VERIFIED
C014549,Consumer,India,2025-05-08,VERIFIED
C014550,SME,Singapore,2024-05-23,REJECTED
C014551,Consumer,India,2024-04-19,VERIFIED
C014552,Consumer,Singapore,2025-04-28,VERIFIED
C014553,SME,India,2024-05-09,VERIFIED
C014554,SME,UAE,2025-02-03,VERIFIED
C014555,Consumer,India,2026-04-19,VERIFIED
C014556,Consumer,UAE,2025-05-20,REJECTED
C014557,Consumer,Singapore,2026-02-07,VERIFIED
C014558,Consumer,Singapore,2024-07-28,PENDING
C014559,SME,UAE,2026-01-27,VERIFIED
C014560,Consumer,India,2024-12-26,VERIFIED
C014561,SME,Singapore,2024-06-02,PENDING
C014562,Consumer,India,2025-10-06,VERIFIED
C014563,Consumer,Singapore,2025-06-16,VERIFIED
C014564,SME,UAE,2025-06-30,VERIFIED
C014565,Consumer,UAE,2024-12-25,VERIFIED
C014566,Consumer,India,2024-11-05,VERIFIED
C014567,Enterprise,India,2025-04-18,VERIFIED
C014568,SME,India,2026-01-05,PENDING
C014569,SME,India,2025-09-27,VERIFIED
C014570,Consumer,India,2026-01-21,VERIFIED
C014571,Consumer,India,2026-05-25,VERIFIED
C014572,Enterprise,UAE,2024-10-26,VERIFIED
C014573,Consumer,India,2024-12-06,VERIFIED
C014574,SME,Singapore,2024-01-04,VERIFIED
C014575,Consumer,India,2025-09-26,VERIFIED
C014576,Consumer,Singapore,2025-07-07,VERIFIED
C014577,Enterprise,UAE,2024-06-17,VERIFIED
C014578,Consumer,Singapore,2025-02-23,VERIFIED
C014579,Consumer,India,2024-10-06,VERIFIED
C014580,Consumer,India,2026-01-06,VERIFIED
C014581,Consumer,UAE,2025-01-23,VERIFIED
C014582,Consumer,India,2024-07-03,VERIFIED
C014583,Consumer,Singapore,2024-11-18,VERIFIED
C014584,Consumer,India,2024-01-11,REJECTED
C014585,SME,India,2025-11-15,VERIFIED
C014586,Consumer,UAE,2025-08-30,VERIFIED
C014587,Enterprise,India,2024-10-04,VERIFIED
C014588,Consumer,India,2024-05-18,VERIFIED
C014589,Consumer,India,2025-11-08,VERIFIED
C014590,Consumer,UAE,2025-11-29,VERIFIED
C014591,SME,India,2024-03-26,VERIFIED
C014592,Enterprise,Singapore,2024-08-18,VERIFIED
C014593,SME,India,2025-03-26,VERIFIED
C014594,Consumer,UAE,2024-05-17,VERIFIED
C014595,Consumer,UAE,2025-06-14,VERIFIED
C014596,SME,India,2024-12-03,VERIFIED
C014597,Enterprise,India,2024-06-04,VERIFIED
C014598,Enterprise,India,2025-08-29,VERIFIED
C014599,Consumer,Singapore,2024-01-17,VERIFIED
C014600,Enterprise,India,2026-03-02,VERIFIED
C014601,Consumer,India,2024-09-17,VERIFIED
C014602,Consumer,India,2024-06-08,VERIFIED
C014603,Consumer,India,2024-11-04,REJECTED
C014604,Consumer,India,2024-03-21,PENDING
C014605,SME,UAE,2025-11-27,VERIFIED
C014606,SME,UAE,2024-07-31,VERIFIED
C014607,SME,India,2025-03-02,VERIFIED
C014608,SME,Singapore,2024-12-07,VERIFIED
C014609,Consumer,Singapore,2024-12-24,PENDING
C014610,SME,Singapore,2025-11-09,VERIFIED
C014611,Consumer,India,2024-07-24,VERIFIED
C014612,SME,India,2024-12-01,VERIFIED
C014613,SME,Singapore,2024-09-17,VERIFIED
C014614,SME,Singapore,2026-02-24,VERIFIED
C014615,Consumer,India,2026-01-17,VERIFIED
C014616,SME,India,2024-08-30,VERIFIED
C014617,Consumer,India,2026-01-01,VERIFIED
C014618,Consumer,India,2026-05-26,VERIFIED
C014619,SME,India,2026-05-08,PENDING
C014620,Consumer,India,2025-08-04,VERIFIED
C014621,SME,India,2025-01-29,VERIFIED
C014622,Consumer,UAE,2025-12-25,VERIFIED
C014623,Consumer,India,2024-12-02,REJECTED
C014624,SME,India,2026-03-09,VERIFIED
C014625,Consumer,India,2026-01-07,VERIFIED
C014626,Consumer,India,2026-02-19,VERIFIED
C014627,Consumer,India,2024-10-05,PENDING
C014628,Consumer,Singapore,2024-09-05,VERIFIED
C014629,SME,India,2026-04-12,VERIFIED
C014630,Consumer,UAE,2025-12-08,VERIFIED
C014631,SME,UAE,2024-01-30,VERIFIED
C014632,SME,Singapore,2026-03-25,VERIFIED
C014633,Consumer,Singapore,2024-05-10,VERIFIED
C014634,SME,Singapore,2025-06-07,VERIFIED
C014635,Consumer,India,2025-04-04,VERIFIED
C014636,Consumer,UAE,2025-01-29,VERIFIED
C014637,Consumer,India,2025-06-11,PENDING
C014638,Consumer,India,2025-02-16,VERIFIED
C014639,SME,India,2024-04-26,VERIFIED
C014640,SME,Singapore,2024-05-28,PENDING
C014641,Consumer,India,2024-04-18,VERIFIED
C014642,SME,UAE,2024-08-23,VERIFIED
C014643,SME,India,2026-04-05,VERIFIED
C014644,Consumer,UAE,2025-03-02,VERIFIED
C014645,SME,India,2025-05-31,VERIFIED
C014646,Consumer,India,2024-06-28,VERIFIED
C014647,SME,India,2026-04-28,VERIFIED
C014648,Consumer,India,2025-01-30,VERIFIED
C014649,SME,India,2024-01-01,VERIFIED
C014650,Consumer,UAE,2024-01-08,VERIFIED
C014651,Consumer,India,2024-05-23,VERIFIED
C014652,Consumer,Singapore,2025-10-16,VERIFIED
C014653,Consumer,India,2024-10-01,VERIFIED
C014654,SME,India,2025-10-26,REJECTED
C014655,Consumer,India,2024-10-13,VERIFIED
C014656,SME,India,2025-05-04,VERIFIED
C014657,SME,UAE,2025-10-03,VERIFIED
C014658,SME,Singapore,2025-09-24,VERIFIED
C014659,Consumer,India,2025-07-24,VERIFIED
C014660,Enterprise,Singapore,2025-12-29,PENDING
C014661,SME,India,2024-01-31,VERIFIED
C014662,SME,Singapore,2025-03-27,VERIFIED
C014663,Consumer,UAE,2024-08-31,VERIFIED
C014664,Consumer,UAE,2024-05-19,VERIFIED
C014665,Consumer,India,2025-02-04,VERIFIED
C014666,Consumer,India,2025-12-25,VERIFIED
C014667,Consumer,India,2025-06-24,VERIFIED
C014668,Consumer,UAE,2024-06-12,VERIFIED
C014669,SME,UAE,2024-04-13,VERIFIED
C014670,Consumer,India,2024-03-03,VERIFIED
C014671,Consumer,Singapore,2024-01-15,VERIFIED
C014672,SME,UAE,2026-03-08,VERIFIED
C014673,Consumer,India,2025-05-08,VERIFIED
C014674,SME,UAE,2024-06-27,VERIFIED
C014675,Consumer,India,2025-06-06,VERIFIED
C014676,Consumer,India,2025-03-16,PENDING
C014677,Consumer,India,2025-06-08,VERIFIED
C014678,SME,India,2025-12-27,VERIFIED
C014679,Consumer,UAE,2025-05-02,VERIFIED
C014680,SME,India,2024-11-06,VERIFIED
C014681,Consumer,India,2026-01-07,VERIFIED
C014682,Consumer,India,2025-07-28,VERIFIED
C014683,SME,India,2026-02-05,VERIFIED
C014684,Consumer,Singapore,2024-05-09,VERIFIED
C014685,SME,India,2025-04-10,VERIFIED
C014686,Consumer,India,2025-05-16,VERIFIED
C014687,Consumer,Singapore,2024-09-19,VERIFIED
C014688,SME,UAE,2024-06-19,VERIFIED
C014689,Enterprise,India,2025-02-09,REJECTED
C014690,Consumer,Singapore,2025-12-02,PENDING
C014691,SME,UAE,2026-03-06,VERIFIED
C014692,Consumer,Singapore,2024-01-25,VERIFIED
C014693,SME,Singapore,2025-03-24,VERIFIED
C014694,SME,Singapore,2024-06-08,VERIFIED
C014695,Consumer,India,2024-08-04,VERIFIED
C014696,Consumer,Singapore,2025-11-18,VERIFIED
C014697,Consumer,UAE,2026-04-27,VERIFIED
C014698,Consumer,India,2026-01-02,VERIFIED
C014699,Consumer,UAE,2025-05-04,PENDING
C014700,SME,Singapore,2024-10-06,VERIFIED
C014701,Enterprise,India,2024-03-21,VERIFIED
C014702,Consumer,Singapore,2024-05-04,VERIFIED
C014703,Consumer,India,2024-06-18,VERIFIED
C014704,Consumer,UAE,2025-08-04,VERIFIED
C014705,Enterprise,India,2025-08-12,PENDING
C014706,Consumer,UAE,2024-03-30,VERIFIED
C014707,Consumer,India,2025-01-14,VERIFIED
C014708,Consumer,Singapore,2026-05-09,VERIFIED
C014709,Consumer,UAE,2024-04-20,VERIFIED
C014710,Consumer,India,2024-06-12,VERIFIED
C014711,Consumer,Singapore,2025-02-18,VERIFIED
C014712,Consumer,India,2025-10-01,VERIFIED
C014713,Consumer,UAE,2024-06-03,VERIFIED
C014714,Consumer,Singapore,2024-07-12,REJECTED
C014715,Consumer,UAE,2025-04-20,VERIFIED
C014716,Consumer,UAE,2025-11-15,VERIFIED
C014717,Enterprise,India,2026-03-22,VERIFIED
C014718,SME,India,2026-04-04,VERIFIED
C014719,Consumer,Singapore,2024-01-21,VERIFIED
C014720,Consumer,India,2026-04-02,VERIFIED
C014721,Consumer,India,2024-04-18,VERIFIED
C014722,Consumer,India,2025-02-02,PENDING
C014723,Consumer,India,2026-05-21,VERIFIED
C014724,Consumer,India,2024-05-08,VERIFIED
C014725,Enterprise,UAE,2025-05-23,VERIFIED
C014726,SME,Singapore,2024-10-06,VERIFIED
C014727,Consumer,Singapore,2025-03-02,VERIFIED
C014728,Consumer,India,2024-01-27,VERIFIED
C014729,Enterprise,India,2024-12-09,PENDING
C014730,Enterprise,India,2025-02-04,PENDING
C014731,Enterprise,UAE,2025-08-26,VERIFIED
C014732,Consumer,India,2024-10-21,VERIFIED
C014733,Consumer,India,2025-07-20,VERIFIED
C014734,SME,India,2024-07-14,VERIFIED
C014735,Consumer,Singapore,2026-01-02,VERIFIED
C014736,Consumer,Singapore,2026-03-23,VERIFIED
C014737,Consumer,India,2024-06-04,VERIFIED
C014738,SME,India,2025-03-15,VERIFIED
C014739,SME,Singapore,2024-04-10,VERIFIED
C014740,Consumer,India,2026-01-17,REJECTED
C014741,SME,Singapore,2025-05-14,VERIFIED
C014742,Consumer,Singapore,2024-10-11,VERIFIED
C014743,SME,Singapore,2024-03-09,REJECTED
C014744,Consumer,Singapore,2026-02-17,VERIFIED
C014745,Consumer,UAE,2025-01-20,VERIFIED
C014746,Consumer,UAE,2025-03-27,VERIFIED
C014747,Consumer,India,2024-05-17,VERIFIED
C014748,Consumer,India,2024-09-04,VERIFIED
C014749,Consumer,Singapore,2024-04-12,VERIFIED
C014750,Enterprise,India,2025-09-11,PENDING
C014751,Consumer,UAE,2025-12-12,VERIFIED
C014752,Consumer,India,2025-05-24,VERIFIED
C014753,Consumer,UAE,2025-01-09,VERIFIED
C014754,Consumer,Singapore,2025-12-27,VERIFIED
C014755,Consumer,Singapore,2024-06-03,REJECTED
C014756,SME,India,2024-03-27,VERIFIED
C014757,Consumer,UAE,2026-05-29,VERIFIED
C014758,Consumer,India,2025-04-26,VERIFIED
C014759,SME,India,2024-07-27,VERIFIED
C014760,Consumer,India,2024-06-26,VERIFIED
C014761,Consumer,UAE,2025-08-08,VERIFIED
C014762,SME,India,2024-09-14,VERIFIED
C014763,Consumer,Singapore,2024-09-29,VERIFIED
C014764,Consumer,Singapore,2026-05-12,VERIFIED
C014765,Enterprise,UAE,2026-04-27,PENDING
C014766,Consumer,Singapore,2024-01-24,REJECTED
C014767,Consumer,India,2026-04-04,VERIFIED
C014768,Enterprise,Singapore,2025-08-05,VERIFIED
C014769,Consumer,Singapore,2025-08-17,VERIFIED
C014770,Consumer,India,2025-02-03,VERIFIED
C014771,SME,India,2024-12-18,REJECTED
C014772,SME,India,2026-03-14,VERIFIED
C014773,Consumer,India,2024-10-27,VERIFIED
C014774,Consumer,India,2024-01-10,VERIFIED
C014775,SME,Singapore,2026-04-10,VERIFIED
C014776,SME,UAE,2024-02-12,VERIFIED
C014777,Consumer,India,2024-02-20,PENDING
C014778,Consumer,Singapore,2025-12-19,VERIFIED
C014779,Consumer,India,2024-04-16,PENDING
C014780,SME,India,2026-02-09,REJECTED
C014781,SME,Singapore,2025-12-06,VERIFIED
C014782,Enterprise,UAE,2024-08-22,VERIFIED
C014783,SME,India,2025-05-04,VERIFIED
C014784,Consumer,India,2025-11-05,PENDING
C014785,Consumer,India,2025-04-19,VERIFIED
C014786,SME,India,2025-08-03,VERIFIED
C014787,SME,Singapore,2026-04-26,VERIFIED
C014788,Consumer,UAE,2024-10-18,VERIFIED
C014789,Consumer,Singapore,2026-03-27,VERIFIED
C014790,Enterprise,India,2025-04-25,VERIFIED
C014791,Consumer,UAE,2026-02-07,VERIFIED
C014792,Consumer,India,2025-04-04,VERIFIED
C014793,Consumer,Singapore,2025-02-28,VERIFIED
C014794,SME,India,2024-11-24,PENDING
C014795,Consumer,UAE,2024-07-03,VERIFIED
C014796,SME,Singapore,2026-02-05,VERIFIED
C014797,Consumer,UAE,2025-05-20,PENDING
C014798,Consumer,India,2025-09-19,VERIFIED
C014799,Consumer,Singapore,2025-04-22,VERIFIED
C014800,SME,Singapore,2024-01-14,VERIFIED
C014801,Enterprise,Singapore,2025-12-27,VERIFIED
C014802,SME,India,2024-04-02,VERIFIED
C014803,Enterprise,India,2026-01-15,VERIFIED
C014804,Consumer,India,2024-06-28,VERIFIED
C014805,Consumer,India,2025-07-19,PENDING
C014806,Consumer,UAE,2024-10-31,VERIFIED
C014807,Consumer,UAE,2025-04-19,VERIFIED
C014808,SME,India,2025-06-25,PENDING
C014809,SME,UAE,2025-06-07,VERIFIED
C014810,Enterprise,India,2024-04-20,VERIFIED
C014811,Consumer,India,2025-02-18,PENDING
C014812,Consumer,India,2025-02-24,VERIFIED
C014813,Consumer,UAE,2025-02-14,VERIFIED
C014814,Consumer,Singapore,2025-09-15,VERIFIED
C014815,Consumer,India,2025-11-11,VERIFIED
C014816,Consumer,Singapore,2025-09-07,VERIFIED
C014817,Consumer,India,2025-06-06,VERIFIED
C014818,Consumer,India,2026-05-08,VERIFIED
C014819,Consumer,India,2024-11-24,VERIFIED
C014820,Consumer,India,2024-09-28,VERIFIED
C014821,Consumer,UAE,2024-01-14,VERIFIED
C014822,Consumer,Singapore,2024-06-23,VERIFIED
C014823,Consumer,India,2024-06-06,VERIFIED
C014824,Consumer,India,2025-09-13,PENDING
C014825,Consumer,India,2025-10-25,VERIFIED
C014826,Consumer,India,2024-08-21,VERIFIED
C014827,Consumer,India,2024-05-20,VERIFIED
C014828,SME,India,2025-04-25,VERIFIED
C014829,SME,Singapore,2024-04-28,VERIFIED
C014830,SME,India,2025-01-16,VERIFIED
C014831,Consumer,India,2025-06-04,VERIFIED
C014832,Consumer,UAE,2025-11-19,VERIFIED
C014833,SME,India,2025-02-13,VERIFIED
C014834,Consumer,India,2024-02-18,VERIFIED
C014835,SME,India,2026-03-20,VERIFIED
C014836,Consumer,India,2025-01-04,VERIFIED
C014837,Consumer,India,2024-11-28,VERIFIED
C014838,SME,India,2024-05-28,VERIFIED
C014839,Consumer,UAE,2024-06-05,VERIFIED
C014840,Consumer,Singapore,2025-08-26,VERIFIED
C014841,Consumer,Singapore,2024-05-31,VERIFIED
C014842,Consumer,India,2025-04-05,VERIFIED
C014843,Consumer,India,2025-01-10,PENDING
C014844,Consumer,India,2025-11-12,VERIFIED
C014845,SME,India,2025-08-18,VERIFIED
C014846,SME,India,2026-05-20,VERIFIED
C014847,Consumer,India,2026-04-18,VERIFIED
C014848,Enterprise,India,2025-02-28,VERIFIED
C014849,Consumer,India,2024-02-17,VERIFIED
C014850,Consumer,India,2024-11-30,VERIFIED
C014851,SME,India,2025-12-29,VERIFIED
C014852,SME,India,2025-08-11,VERIFIED
C014853,SME,India,2025-07-08,REJECTED
C014854,Consumer,India,2026-02-14,VERIFIED
C014855,Consumer,India,2025-04-13,VERIFIED
C014856,SME,India,2025-07-28,VERIFIED
C014857,Consumer,India,2024-09-01,VERIFIED
C014858,SME,India,2025-09-23,VERIFIED
C014859,Consumer,Singapore,2026-04-10,VERIFIED
C014860,SME,India,2024-09-18,VERIFIED
C014861,Consumer,India,2026-04-21,VERIFIED
C014862,Consumer,India,2024-09-06,VERIFIED
C014863,Consumer,India,2025-05-11,VERIFIED
C014864,SME,India,2024-02-21,VERIFIED
C014865,SME,UAE,2025-05-03,PENDING
C014866,Consumer,UAE,2026-02-27,VERIFIED
C014867,SME,India,2024-05-21,VERIFIED
C014868,Consumer,Singapore,2025-01-06,VERIFIED
C014869,Consumer,India,2024-09-07,VERIFIED
C014870,Consumer,India,2024-11-09,PENDING
C014871,Consumer,Singapore,2024-08-12,VERIFIED
C014872,Consumer,India,2025-10-26,VERIFIED
C014873,Consumer,India,2024-02-25,VERIFIED
C014874,SME,Singapore,2024-12-04,VERIFIED
C014875,SME,India,2025-06-04,VERIFIED
C014876,Consumer,UAE,2026-01-22,VERIFIED
C014877,Consumer,Singapore,2025-05-14,VERIFIED
C014878,Enterprise,Singapore,2025-04-28,VERIFIED
C014879,SME,India,2024-06-12,VERIFIED
C014880,Consumer,India,2025-03-16,VERIFIED
C014881,SME,Singapore,2024-05-12,VERIFIED
C014882,Consumer,UAE,2024-03-21,VERIFIED
C014883,Consumer,India,2024-12-15,VERIFIED
C014884,Consumer,UAE,2025-10-08,VERIFIED
C014885,Consumer,India,2024-05-13,VERIFIED
C014886,SME,India,2024-02-21,VERIFIED
C014887,Consumer,India,2025-05-08,VERIFIED
C014888,Consumer,India,2024-07-20,PENDING
C014889,Enterprise,Singapore,2025-12-10,VERIFIED
C014890,Enterprise,India,2025-09-09,VERIFIED
C014891,SME,UAE,2026-04-02,VERIFIED
C014892,Consumer,India,2026-01-25,VERIFIED
C014893,Consumer,India,2025-05-22,VERIFIED
C014894,SME,Singapore,2026-01-14,VERIFIED
C014895,Consumer,India,2024-01-14,VERIFIED
C014896,Consumer,Singapore,2025-01-19,VERIFIED
C014897,Consumer,India,2026-01-06,VERIFIED
C014898,Consumer,India,2025-12-23,VERIFIED
C014899,Consumer,Singapore,2024-07-19,VERIFIED
C014900,Consumer,UAE,2024-06-13,VERIFIED
C014901,Consumer,India,2025-07-14,VERIFIED
C014902,Consumer,Singapore,2024-05-12,VERIFIED
C014903,Consumer,Singapore,2025-08-04,VERIFIED
C014904,Consumer,India,2024-04-28,VERIFIED
C014905,SME,UAE,2025-10-12,PENDING
C014906,SME,India,2026-01-24,VERIFIED
C014907,Consumer,India,2025-11-23,VERIFIED
C014908,Consumer,India,2025-04-30,VERIFIED
C014909,Consumer,India,2024-07-01,VERIFIED
C014910,Consumer,India,2025-04-02,VERIFIED
C014911,Consumer,India,2024-11-30,VERIFIED
C014912,Consumer,India,2025-07-15,VERIFIED
C014913,SME,Singapore,2025-11-23,VERIFIED
C014914,Consumer,India,2025-09-28,VERIFIED
C014915,Consumer,Singapore,2024-08-18,VERIFIED
C014916,Consumer,India,2024-11-06,REJECTED
C014917,SME,Singapore,2026-05-09,VERIFIED
C014918,Consumer,India,2024-01-03,VERIFIED
C014919,SME,India,2025-11-15,PENDING
C014920,Consumer,India,2024-03-21,VERIFIED
C014921,SME,India,2024-10-01,VERIFIED
C014922,Enterprise,India,2025-01-22,VERIFIED
C014923,Enterprise,Singapore,2026-04-06,VERIFIED
C014924,Consumer,UAE,2024-12-10,VERIFIED
C014925,Consumer,Singapore,2024-08-06,REJECTED
C014926,Consumer,India,2025-10-13,VERIFIED
C014927,Enterprise,India,2024-03-03,VERIFIED
C014928,Consumer,UAE,2025-03-15,VERIFIED
C014929,Consumer,India,2024-01-27,VERIFIED
C014930,Consumer,UAE,2025-12-08,VERIFIED
C014931,Consumer,India,2025-01-15,VERIFIED
C014932,Consumer,UAE,2025-10-25,VERIFIED
C014933,Consumer,UAE,2026-02-02,VERIFIED
C014934,Consumer,Singapore,2024-09-04,VERIFIED
C014935,Consumer,India,2024-06-02,VERIFIED
C014936,Enterprise,India,2024-07-28,VERIFIED
C014937,SME,UAE,2024-01-22,VERIFIED
C014938,SME,UAE,2025-08-04,VERIFIED
C014939,Consumer,India,2024-01-19,VERIFIED
C014940,SME,India,2025-05-23,VERIFIED
C014941,Consumer,UAE,2025-09-04,VERIFIED
C014942,Consumer,India,2025-11-04,VERIFIED
C014943,Consumer,UAE,2025-10-12,VERIFIED
C014944,Consumer,UAE,2025-08-22,VERIFIED
C014945,Consumer,UAE,2025-03-04,VERIFIED
C014946,Enterprise,India,2024-02-06,VERIFIED
C014947,Consumer,India,2025-02-10,VERIFIED
C014948,Consumer,India,2025-02-27,REJECTED
C014949,Consumer,UAE,2025-11-13,VERIFIED
C014950,Consumer,India,2026-02-10,VERIFIED
C014951,Consumer,India,2024-12-03,VERIFIED
C014952,Consumer,India,2024-09-27,VERIFIED
C014953,SME,India,2026-02-05,VERIFIED
C014954,Consumer,Singapore,2025-10-13,VERIFIED
C014955,Consumer,Singapore,2025-08-02,VERIFIED
C014956,SME,Singapore,2025-08-02,VERIFIED
C014957,SME,India,2025-11-11,VERIFIED
C014958,SME,UAE,2025-09-08,VERIFIED
C014959,Consumer,India,2025-04-06,VERIFIED
C014960,Consumer,Singapore,2024-11-10,VERIFIED
C014961,Consumer,India,2024-02-27,VERIFIED
C014962,SME,India,2025-01-10,VERIFIED
C014963,SME,India,2025-11-29,VERIFIED
C014964,Consumer,India,2025-03-31,VERIFIED
C014965,Consumer,Singapore,2025-02-10,VERIFIED
C014966,SME,India,2025-01-19,VERIFIED
C014967,Consumer,India,2024-02-25,VERIFIED
C014968,Consumer,UAE,2025-04-03,VERIFIED
C014969,Consumer,India,2025-04-19,VERIFIED
C014970,Consumer,India,2025-05-30,PENDING
C014971,Enterprise,India,2026-03-07,VERIFIED
C014972,Consumer,UAE,2024-01-17,VERIFIED
C014973,Consumer,India,2025-03-08,VERIFIED
C014974,Consumer,UAE,2024-08-24,PENDING
C014975,Consumer,India,2024-11-02,VERIFIED
C014976,Consumer,India,2026-01-31,VERIFIED
C014977,Consumer,India,2025-03-08,VERIFIED
C014978,Consumer,Singapore,2024-01-24,VERIFIED
C014979,SME,India,2024-10-26,VERIFIED
C014980,SME,Singapore,2025-09-19,VERIFIED
C014981,Consumer,India,2024-08-25,REJECTED
C014982,Consumer,India,2025-11-11,VERIFIED
C014983,Enterprise,UAE,2026-04-04,VERIFIED
C014984,Consumer,Singapore,2025-05-06,VERIFIED
C014985,SME,India,2024-10-14,VERIFIED
C014986,Consumer,Singapore,2025-02-18,VERIFIED
C014987,SME,Singapore,2026-01-22,VERIFIED
C014988,SME,India,2025-02-03,VERIFIED
C014989,SME,India,2025-02-19,VERIFIED
C014990,SME,India,2026-05-25,VERIFIED
C014991,Enterprise,India,2026-03-20,VERIFIED
C014992,Consumer,Singapore,2026-03-12,VERIFIED
C014993,Consumer,India,2025-04-27,PENDING
C014994,Consumer,India,2024-09-07,VERIFIED
C014995,SME,India,2025-11-07,VERIFIED
C014996,SME,UAE,2025-02-03,PENDING
C014997,Consumer,Singapore,2026-05-02,VERIFIED
C014998,Consumer,India,2024-05-20,VERIFIED
C014999,SME,India,2025-01-12,VERIFIED
C015000,Consumer,India,2024-04-29,VERIFIED
