merchant_id,snapshot_month,risk_score,risk_band
M00001,2026-01-01,0.0858,Low
M00001,2026-02-01,0.1749,Low
M00001,2026-03-01,0.1918,Low
M00001,2026-04-01,0.143,Low
M00001,2026-05-01,0.3533,Medium
M00001,2026-06-01,0.3541,Medium
M00002,2026-01-01,0.4355,Medium
M00002,2026-02-01,0.4772,Medium
M00002,2026-03-01,0.5572,Medium
M00002,2026-04-01,0.5107,Medium
M00002,2026-05-01,0.4502,Medium
M00002,2026-06-01,0.5361,Medium
M00003,2026-01-01,0.5131,Medium
M00003,2026-02-01,0.4968,Medium
M00003,2026-03-01,0.5187,Medium
M00003,2026-04-01,0.5311,Medium
M00003,2026-05-01,0.3861,Medium
M00003,2026-06-01,0.4532,Medium
M00004,2026-01-01,0.6271,Medium
M00004,2026-02-01,0.409,Medium
M00004,2026-03-01,0.4971,Medium
M00004,2026-04-01,0.4829,Medium
M00004,2026-05-01,0.5129,Medium
M00004,2026-06-01,0.4335,Medium
M00005,2026-01-01,0.2268,Low
M00005,2026-02-01,0.1893,Low
M00005,2026-03-01,0.2217,Low
M00005,2026-04-01,0.2261,Low
M00005,2026-05-01,0.1678,Low
M00005,2026-06-01,0.185,Low
M00006,2026-01-01,0.5073,Medium
M00006,2026-02-01,0.5466,Medium
M00006,2026-03-01,0.5589,Medium
M00006,2026-04-01,0.6328,Medium
M00006,2026-05-01,0.756,High
M00006,2026-06-01,0.6112,Medium
M00007,2026-01-01,0.1029,Low
M00007,2026-02-01,0.2567,Low
M00007,2026-03-01,0.1035,Low
M00007,2026-04-01,0.2503,Low
M00007,2026-05-01,0.2556,Low
M00007,2026-06-01,0.2572,Low
M00008,2026-01-01,0.4267,Medium
M00008,2026-02-01,0.4601,Medium
M00008,2026-03-01,0.5612,Medium
M00008,2026-04-01,0.5041,Medium
M00008,2026-05-01,0.4827,Medium
M00008,2026-06-01,0.4592,Medium
M00009,2026-01-01,0.7492,High
M00009,2026-02-01,0.7543,High
M00009,2026-03-01,0.776,High
M00009,2026-04-01,0.7712,High
M00009,2026-05-01,0.6763,High
M00009,2026-06-01,0.7171,High
M00010,2026-01-01,0.4402,Medium
M00010,2026-02-01,0.589,Medium
M00010,2026-03-01,0.4035,Medium
M00010,2026-04-01,0.5114,Medium
M00010,2026-05-01,0.6167,Medium
M00010,2026-06-01,0.5924,Medium
M00011,2026-01-01,0.6235,Medium
M00011,2026-02-01,0.6326,Medium
M00011,2026-03-01,0.5408,Medium
M00011,2026-04-01,0.4127,Medium
M00011,2026-05-01,0.4709,Medium
M00011,2026-06-01,0.5934,Medium
M00012,2026-01-01,0.303,Low
M00012,2026-02-01,0.3772,Medium
M00012,2026-03-01,0.173,Low
M00012,2026-04-01,0.227,Low
M00012,2026-05-01,0.3879,Medium
M00012,2026-06-01,0.2766,Low
M00013,2026-01-01,0.2672,Low
M00013,2026-02-01,0.3233,Low
M00013,2026-03-01,0.1679,Low
M00013,2026-04-01,0.1735,Low
M00013,2026-05-01,0.3144,Low
M00013,2026-06-01,0.491,Medium
M00014,2026-01-01,0.1397,Low
M00014,2026-02-01,0.181,Low
M00014,2026-03-01,0.1023,Low
M00014,2026-04-01,0.2844,Low
M00014,2026-05-01,0.2908,Low
M00014,2026-06-01,0.3392,Low
M00015,2026-01-01,0.4707,Medium
M00015,2026-02-01,0.4753,Medium
M00015,2026-03-01,0.5566,Medium
M00015,2026-04-01,0.5028,Medium
M00015,2026-05-01,0.6774,High
M00015,2026-06-01,0.5506,Medium
M00016,2026-01-01,0.3558,Medium
M00016,2026-02-01,0.2408,Low
M00016,2026-03-01,0.1907,Low
M00016,2026-04-01,0.3003,Low
M00016,2026-05-01,0.1579,Low
M00016,2026-06-01,0.1244,Low
M00017,2026-01-01,0.1685,Low
M00017,2026-02-01,0.1972,Low
M00017,2026-03-01,0.2308,Low
M00017,2026-04-01,0.1518,Low
M00017,2026-05-01,0.2071,Low
M00017,2026-06-01,0.3114,Low
M00018,2026-01-01,0.3259,Low
M00018,2026-02-01,0.2106,Low
M00018,2026-03-01,0.1642,Low
M00018,2026-04-01,0.2906,Low
M00018,2026-05-01,0.3305,Low
M00018,2026-06-01,0.226,Low
M00019,2026-01-01,0.4717,Medium
M00019,2026-02-01,0.5056,Medium
M00019,2026-03-01,0.5241,Medium
M00019,2026-04-01,0.3956,Medium
M00019,2026-05-01,0.5902,Medium
M00019,2026-06-01,0.5306,Medium
M00020,2026-01-01,0.2694,Low
M00020,2026-02-01,0.1627,Low
M00020,2026-03-01,0.1682,Low
M00020,2026-04-01,0.3301,Low
M00020,2026-05-01,0.3493,Low
M00020,2026-06-01,0.1832,Low
M00021,2026-01-01,0.2526,Low
M00021,2026-02-01,0.1339,Low
M00021,2026-03-01,0.3575,Medium
M00021,2026-04-01,0.3483,Low
M00021,2026-05-01,0.3558,Medium
M00021,2026-06-01,0.2865,Low
M00022,2026-01-01,0.2544,Low
M00022,2026-02-01,0.2677,Low
M00022,2026-03-01,0.1383,Low
M00022,2026-04-01,0.3015,Low
M00022,2026-05-01,0.2751,Low
M00022,2026-06-01,0.28,Low
M00023,2026-01-01,0.2609,Low
M00023,2026-02-01,0.1132,Low
M00023,2026-03-01,0.1506,Low
M00023,2026-04-01,0.359,Medium
M00023,2026-05-01,0.2409,Low
M00023,2026-06-01,0.2866,Low
M00024,2026-01-01,0.3329,Low
M00024,2026-02-01,0.2023,Low
M00024,2026-03-01,0.2886,Low
M00024,2026-03-01,0.2488,Low
M00024,2026-04-01,0.3937,Medium
M00024,2026-05-01,0.2827,Low
M00024,2026-06-01,0.2636,Low
M00025,2026-01-01,0.3169,Low
M00025,2026-02-01,0.2905,Low
M00025,2026-03-01,0.1913,Low
M00025,2026-04-01,0.1552,Low
M00025,2026-05-01,0.1665,Low
M00025,2026-06-01,0.311,Low
M00026,2026-01-01,0.2109,Low
M00026,2026-02-01,0.2694,Low
M00026,2026-03-01,0.2583,Low
M00026,2026-04-01,0.2279,Low
M00026,2026-05-01,0.35,Medium
M00026,2026-06-01,0.2516,Low
M00027,2026-01-01,0.2749,Low
M00027,2026-02-01,0.2804,Low
M00027,2026-03-01,0.1329,Low
M00027,2026-04-01,0.2931,Low
M00027,2026-05-01,0.4641,Medium
M00027,2026-06-01,0.2889,Low
M00028,2026-01-01,0.5201,Medium
M00028,2026-02-01,0.5926,Medium
M00028,2026-03-01,0.468,Medium
M00028,2026-04-01,0.4294,Medium
M00028,2026-05-01,0.6421,Medium
M00028,2026-06-01,0.6944,High
M00029,2026-01-01,0.8615,High
M00029,2026-02-01,0.7633,High
M00029,2026-03-01,0.8528,High
M00029,2026-04-01,0.9654,High
M00029,2026-05-01,0.7815,High
M00029,2026-06-01,0.8009,High
M00030,2026-01-01,0.181,Low
M00030,2026-02-01,0.0563,Low
M00030,2026-03-01,0.2378,Low
M00030,2026-04-01,0.0824,Low
M00030,2026-05-01,0.185,Low
M00030,2026-06-01,0.1847,Low
M00031,2026-01-01,0.1962,Low
M00031,2026-02-01,0.1851,Low
M00031,2026-03-01,0.2577,Low
M00031,2026-04-01,0.4131,Medium
M00031,2026-05-01,0.3024,Low
M00031,2026-06-01,0.3709,Medium
M00032,2026-01-01,0.1286,Low
M00032,2026-02-01,0.284,Low
M00032,2026-03-01,0.1478,Low
M00032,2026-04-01,0.1905,Low
M00032,2026-04-01,0.1941,Low
M00032,2026-05-01,0.2671,Low
M00032,2026-06-01,0.328,Low
M00033,2026-01-01,0.2002,Low
M00033,2026-02-01,0.1553,Low
M00033,2026-03-01,0.3519,Medium
M00033,2026-04-01,0.3411,Low
M00033,2026-05-01,0.4095,Medium
M00033,2026-06-01,0.2587,Low
M00034,2026-01-01,0.1356,Low
M00034,2026-02-01,0.2961,Low
M00034,2026-03-01,0.2013,Low
M00034,2026-04-01,0.379,Medium
M00034,2026-05-01,0.2957,Low
M00034,2026-06-01,0.1925,Low
M00035,2026-01-01,0.5128,Medium
M00035,2026-02-01,0.3468,Low
M00035,2026-03-01,0.4816,Medium
M00035,2026-04-01,0.712,High
M00035,2026-05-01,0.622,Medium
M00035,2026-06-01,0.4121,Medium
M00036,2026-01-01,0.6033,Medium
M00036,2026-02-01,0.7901,High
M00036,2026-03-01,0.4877,Medium
M00036,2026-04-01,0.5455,Medium
M00036,2026-05-01,0.575,Medium
M00036,2026-06-01,0.4605,Medium
M00036,2026-06-01,0.4537,Medium
M00037,2026-01-01,0.5262,Medium
M00037,2026-02-01,0.3583,Medium
M00037,2026-03-01,0.3893,Medium
M00037,2026-04-01,0.6831,High
M00037,2026-05-01,0.6763,High
M00037,2026-06-01,0.6438,Medium
M00038,2026-01-01,0.3566,Medium
M00038,2026-02-01,0.3242,Low
M00038,2026-03-01,0.151,Low
M00038,2026-04-01,0.3839,Medium
M00038,2026-05-01,0.302,Low
M00038,2026-06-01,0.2169,Low
M00039,2026-01-01,0.3002,Low
M00039,2026-02-01,0.2127,Low
M00039,2026-03-01,0.1608,Low
M00039,2026-04-01,0.1776,Low
M00039,2026-05-01,0.243,Low
M00039,2026-06-01,0.2395,Low
M00040,2026-01-01,0.475,Medium
M00040,2026-02-01,0.6076,Medium
M00040,2026-03-01,0.5014,Medium
M00040,2026-04-01,0.4873,Medium
M00040,2026-05-01,0.456,Medium
M00040,2026-06-01,0.4641,Medium
M00041,2026-01-01,0.236,Low
M00041,2026-02-01,0.2231,Low
M00041,2026-03-01,0.2433,Low
M00041,2026-04-01,0.271,Low
M00041,2026-05-01,0.1046,Low
M00041,2026-06-01,0.2769,Low
M00042,2026-01-01,0.2573,Low
M00042,2026-02-01,0.2435,Low
M00042,2026-03-01,0.1753,Low
M00042,2026-04-01,0.208,Low
M00042,2026-05-01,0.2372,Low
M00042,2026-06-01,0.2833,Low
M00043,2026-01-01,0.2081,Low
M00043,2026-02-01,0.1841,Low
M00043,2026-03-01,0.2641,Low
M00043,2026-04-01,0.1902,Low
M00043,2026-05-01,0.2466,Low
M00043,2026-06-01,0.2174,Low
M00044,2026-01-01,0.5274,Medium
M00044,2026-01-01,0.5426,Medium
M00044,2026-02-01,0.4123,Medium
M00044,2026-03-01,0.4635,Medium
M00044,2026-04-01,0.4322,Medium
M00044,2026-05-01,0.3644,Medium
M00044,2026-06-01,0.5081,Medium
M00045,2026-01-01,0.6631,Medium
M00045,2026-02-01,0.7414,High
M00045,2026-03-01,0.6196,Medium
M00045,2026-04-01,0.4758,Medium
M00045,2026-05-01,0.5548,Medium
M00045,2026-06-01,0.4711,Medium
M00046,2026-01-01,0.2401,Low
M00046,2026-02-01,0.1562,Low
M00046,2026-03-01,0.3653,Medium
M00046,2026-04-01,0.1499,Low
M00046,2026-05-01,0.2997,Low
M00046,2026-06-01,0.2799,Low
M00047,2026-01-01,0.5638,Medium
M00047,2026-02-01,0.5656,Medium
M00047,2026-03-01,0.4955,Medium
M00047,2026-04-01,0.4926,Medium
M00047,2026-05-01,0.5294,Medium
M00047,2026-06-01,0.5162,Medium
M00048,2026-01-01,0.5357,Medium
M00048,2026-02-01,0.5511,Medium
M00048,2026-03-01,0.425,Medium
M00048,2026-04-01,0.5289,Medium
M00048,2026-05-01,0.6048,Medium
M00048,2026-06-01,0.4851,Medium
M00049,2026-01-01,0.0813,Low
M00049,2026-02-01,0.2684,Low
M00049,2026-03-01,0.01,Low
M00049,2026-04-01,0.3125,Low
M00049,2026-05-01,0.309,Low
M00049,2026-06-01,0.3279,Low
M00050,2026-01-01,0.2369,Low
M00050,2026-02-01,0.2488,Low
M00050,2026-03-01,0.1307,Low
M00050,2026-04-01,0.3955,Medium
M00050,2026-05-01,0.1954,Low
M00050,2026-06-01,0.3222,Low
M00051,2026-01-01,0.7287,High
M00051,2026-02-01,0.6966,High
M00051,2026-03-01,0.7428,High
M00051,2026-04-01,0.7456,High
M00051,2026-05-01,0.6937,High
M00051,2026-06-01,0.7402,High
M00052,2026-01-01,0.2912,Low
M00052,2026-02-01,0.1078,Low
M00052,2026-03-01,0.161,Low
M00052,2026-04-01,0.4296,Medium
M00052,2026-05-01,0.2562,Low
M00052,2026-06-01,0.3095,Low
M00053,2026-01-01,0.0861,Low
M00053,2026-02-01,0.2612,Low
M00053,2026-03-01,0.243,Low
M00053,2026-04-01,0.2328,Low
M00053,2026-05-01,0.3022,Low
M00053,2026-06-01,0.2478,Low
M00054,2026-01-01,0.5427,Medium
M00054,2026-02-01,0.5883,Medium
M00054,2026-03-01,0.5287,Medium
M00054,2026-04-01,0.5636,Medium
M00054,2026-05-01,0.4884,Medium
M00054,2026-06-01,0.5995,Medium
M00055,2026-01-01,0.1046,Low
M00055,2026-02-01,0.1272,Low
M00055,2026-03-01,0.2108,Low
M00055,2026-04-01,0.2091,Low
M00055,2026-05-01,0.2107,Low
M00055,2026-05-01,0.1942,Low
M00055,2026-06-01,0.189,Low
M00056,2026-01-01,0.4914,Medium
M00056,2026-02-01,0.5981,Medium
M00056,2026-03-01,0.4103,Medium
M00056,2026-04-01,0.4534,Medium
M00056,2026-05-01,0.541,Medium
M00056,2026-06-01,0.471,Medium
M00057,2026-01-01,0.1272,Low
M00057,2026-02-01,0.284,Low
M00057,2026-03-01,0.3087,Low
M00057,2026-04-01,0.3863,Medium
M00057,2026-05-01,0.3465,Low
M00057,2026-06-01,0.1916,Low
M00058,2026-01-01,0.571,Medium
M00058,2026-02-01,0.5928,Medium
M00058,2026-03-01,0.5117,Medium
M00058,2026-04-01,0.5481,Medium
M00058,2026-05-01,0.6255,Medium
M00058,2026-06-01,0.4697,Medium
M00059,2026-01-01,0.5529,Medium
M00059,2026-02-01,0.537,Medium
M00059,2026-03-01,0.5532,Medium
M00059,2026-04-01,0.5193,Medium
M00059,2026-05-01,0.4336,Medium
M00059,2026-06-01,0.572,Medium
M00060,2026-01-01,0.1216,Low
M00060,2026-02-01,0.3512,Medium
M00060,2026-03-01,0.0147,Low
M00060,2026-04-01,0.2536,Low
M00060,2026-05-01,0.1282,Low
M00060,2026-06-01,0.3007,Low
M00061,2026-01-01,0.1804,Low
M00061,2026-02-01,0.2919,Low
M00061,2026-03-01,0.2529,Low
M00061,2026-04-01,0.3394,Low
M00061,2026-05-01,0.3998,Medium
M00061,2026-06-01,0.2687,Low
M00062,2026-01-01,0.2616,Low
M00062,2026-02-01,0.331,Low
M00062,2026-03-01,0.1814,Low
M00062,2026-04-01,0.251,Low
M00062,2026-05-01,0.2642,Low
M00062,2026-06-01,0.2225,Low
M00063,2026-01-01,0.3268,Low
M00063,2026-02-01,0.2817,Low
M00063,2026-03-01,0.1808,Low
M00063,2026-04-01,0.3141,Low
M00063,2026-05-01,0.3284,Low
M00063,2026-06-01,0.0469,Low
M00064,2026-01-01,0.5905,Medium
M00064,2026-02-01,0.4773,Medium
M00064,2026-03-01,0.4878,Medium
M00064,2026-04-01,0.4973,Medium
M00064,2026-05-01,0.6084,Medium
M00064,2026-06-01,0.7296,High
M00065,2026-01-01,0.5046,Medium
M00065,2026-02-01,0.4614,Medium
M00065,2026-03-01,0.468,Medium
M00065,2026-04-01,0.5502,Medium
M00065,2026-05-01,0.5851,Medium
M00065,2026-06-01,0.6328,Medium
M00066,2026-01-01,0.61,Medium
M00066,2026-02-01,0.603,Medium
M00066,2026-03-01,0.5096,Medium
M00066,2026-04-01,0.5375,Medium
M00066,2026-05-01,0.4087,Medium
M00066,2026-06-01,0.374,Medium
M00067,2026-01-01,0.7538,High
M00067,2026-02-01,0.7301,High
M00067,2026-03-01,0.8947,High
M00067,2026-04-01,0.6184,Medium
M00067,2026-05-01,0.7081,High
M00067,2026-06-01,0.697,High
M00068,2026-01-01,0.678,High
M00068,2026-02-01,0.6617,Medium
M00068,2026-03-01,0.7194,High
M00068,2026-04-01,0.6784,High
M00068,2026-05-01,0.9578,High
M00068,2026-06-01,0.8181,High
M00069,2026-01-01,0.5828,Medium
M00069,2026-02-01,0.5276,Medium
M00069,2026-03-01,0.4873,Medium
M00069,2026-04-01,0.447,Medium
M00069,2026-05-01,0.3822,Medium
M00069,2026-06-01,0.5506,Medium
M00070,2026-01-01,0.8516,High
M00070,2026-02-01,0.7244,High
M00070,2026-03-01,0.8378,High
M00070,2026-04-01,0.8109,High
M00070,2026-05-01,0.8762,High
M00070,2026-06-01,0.7383,High
M00071,2026-01-01,0.2949,Low
M00071,2026-02-01,0.3926,Medium
M00071,2026-03-01,0.2282,Low
M00071,2026-04-01,0.1726,Low
M00071,2026-05-01,0.3361,Low
M00071,2026-06-01,0.2233,Low
M00072,2026-01-01,0.4859,Medium
M00072,2026-02-01,0.3957,Medium
M00072,2026-03-01,0.5,Medium
M00072,2026-04-01,0.3803,Medium
M00072,2026-05-01,0.436,Medium
M00072,2026-06-01,0.5647,Medium
M00073,2026-01-01,0.58,Medium
M00073,2026-02-01,0.5104,Medium
M00073,2026-03-01,0.5508,Medium
M00073,2026-04-01,0.5954,Medium
M00073,2026-05-01,0.4939,Medium
M00073,2026-06-01,0.5806,Medium
M00074,2026-01-01,0.3029,Low
M00074,2026-01-01,0.2694,Low
M00074,2026-02-01,0.1923,Low
M00074,2026-03-01,0.2669,Low
M00074,2026-04-01,0.2097,Low
M00074,2026-05-01,0.2778,Low
M00074,2026-06-01,0.2699,Low
M00075,2026-01-01,0.8293,High
M00075,2026-02-01,0.8485,High
M00075,2026-03-01,0.841,High
M00075,2026-04-01,0.7778,High
M00075,2026-05-01,0.7922,High
M00075,2026-06-01,0.8889,High
M00076,2026-01-01,0.2185,Low
M00076,2026-02-01,0.23,Low
M00076,2026-02-01,0.2164,Low
M00076,2026-03-01,0.2607,Low
M00076,2026-04-01,0.3186,Low
M00076,2026-05-01,0.1708,Low
M00076,2026-06-01,0.2132,Low
M00077,2026-01-01,0.2322,Low
M00077,2026-02-01,0.3311,Low
M00077,2026-03-01,0.1826,Low
M00077,2026-04-01,0.3204,Low
M00077,2026-05-01,0.1741,Low
M00077,2026-06-01,0.2524,Low
M00078,2026-01-01,0.0179,Low
M00078,2026-02-01,0.3994,Medium
M00078,2026-03-01,0.2385,Low
M00078,2026-04-01,0.1432,Low
M00078,2026-05-01,0.2967,Low
M00078,2026-06-01,0.1458,Low
M00079,2026-01-01,0.1843,Low
M00079,2026-02-01,0.4643,Medium
M00079,2026-03-01,0.2147,Low
M00079,2026-04-01,0.1212,Low
M00079,2026-05-01,0.3415,Low
M00079,2026-06-01,0.2529,Low
M00080,2026-01-01,0.2385,Low
M00080,2026-02-01,0.2646,Low
M00080,2026-03-01,0.246,Low
M00080,2026-04-01,0.2872,Low
M00080,2026-05-01,0.2802,Low
M00080,2026-06-01,0.1648,Low
M00081,2026-01-01,0.5253,Medium
M00081,2026-02-01,0.5507,Medium
M00081,2026-03-01,0.602,Medium
M00081,2026-04-01,0.4695,Medium
M00081,2026-05-01,0.5212,Medium
M00081,2026-06-01,0.5535,Medium
M00082,2026-01-01,0.7116,High
M00082,2026-02-01,0.4816,Medium
M00082,2026-03-01,0.4795,Medium
M00082,2026-04-01,0.7318,High
M00082,2026-05-01,0.5806,Medium
M00082,2026-06-01,0.6097,Medium
M00083,2026-01-01,0.5261,Medium
M00083,2026-02-01,0.3921,Medium
M00083,2026-03-01,0.6172,Medium
M00083,2026-04-01,0.5137,Medium
M00083,2026-05-01,0.6028,Medium
M00083,2026-06-01,0.571,Medium
M00084,2026-01-01,0.5172,Medium
M00084,2026-02-01,0.4014,Medium
M00084,2026-03-01,0.3192,Low
M00084,2026-04-01,0.5918,Medium
M00084,2026-05-01,0.6589,Medium
M00084,2026-06-01,0.4782,Medium
M00085,2026-01-01,0.1691,Low
M00085,2026-02-01,0.1442,Low
M00085,2026-03-01,0.1151,Low
M00085,2026-04-01,0.2495,Low
M00085,2026-05-01,0.2324,Low
M00085,2026-06-01,0.1682,Low
M00086,2026-01-01,0.237,Low
M00086,2026-02-01,0.1867,Low
M00086,2026-03-01,0.2217,Low
M00086,2026-04-01,0.2503,Low
M00086,2026-05-01,0.1728,Low
M00086,2026-06-01,0.2225,Low
M00087,2026-01-01,0.3998,Medium
M00087,2026-02-01,0.5151,Medium
M00087,2026-03-01,0.6543,Medium
M00087,2026-04-01,0.4119,Medium
M00087,2026-05-01,0.4656,Medium
M00087,2026-06-01,0.6456,Medium
M00088,2026-01-01,0.4948,Medium
M00088,2026-02-01,0.461,Medium
M00088,2026-03-01,0.4345,Medium
M00088,2026-04-01,0.6074,Medium
M00088,2026-05-01,0.5581,Medium
M00088,2026-06-01,0.4843,Medium
M00089,2026-01-01,0.4131,Medium
M00089,2026-02-01,0.5284,Medium
M00089,2026-03-01,0.3887,Medium
M00089,2026-04-01,0.6715,High
M00089,2026-05-01,0.6014,Medium
M00089,2026-06-01,0.5191,Medium
M00090,2026-01-01,0.2581,Low
M00090,2026-02-01,0.1991,Low
M00090,2026-03-01,0.1516,Low
M00090,2026-04-01,0.2325,Low
M00090,2026-05-01,0.1357,Low
M00090,2026-06-01,0.3145,Low
M00091,2026-01-01,0.2744,Low
M00091,2026-02-01,0.1428,Low
M00091,2026-03-01,0.2909,Low
M00091,2026-04-01,0.3357,Low
M00091,2026-05-01,0.1705,Low
M00091,2026-06-01,0.3112,Low
M00092,2026-01-01,0.756,High
M00092,2026-02-01,0.8195,High
M00092,2026-03-01,0.9619,High
M00092,2026-04-01,0.8223,High
M00092,2026-05-01,0.8071,High
M00092,2026-06-01,0.7478,High
M00093,2026-01-01,0.5906,Medium
M00093,2026-02-01,0.4792,Medium
M00093,2026-03-01,0.4182,Medium
M00093,2026-04-01,0.5897,Medium
M00093,2026-05-01,0.6311,Medium
M00093,2026-06-01,0.6762,High
M00094,2026-01-01,0.1506,Low
M00094,2026-02-01,0.3299,Low
M00094,2026-03-01,0.2984,Low
M00094,2026-04-01,0.1915,Low
M00094,2026-05-01,0.2125,Low
M00094,2026-06-01,0.1533,Low
M00095,2026-01-01,0.2106,Low
M00095,2026-02-01,0.149,Low
M00095,2026-03-01,0.0851,Low
M00095,2026-04-01,0.1776,Low
M00095,2026-05-01,0.4298,Medium
M00095,2026-06-01,0.2715,Low
M00096,2026-01-01,0.2638,Low
M00096,2026-02-01,0.2456,Low
M00096,2026-03-01,0.1313,Low
M00096,2026-04-01,0.2267,Low
M00096,2026-05-01,0.27,Low
M00096,2026-06-01,0.2447,Low
M00097,2026-01-01,0.2262,Low
M00097,2026-02-01,0.1553,Low
M00097,2026-03-01,0.3316,Low
M00097,2026-04-01,0.1314,Low
M00097,2026-05-01,0.3421,Low
M00097,2026-06-01,0.1394,Low
M00098,2026-01-01,0.2572,Low
M00098,2026-02-01,0.0929,Low
M00098,2026-03-01,0.3063,Low
M00098,2026-04-01,0.1997,Low
M00098,2026-05-01,0.258,Low
M00098,2026-06-01,0.1088,Low
M00099,2026-01-01,0.5983,Medium
M00099,2026-02-01,0.6197,Medium
M00099,2026-03-01,0.5851,Medium
M00099,2026-04-01,0.4683,Medium
M00099,2026-05-01,0.5908,Medium
M00099,2026-06-01,0.5431,Medium
M00100,2026-01-01,0.7487,High
M00100,2026-02-01,0.7255,High
M00100,2026-03-01,0.8445,High
M00100,2026-04-01,0.8125,High
M00100,2026-05-01,0.7705,High
M00100,2026-06-01,0.6841,High
M00101,2026-01-01,0.443,Medium
M00101,2026-02-01,0.6117,Medium
M00101,2026-03-01,0.508,Medium
M00101,2026-04-01,0.4167,Medium
M00101,2026-05-01,0.6597,Medium
M00101,2026-05-01,0.635,Medium
M00101,2026-06-01,0.6118,Medium
M00102,2026-01-01,0.5351,Medium
M00102,2026-02-01,0.5402,Medium
M00102,2026-03-01,0.5719,Medium
M00102,2026-04-01,0.4061,Medium
M00102,2026-05-01,0.638,Medium
M00102,2026-06-01,0.5003,Medium
M00103,2026-01-01,0.4928,Medium
M00103,2026-02-01,0.4722,Medium
M00103,2026-03-01,0.4804,Medium
M00103,2026-03-01,0.4799,Medium
M00103,2026-04-01,0.6649,Medium
M00103,2026-05-01,0.6131,Medium
M00103,2026-06-01,0.5326,Medium
M00104,2026-01-01,0.2256,Low
M00104,2026-02-01,0.1688,Low
M00104,2026-03-01,0.0907,Low
M00104,2026-04-01,0.2531,Low
M00104,2026-05-01,0.3002,Low
M00104,2026-06-01,0.3482,Low
M00105,2026-01-01,0.1336,Low
M00105,2026-02-01,0.266,Low
M00105,2026-03-01,0.3463,Low
M00105,2026-04-01,0.144,Low
M00105,2026-05-01,0.3461,Low
M00105,2026-06-01,0.3914,Medium
M00106,2026-01-01,0.148,Low
M00106,2026-02-01,0.2412,Low
M00106,2026-03-01,0.1309,Low
M00106,2026-04-01,0.2806,Low
M00106,2026-05-01,0.2497,Low
M00106,2026-06-01,0.401,Medium
M00107,2026-01-01,0.5327,Medium
M00107,2026-02-01,0.3756,Medium
M00107,2026-03-01,0.6802,High
M00107,2026-04-01,0.578,Medium
M00107,2026-05-01,0.4476,Medium
M00107,2026-06-01,0.568,Medium
M00108,2026-01-01,0.7119,High
M00108,2026-01-01,0.6998,High
M00108,2026-02-01,0.6734,High
M00108,2026-03-01,0.719,High
M00108,2026-04-01,0.7823,High
M00108,2026-05-01,0.8206,High
M00108,2026-06-01,0.8014,High
M00109,2026-01-01,0.1583,Low
M00109,2026-02-01,0.0678,Low
M00109,2026-03-01,0.2686,Low
M00109,2026-04-01,0.2384,Low
M00109,2026-05-01,0.3167,Low
M00109,2026-06-01,0.293,Low
M00110,2026-01-01,0.1557,Low
M00110,2026-02-01,0.1238,Low
M00110,2026-03-01,0.2668,Low
M00110,2026-04-01,0.3533,Medium
M00110,2026-05-01,0.1755,Low
M00110,2026-06-01,0.2592,Low
M00111,2026-01-01,0.154,Low
M00111,2026-02-01,0.2605,Low
M00111,2026-03-01,0.2468,Low
M00111,2026-04-01,0.2746,Low
M00111,2026-05-01,0.1045,Low
M00111,2026-06-01,0.4049,Medium
M00112,2026-01-01,0.7086,High
M00112,2026-02-01,0.4694,Medium
M00112,2026-03-01,0.3891,Medium
M00112,2026-04-01,0.6374,Medium
M00112,2026-05-01,0.5364,Medium
M00112,2026-06-01,0.6099,Medium
M00113,2026-01-01,0.1479,Low
M00113,2026-02-01,0.3111,Low
M00113,2026-03-01,0.2345,Low
M00113,2026-04-01,0.267,Low
M00113,2026-05-01,0.3619,Medium
M00113,2026-06-01,0.2524,Low
M00114,2026-01-01,0.8655,High
M00114,2026-02-01,0.786,High
M00114,2026-03-01,0.6561,Medium
M00114,2026-04-01,0.8796,High
M00114,2026-05-01,0.9105,High
M00114,2026-06-01,0.8747,High
M00115,2026-01-01,0.341,Low
M00115,2026-02-01,0.2622,Low
M00115,2026-03-01,0.2096,Low
M00115,2026-04-01,0.2861,Low
M00115,2026-05-01,0.2845,Low
M00115,2026-06-01,0.2677,Low
M00116,2026-01-01,0.6937,High
M00116,2026-02-01,0.7749,High
M00116,2026-03-01,0.8745,High
M00116,2026-04-01,0.7509,High
M00116,2026-05-01,0.6825,High
M00116,2026-06-01,0.9003,High
M00117,2026-01-01,0.2411,Low
M00117,2026-02-01,0.24,Low
M00117,2026-03-01,0.1891,Low
M00117,2026-04-01,0.0928,Low
M00117,2026-05-01,0.3379,Low
M00117,2026-06-01,0.386,Medium
M00118,2026-01-01,0.01,Low
M00118,2026-02-01,0.1132,Low
M00118,2026-03-01,0.1448,Low
M00118,2026-04-01,0.3246,Low
M00118,2026-05-01,0.2068,Low
M00118,2026-06-01,0.3155,Low
M00119,2026-01-01,0.3387,Low
M00119,2026-01-01,0.3313,Low
M00119,2026-02-01,0.1573,Low
M00119,2026-03-01,0.1398,Low
M00119,2026-04-01,0.261,Low
M00119,2026-05-01,0.2274,Low
M00119,2026-06-01,0.1602,Low
M00120,2026-01-01,0.4158,Medium
M00120,2026-02-01,0.4694,Medium
M00120,2026-03-01,0.4767,Medium
M00120,2026-04-01,0.688,High
M00120,2026-05-01,0.5046,Medium
M00120,2026-06-01,0.5018,Medium
M00121,2026-01-01,0.3053,Low
M00121,2026-02-01,0.0822,Low
M00121,2026-03-01,0.2812,Low
M00121,2026-04-01,0.4285,Medium
M00121,2026-05-01,0.3174,Low
M00121,2026-06-01,0.3233,Low
M00122,2026-01-01,0.5078,Medium
M00122,2026-02-01,0.3728,Medium
M00122,2026-03-01,0.5027,Medium
M00122,2026-04-01,0.4431,Medium
M00122,2026-05-01,0.3952,Medium
M00122,2026-06-01,0.537,Medium
M00123,2026-01-01,0.3298,Low
M00123,2026-02-01,0.2828,Low
M00123,2026-03-01,0.3414,Low
M00123,2026-04-01,0.2123,Low
M00123,2026-05-01,0.2399,Low
M00123,2026-06-01,0.247,Low
M00124,2026-01-01,0.4528,Medium
M00124,2026-02-01,0.5495,Medium
M00124,2026-03-01,0.5321,Medium
M00124,2026-04-01,0.6484,Medium
M00124,2026-05-01,0.4298,Medium
M00124,2026-06-01,0.4658,Medium
M00125,2026-01-01,0.1339,Low
M00125,2026-02-01,0.1842,Low
M00125,2026-03-01,0.1738,Low
M00125,2026-04-01,0.3342,Low
M00125,2026-05-01,0.2341,Low
M00125,2026-06-01,0.2866,Low
M00126,2026-01-01,0.2344,Low
M00126,2026-02-01,0.1763,Low
M00126,2026-03-01,0.2144,Low
M00126,2026-04-01,0.1517,Low
M00126,2026-05-01,0.0202,Low
M00126,2026-06-01,0.3287,Low
M00127,2026-01-01,0.3808,Medium
M00127,2026-02-01,0.2711,Low
M00127,2026-03-01,0.1906,Low
M00127,2026-04-01,0.2738,Low
M00127,2026-05-01,0.3086,Low
M00127,2026-06-01,0.2799,Low
M00128,2026-01-01,0.3603,Medium
M00128,2026-02-01,0.1784,Low
M00128,2026-03-01,0.3051,Low
M00128,2026-04-01,0.2582,Low
M00128,2026-05-01,0.2659,Low
M00128,2026-06-01,0.236,Low
M00129,2026-01-01,0.0886,Low
M00129,2026-02-01,0.2464,Low
M00129,2026-03-01,0.2092,Low
M00129,2026-04-01,0.1561,Low
M00129,2026-05-01,0.2807,Low
M00129,2026-06-01,0.1914,Low
M00130,2026-01-01,0.1695,Low
M00130,2026-02-01,0.1511,Low
M00130,2026-03-01,0.2822,Low
M00130,2026-04-01,0.1618,Low
M00130,2026-05-01,0.2138,Low
M00130,2026-06-01,0.1862,Low
M00131,2026-01-01,0.4624,Medium
M00131,2026-02-01,0.4733,Medium
M00131,2026-03-01,0.5295,Medium
M00131,2026-04-01,0.4648,Medium
M00131,2026-05-01,0.5152,Medium
M00131,2026-06-01,0.6421,Medium
M00132,2026-01-01,0.5023,Medium
M00132,2026-02-01,0.4207,Medium
M00132,2026-03-01,0.4389,Medium
M00132,2026-04-01,0.5874,Medium
M00132,2026-05-01,0.6473,Medium
M00132,2026-06-01,0.5744,Medium
M00133,2026-01-01,0.1628,Low
M00133,2026-02-01,0.1497,Low
M00133,2026-03-01,0.2784,Low
M00133,2026-04-01,0.236,Low
M00133,2026-05-01,0.3163,Low
M00133,2026-06-01,0.1562,Low
M00134,2026-01-01,0.8573,High
M00134,2026-02-01,0.7814,High
M00134,2026-03-01,0.7961,High
M00134,2026-04-01,0.7392,High
M00134,2026-05-01,0.7746,High
M00134,2026-06-01,0.7653,High
M00135,2026-01-01,0.6689,Medium
M00135,2026-02-01,0.7845,High
M00135,2026-03-01,0.7601,High
M00135,2026-04-01,0.7958,High
M00135,2026-05-01,0.7628,High
M00135,2026-06-01,0.7956,High
M00136,2026-01-01,0.6671,Medium
M00136,2026-02-01,0.765,High
M00136,2026-03-01,0.777,High
M00136,2026-04-01,0.8307,High
M00136,2026-05-01,0.8096,High
M00136,2026-06-01,0.7284,High
M00137,2026-01-01,0.5234,Medium
M00137,2026-02-01,0.4297,Medium
M00137,2026-02-01,0.4318,Medium
M00137,2026-03-01,0.5187,Medium
M00137,2026-04-01,0.584,Medium
M00137,2026-05-01,0.5046,Medium
M00137,2026-06-01,0.5484,Medium
M00138,2026-01-01,0.3074,Low
M00138,2026-02-01,0.3342,Low
M00138,2026-03-01,0.2487,Low
M00138,2026-04-01,0.1942,Low
M00138,2026-05-01,0.3014,Low
M00138,2026-06-01,0.1963,Low
M00139,2026-01-01,0.222,Low
M00139,2026-02-01,0.2035,Low
M00139,2026-03-01,0.2323,Low
M00139,2026-04-01,0.2038,Low
M00139,2026-05-01,0.1698,Low
M00139,2026-06-01,0.2842,Low
M00140,2026-01-01,0.3232,Low
M00140,2026-02-01,0.1986,Low
M00140,2026-03-01,0.3447,Low
M00140,2026-04-01,0.01,Low
M00140,2026-05-01,0.3678,Medium
M00140,2026-06-01,0.1097,Low
M00141,2026-01-01,0.5311,Medium
M00141,2026-02-01,0.4046,Medium
M00141,2026-03-01,0.5214,Medium
M00141,2026-04-01,0.4256,Medium
M00141,2026-05-01,0.5504,Medium
M00141,2026-06-01,0.5505,Medium
M00142,2026-01-01,0.6338,Medium
M00142,2026-02-01,0.3757,Medium
M00142,2026-03-01,0.5859,Medium
M00142,2026-04-01,0.5206,Medium
M00142,2026-05-01,0.6464,Medium
M00142,2026-06-01,0.5201,Medium
M00143,2026-01-01,0.4899,Medium
M00143,2026-01-01,0.5084,Medium
M00143,2026-02-01,0.5952,Medium
M00143,2026-03-01,0.6764,High
M00143,2026-04-01,0.514,Medium
M00143,2026-05-01,0.6477,Medium
M00143,2026-06-01,0.6163,Medium
M00144,2026-01-01,0.4761,Medium
M00144,2026-02-01,0.6525,Medium
M00144,2026-03-01,0.3915,Medium
M00144,2026-04-01,0.6247,Medium
M00144,2026-05-01,0.5363,Medium
M00144,2026-06-01,0.4764,Medium
M00145,2026-01-01,0.1776,Low
M00145,2026-02-01,0.141,Low
M00145,2026-03-01,0.191,Low
M00145,2026-04-01,0.1453,Low
M00145,2026-05-01,0.3872,Medium
M00145,2026-06-01,0.2513,Low
M00146,2026-01-01,0.5097,Medium
M00146,2026-02-01,0.4811,Medium
M00146,2026-03-01,0.5584,Medium
M00146,2026-04-01,0.4527,Medium
M00146,2026-05-01,0.5486,Medium
M00146,2026-06-01,0.4467,Medium
M00147,2026-01-01,0.0915,Low
M00147,2026-02-01,0.0606,Low
M00147,2026-03-01,0.2377,Low
M00147,2026-04-01,0.3245,Low
M00147,2026-05-01,0.1846,Low
M00147,2026-06-01,0.3291,Low
M00148,2026-01-01,0.2453,Low
M00148,2026-02-01,0.2785,Low
M00148,2026-03-01,0.0137,Low
M00148,2026-04-01,0.1737,Low
M00148,2026-05-01,0.304,Low
M00148,2026-06-01,0.1716,Low
M00149,2026-01-01,0.1251,Low
M00149,2026-02-01,0.1279,Low
M00149,2026-03-01,0.1472,Low
M00149,2026-04-01,0.3978,Medium
M00149,2026-05-01,0.2073,Low
M00149,2026-06-01,0.2475,Low
M00150,2026-01-01,0.3009,Low
M00150,2026-02-01,0.4009,Medium
M00150,2026-03-01,0.2256,Low
M00150,2026-04-01,0.2753,Low
M00150,2026-05-01,0.3065,Low
M00150,2026-06-01,0.204,Low
M00151,2026-01-01,0.4934,Medium
M00151,2026-02-01,0.6262,Medium
M00151,2026-03-01,0.5694,Medium
M00151,2026-04-01,0.5985,Medium
M00151,2026-05-01,0.3245,Low
M00151,2026-06-01,0.6463,Medium
M00152,2026-01-01,0.287,Low
M00152,2026-02-01,0.2434,Low
M00152,2026-03-01,0.2843,Low
M00152,2026-04-01,0.2705,Low
M00152,2026-05-01,0.0719,Low
M00152,2026-06-01,0.2841,Low
M00153,2026-01-01,0.578,Medium
M00153,2026-02-01,0.6124,Medium
M00153,2026-03-01,0.5069,Medium
M00153,2026-04-01,0.6624,Medium
M00153,2026-05-01,0.5796,Medium
M00153,2026-06-01,0.6921,High
M00154,2026-01-01,0.4615,Medium
M00154,2026-02-01,0.5999,Medium
M00154,2026-03-01,0.5821,Medium
M00154,2026-04-01,0.7223,High
M00154,2026-05-01,0.5529,Medium
M00154,2026-06-01,0.4965,Medium
M00155,2026-01-01,0.2842,Low
M00155,2026-02-01,0.4272,Medium
M00155,2026-03-01,0.1636,Low
M00155,2026-04-01,0.1608,Low
M00155,2026-05-01,0.3576,Medium
M00155,2026-06-01,0.1779,Low
M00156,2026-01-01,0.1714,Low
M00156,2026-02-01,0.1778,Low
M00156,2026-03-01,0.1197,Low
M00156,2026-04-01,0.1299,Low
M00156,2026-05-01,0.1436,Low
M00156,2026-06-01,0.0387,Low
M00157,2026-01-01,0.1706,Low
M00157,2026-02-01,0.2626,Low
M00157,2026-03-01,0.1894,Low
M00157,2026-04-01,0.0904,Low
M00157,2026-05-01,0.1647,Low
M00157,2026-06-01,0.3865,Medium
M00158,2026-01-01,0.0956,Low
M00158,2026-02-01,0.3285,Low
M00158,2026-03-01,0.3547,Medium
M00158,2026-04-01,0.3368,Low
M00158,2026-05-01,0.227,Low
M00158,2026-06-01,0.2426,Low
M00159,2026-01-01,0.1403,Low
M00159,2026-02-01,0.191,Low
M00159,2026-03-01,0.0597,Low
M00159,2026-04-01,0.2217,Low
M00159,2026-05-01,0.154,Low
M00159,2026-06-01,0.1969,Low
M00160,2026-01-01,0.2709,Low
M00160,2026-02-01,0.284,Low
M00160,2026-03-01,0.1169,Low
M00160,2026-04-01,0.1713,Low
M00160,2026-05-01,0.2761,Low
M00160,2026-06-01,0.3473,Low
M00161,2026-01-01,0.1725,Low
M00161,2026-02-01,0.3088,Low
M00161,2026-02-01,0.3182,Low
M00161,2026-03-01,0.3691,Medium
M00161,2026-04-01,0.1987,Low
M00161,2026-05-01,0.1813,Low
M00161,2026-06-01,0.2086,Low
M00162,2026-01-01,0.2675,Low
M00162,2026-02-01,0.1676,Low
M00162,2026-03-01,0.2632,Low
M00162,2026-04-01,0.1915,Low
M00162,2026-05-01,0.1252,Low
M00162,2026-06-01,0.3977,Medium
M00163,2026-01-01,0.1936,Low
M00163,2026-02-01,0.1052,Low
M00163,2026-03-01,0.2345,Low
M00163,2026-04-01,0.2147,Low
M00163,2026-05-01,0.1606,Low
M00163,2026-06-01,0.3329,Low
M00164,2026-01-01,0.7477,High
M00164,2026-02-01,0.783,High
M00164,2026-03-01,0.6433,Medium
M00164,2026-04-01,0.8809,High
M00164,2026-05-01,0.773,High
M00164,2026-06-01,0.7808,High
M00165,2026-01-01,0.5854,Medium
M00165,2026-02-01,0.617,Medium
M00165,2026-03-01,0.4309,Medium
M00165,2026-04-01,0.583,Medium
M00165,2026-05-01,0.5004,Medium
M00165,2026-06-01,0.5594,Medium
M00166,2026-01-01,0.1691,Low
M00166,2026-02-01,0.114,Low
M00166,2026-03-01,0.2195,Low
M00166,2026-04-01,0.2246,Low
M00166,2026-05-01,0.115,Low
M00166,2026-06-01,0.3081,Low
M00167,2026-01-01,0.3587,Medium
M00167,2026-02-01,0.4967,Medium
M00167,2026-03-01,0.4921,Medium
M00167,2026-04-01,0.5155,Medium
M00167,2026-05-01,0.3323,Low
M00167,2026-06-01,0.668,Medium
M00168,2026-01-01,0.2385,Low
M00168,2026-02-01,0.282,Low
M00168,2026-03-01,0.1929,Low
M00168,2026-04-01,0.2059,Low
M00168,2026-05-01,0.2925,Low
M00168,2026-06-01,0.3195,Low
M00169,2026-01-01,0.1206,Low
M00169,2026-02-01,0.1171,Low
M00169,2026-03-01,0.1264,Low
M00169,2026-04-01,0.2136,Low
M00169,2026-05-01,0.3027,Low
M00169,2026-06-01,0.1951,Low
M00170,2026-01-01,0.151,Low
M00170,2026-02-01,0.1868,Low
M00170,2026-03-01,0.1951,Low
M00170,2026-04-01,0.1878,Low
M00170,2026-05-01,0.0325,Low
M00170,2026-06-01,0.2605,Low
M00171,2026-01-01,0.5923,Medium
M00171,2026-02-01,0.471,Medium
M00171,2026-03-01,0.6194,Medium
M00171,2026-04-01,0.6297,Medium
M00171,2026-05-01,0.5359,Medium
M00171,2026-06-01,0.5361,Medium
M00172,2026-01-01,0.2552,Low
M00172,2026-02-01,0.2874,Low
M00172,2026-03-01,0.1903,Low
M00172,2026-04-01,0.2512,Low
M00172,2026-05-01,0.2945,Low
M00172,2026-06-01,0.2325,Low
M00173,2026-01-01,0.1795,Low
M00173,2026-02-01,0.1823,Low
M00173,2026-03-01,0.2381,Low
M00173,2026-04-01,0.3744,Medium
M00173,2026-05-01,0.3225,Low
M00173,2026-05-01,0.3392,Low
M00173,2026-06-01,0.2391,Low
M00174,2026-01-01,0.4689,Medium
M00174,2026-02-01,0.5708,Medium
M00174,2026-03-01,0.4782,Medium
M00174,2026-04-01,0.4444,Medium
M00174,2026-05-01,0.6328,Medium
M00174,2026-06-01,0.6089,Medium
M00175,2026-01-01,0.6897,High
M00175,2026-02-01,0.9591,High
M00175,2026-03-01,0.7537,High
M00175,2026-04-01,0.9513,High
M00175,2026-05-01,0.9208,High
M00175,2026-06-01,0.7948,High
M00176,2026-01-01,0.1172,Low
M00176,2026-02-01,0.1072,Low
M00176,2026-03-01,0.2506,Low
M00176,2026-04-01,0.2164,Low
M00176,2026-05-01,0.118,Low
M00176,2026-06-01,0.3574,Medium
M00177,2026-01-01,0.2027,Low
M00177,2026-02-01,0.2323,Low
M00177,2026-03-01,0.2161,Low
M00177,2026-04-01,0.2434,Low
M00177,2026-05-01,0.0805,Low
M00177,2026-06-01,0.2587,Low
M00178,2026-01-01,0.8485,High
M00178,2026-02-01,0.8589,High
M00178,2026-03-01,0.7804,High
M00178,2026-04-01,0.65,Medium
M00178,2026-05-01,0.9243,High
M00178,2026-06-01,0.6314,Medium
M00179,2026-01-01,0.3386,Low
M00179,2026-02-01,0.1336,Low
M00179,2026-03-01,0.2499,Low
M00179,2026-03-01,0.2287,Low
M00179,2026-04-01,0.3007,Low
M00179,2026-05-01,0.1757,Low
M00179,2026-06-01,0.3004,Low
M00180,2026-01-01,0.252,Low
M00180,2026-02-01,0.4092,Medium
M00180,2026-03-01,0.225,Low
M00180,2026-04-01,0.3829,Medium
M00180,2026-05-01,0.3986,Medium
M00180,2026-06-01,0.2316,Low
M00181,2026-01-01,0.7763,High
M00181,2026-01-01,0.7843,High
M00181,2026-02-01,0.7937,High
M00181,2026-03-01,0.7103,High
M00181,2026-04-01,0.8332,High
M00181,2026-05-01,0.8165,High
M00181,2026-06-01,0.7808,High
M00182,2026-01-01,0.4977,Medium
M00182,2026-02-01,0.4233,Medium
M00182,2026-03-01,0.4755,Medium
M00182,2026-04-01,0.5826,Medium
M00182,2026-05-01,0.4618,Medium
M00182,2026-06-01,0.6728,High
M00183,2026-01-01,0.2726,Low
M00183,2026-02-01,0.2427,Low
M00183,2026-03-01,0.2226,Low
M00183,2026-04-01,0.3176,Low
M00183,2026-05-01,0.2661,Low
M00183,2026-06-01,0.3111,Low
M00184,2026-01-01,0.4724,Medium
M00184,2026-02-01,0.3614,Medium
M00184,2026-03-01,0.3893,Medium
M00184,2026-04-01,0.6675,Medium
M00184,2026-05-01,0.5903,Medium
M00184,2026-06-01,0.5443,Medium
M00185,2026-01-01,0.427,Medium
M00185,2026-02-01,0.4779,Medium
M00185,2026-03-01,0.7159,High
M00185,2026-04-01,0.4799,Medium
M00185,2026-05-01,0.4915,Medium
M00185,2026-06-01,0.5922,Medium
M00186,2026-01-01,0.3053,Low
M00186,2026-02-01,0.1851,Low
M00186,2026-03-01,0.2735,Low
M00186,2026-04-01,0.2126,Low
M00186,2026-05-01,0.3391,Low
M00186,2026-06-01,0.302,Low
M00187,2026-01-01,0.2116,Low
M00187,2026-02-01,0.2679,Low
M00187,2026-03-01,0.0792,Low
M00187,2026-04-01,0.3118,Low
M00187,2026-05-01,0.2669,Low
M00187,2026-06-01,0.3152,Low
M00188,2026-01-01,0.1581,Low
M00188,2026-02-01,0.2671,Low
M00188,2026-03-01,0.2215,Low
M00188,2026-04-01,0.1157,Low
M00188,2026-05-01,0.2373,Low
M00188,2026-06-01,0.2997,Low
M00189,2026-01-01,0.5349,Medium
M00189,2026-02-01,0.4228,Medium
M00189,2026-03-01,0.6446,Medium
M00189,2026-04-01,0.4139,Medium
M00189,2026-05-01,0.5734,Medium
M00189,2026-06-01,0.4309,Medium
M00190,2026-01-01,0.4833,Medium
M00190,2026-02-01,0.5282,Medium
M00190,2026-03-01,0.5738,Medium
M00190,2026-04-01,0.5802,Medium
M00190,2026-05-01,0.526,Medium
M00190,2026-06-01,0.5413,Medium
M00191,2026-01-01,0.2951,Low
M00191,2026-02-01,0.2884,Low
M00191,2026-03-01,0.2488,Low
M00191,2026-04-01,0.2708,Low
M00191,2026-05-01,0.1878,Low
M00191,2026-06-01,0.1247,Low
M00192,2026-01-01,0.5658,Medium
M00192,2026-02-01,0.4993,Medium
M00192,2026-03-01,0.4661,Medium
M00192,2026-04-01,0.6213,Medium
M00192,2026-05-01,0.5006,Medium
M00192,2026-06-01,0.459,Medium
M00193,2026-01-01,0.4923,Medium
M00193,2026-01-01,0.4858,Medium
M00193,2026-02-01,0.5843,Medium
M00193,2026-03-01,0.6005,Medium
M00193,2026-04-01,0.4705,Medium
M00193,2026-05-01,0.4807,Medium
M00193,2026-06-01,0.5413,Medium
M00194,2026-01-01,0.3365,Low
M00194,2026-02-01,0.2934,Low
M00194,2026-03-01,0.2125,Low
M00194,2026-04-01,0.1967,Low
M00194,2026-05-01,0.2356,Low
M00194,2026-06-01,0.1167,Low
M00195,2026-01-01,0.5516,Medium
M00195,2026-02-01,0.3485,Low
M00195,2026-03-01,0.4985,Medium
M00195,2026-04-01,0.5893,Medium
M00195,2026-05-01,0.561,Medium
M00195,2026-06-01,0.6451,Medium
M00196,2026-01-01,0.5107,Medium
M00196,2026-02-01,0.4773,Medium
M00196,2026-03-01,0.5705,Medium
M00196,2026-04-01,0.4503,Medium
M00196,2026-05-01,0.546,Medium
M00196,2026-06-01,0.4606,Medium
M00197,2026-01-01,0.2968,Low
M00197,2026-02-01,0.1785,Low
M00197,2026-03-01,0.1862,Low
M00197,2026-04-01,0.1641,Low
M00197,2026-05-01,0.2969,Low
M00197,2026-06-01,0.2341,Low
M00198,2026-01-01,0.7585,High
M00198,2026-02-01,0.7185,High
M00198,2026-02-01,0.6945,High
M00198,2026-03-01,0.7305,High
M00198,2026-04-01,0.8043,High
M00198,2026-05-01,0.7623,High
M00198,2026-06-01,0.734,High
M00199,2026-01-01,0.3058,Low
M00199,2026-02-01,0.4372,Medium
M00199,2026-03-01,0.3155,Low
M00199,2026-04-01,0.1186,Low
M00199,2026-05-01,0.2743,Low
M00199,2026-06-01,0.3091,Low
M00200,2026-01-01,0.1885,Low
M00200,2026-02-01,0.1519,Low
M00200,2026-03-01,0.2928,Low
M00200,2026-04-01,0.2855,Low
M00200,2026-05-01,0.3456,Low
M00200,2026-06-01,0.2391,Low
M00201,2026-01-01,0.5416,Medium
M00201,2026-02-01,0.4895,Medium
M00201,2026-03-01,0.5438,Medium
M00201,2026-04-01,0.5258,Medium
M00201,2026-05-01,0.7091,High
M00201,2026-06-01,0.5255,Medium
M00202,2026-01-01,0.5954,Medium
M00202,2026-02-01,0.5265,Medium
M00202,2026-03-01,0.4568,Medium
M00202,2026-04-01,0.4909,Medium
M00202,2026-05-01,0.5984,Medium
M00202,2026-06-01,0.4939,Medium
M00203,2026-01-01,0.7822,High
M00203,2026-02-01,0.8645,High
M00203,2026-03-01,0.6551,Medium
M00203,2026-04-01,0.8709,High
M00203,2026-05-01,0.7875,High
M00203,2026-06-01,0.7979,High
M00204,2026-01-01,0.1966,Low
M00204,2026-02-01,0.2811,Low
M00204,2026-03-01,0.1613,Low
M00204,2026-04-01,0.2183,Low
M00204,2026-05-01,0.1916,Low
M00204,2026-06-01,0.3386,Low
M00205,2026-01-01,0.2741,Low
M00205,2026-02-01,0.1724,Low
M00205,2026-03-01,0.2375,Low
M00205,2026-04-01,0.2054,Low
M00205,2026-05-01,0.172,Low
M00205,2026-06-01,0.1226,Low
M00206,2026-01-01,0.2135,Low
M00206,2026-02-01,0.2071,Low
M00206,2026-03-01,0.3245,Low
M00206,2026-04-01,0.4303,Medium
M00206,2026-05-01,0.2454,Low
M00206,2026-06-01,0.3399,Low
M00207,2026-01-01,0.5682,Medium
M00207,2026-02-01,0.5563,Medium
M00207,2026-03-01,0.4904,Medium
M00207,2026-04-01,0.5564,Medium
M00207,2026-05-01,0.4685,Medium
M00207,2026-06-01,0.5435,Medium
M00208,2026-01-01,0.2217,Low
M00208,2026-02-01,0.0729,Low
M00208,2026-03-01,0.2362,Low
M00208,2026-04-01,0.191,Low
M00208,2026-05-01,0.3205,Low
M00208,2026-06-01,0.1644,Low
M00209,2026-01-01,0.522,Medium
M00209,2026-02-01,0.629,Medium
M00209,2026-03-01,0.5856,Medium
M00209,2026-04-01,0.5809,Medium
M00209,2026-05-01,0.4816,Medium
M00209,2026-06-01,0.6222,Medium
M00210,2026-01-01,0.3189,Low
M00210,2026-02-01,0.1405,Low
M00210,2026-03-01,0.2278,Low
M00210,2026-04-01,0.2212,Low
M00210,2026-05-01,0.2893,Low
M00210,2026-06-01,0.3605,Medium
M00211,2026-01-01,0.2076,Low
M00211,2026-02-01,0.2437,Low
M00211,2026-03-01,0.2445,Low
M00211,2026-04-01,0.1651,Low
M00211,2026-05-01,0.2519,Low
M00211,2026-06-01,0.1055,Low
M00212,2026-01-01,0.2253,Low
M00212,2026-02-01,0.2192,Low
M00212,2026-03-01,0.1485,Low
M00212,2026-04-01,0.2994,Low
M00212,2026-05-01,0.2479,Low
M00212,2026-06-01,0.2278,Low
M00213,2026-01-01,0.651,Medium
M00213,2026-02-01,0.7827,High
M00213,2026-03-01,0.6694,Medium
M00213,2026-04-01,0.8869,High
M00213,2026-05-01,0.7796,High
M00213,2026-06-01,0.7797,High
M00214,2026-01-01,0.1629,Low
M00214,2026-02-01,0.268,Low
M00214,2026-03-01,0.23,Low
M00214,2026-04-01,0.2288,Low
M00214,2026-05-01,0.3199,Low
M00214,2026-06-01,0.2671,Low
M00215,2026-01-01,0.2024,Low
M00215,2026-02-01,0.2247,Low
M00215,2026-03-01,0.1049,Low
M00215,2026-04-01,0.2722,Low
M00215,2026-05-01,0.0731,Low
M00215,2026-05-01,0.0605,Low
M00215,2026-06-01,0.2622,Low
M00216,2026-01-01,0.0607,Low
M00216,2026-02-01,0.2685,Low
M00216,2026-03-01,0.2125,Low
M00216,2026-04-01,0.3105,Low
M00216,2026-05-01,0.2732,Low
M00216,2026-06-01,0.2471,Low
M00217,2026-01-01,0.6811,High
M00217,2026-02-01,0.7298,High
M00217,2026-03-01,0.8148,High
M00217,2026-04-01,0.7712,High
M00217,2026-05-01,0.8029,High
M00217,2026-06-01,0.7506,High
M00218,2026-01-01,0.5594,Medium
M00218,2026-02-01,0.3855,Medium
M00218,2026-03-01,0.5349,Medium
M00218,2026-04-01,0.5351,Medium
M00218,2026-05-01,0.5217,Medium
M00218,2026-06-01,0.4472,Medium
M00219,2026-01-01,0.8124,High
M00219,2026-02-01,0.7591,High
M00219,2026-03-01,0.8295,High
M00219,2026-04-01,0.8266,High
M00219,2026-05-01,0.8016,High
M00219,2026-06-01,0.8433,High
M00220,2026-01-01,0.3703,Medium
M00220,2026-02-01,0.3335,Low
M00220,2026-03-01,0.1103,Low
M00220,2026-04-01,0.1717,Low
M00220,2026-05-01,0.2866,Low
M00220,2026-06-01,0.2862,Low
M00221,2026-01-01,0.0698,Low
M00221,2026-02-01,0.0989,Low
M00221,2026-03-01,0.227,Low
M00221,2026-04-01,0.2057,Low
M00221,2026-05-01,0.3284,Low
M00221,2026-06-01,0.2915,Low
M00222,2026-01-01,0.2834,Low
M00222,2026-02-01,0.2177,Low
M00222,2026-03-01,0.2153,Low
M00222,2026-04-01,0.3075,Low
M00222,2026-05-01,0.2446,Low
M00222,2026-05-01,0.2482,Low
M00222,2026-06-01,0.1691,Low
M00222,2026-06-01,0.1482,Low
M00223,2026-01-01,0.5484,Medium
M00223,2026-02-01,0.4728,Medium
M00223,2026-03-01,0.4429,Medium
M00223,2026-03-01,0.4237,Medium
M00223,2026-04-01,0.5336,Medium
M00223,2026-05-01,0.4667,Medium
M00223,2026-06-01,0.4209,Medium
M00224,2026-01-01,0.1618,Low
M00224,2026-02-01,0.3929,Medium
M00224,2026-03-01,0.2617,Low
M00224,2026-04-01,0.2333,Low
M00224,2026-05-01,0.241,Low
M00224,2026-06-01,0.2652,Low
M00225,2026-01-01,0.6193,Medium
M00225,2026-02-01,0.3512,Medium
M00225,2026-03-01,0.5553,Medium
M00225,2026-04-01,0.554,Medium
M00225,2026-05-01,0.5,Medium
M00225,2026-06-01,0.6559,Medium
M00226,2026-01-01,0.063,Low
M00226,2026-02-01,0.2402,Low
M00226,2026-03-01,0.1033,Low
M00226,2026-04-01,0.3952,Medium
M00226,2026-05-01,0.3662,Medium
M00226,2026-06-01,0.3395,Low
M00227,2026-01-01,0.6192,Medium
M00227,2026-02-01,0.4952,Medium
M00227,2026-03-01,0.5193,Medium
M00227,2026-04-01,0.6492,Medium
M00227,2026-05-01,0.618,Medium
M00227,2026-06-01,0.4695,Medium
M00228,2026-01-01,0.2041,Low
M00228,2026-02-01,0.1462,Low
M00228,2026-03-01,0.2333,Low
M00228,2026-04-01,0.386,Medium
M00228,2026-05-01,0.3788,Medium
M00228,2026-06-01,0.3117,Low
M00229,2026-01-01,0.2603,Low
M00229,2026-02-01,0.3345,Low
M00229,2026-03-01,0.2078,Low
M00229,2026-04-01,0.1976,Low
M00229,2026-05-01,0.3023,Low
M00229,2026-06-01,0.3254,Low
M00230,2026-01-01,0.5419,Medium
M00230,2026-02-01,0.4251,Medium
M00230,2026-03-01,0.6208,Medium
M00230,2026-04-01,0.4492,Medium
M00230,2026-05-01,0.5534,Medium
M00230,2026-06-01,0.6846,High
M00231,2026-01-01,0.3142,Low
M00231,2026-02-01,0.0342,Low
M00231,2026-03-01,0.2041,Low
M00231,2026-04-01,0.2203,Low
M00231,2026-05-01,0.2877,Low
M00231,2026-06-01,0.2759,Low
M00232,2026-01-01,0.6287,Medium
M00232,2026-02-01,0.7432,High
M00232,2026-03-01,0.7386,High
M00232,2026-04-01,0.9073,High
M00232,2026-05-01,0.8334,High
M00232,2026-06-01,0.8488,High
M00233,2026-01-01,0.5962,Medium
M00233,2026-02-01,0.4122,Medium
M00233,2026-03-01,0.4309,Medium
M00233,2026-04-01,0.4257,Medium
M00233,2026-05-01,0.4889,Medium
M00233,2026-06-01,0.4479,Medium
M00234,2026-01-01,0.1047,Low
M00234,2026-02-01,0.2173,Low
M00234,2026-03-01,0.123,Low
M00234,2026-04-01,0.2005,Low
M00234,2026-05-01,0.2217,Low
M00234,2026-06-01,0.2408,Low
M00235,2026-01-01,0.2202,Low
M00235,2026-02-01,0.2283,Low
M00235,2026-03-01,0.1944,Low
M00235,2026-04-01,0.3043,Low
M00235,2026-05-01,0.1437,Low
M00235,2026-06-01,0.4199,Medium
M00236,2026-01-01,0.3469,Low
M00236,2026-02-01,0.286,Low
M00236,2026-03-01,0.3855,Medium
M00236,2026-04-01,0.384,Medium
M00236,2026-05-01,0.1622,Low
M00236,2026-06-01,0.32,Low
M00237,2026-01-01,0.3436,Low
M00237,2026-02-01,0.2042,Low
M00237,2026-03-01,0.2125,Low
M00237,2026-04-01,0.2192,Low
M00237,2026-05-01,0.3335,Low
M00237,2026-06-01,0.2293,Low
M00238,2026-01-01,0.1265,Low
M00238,2026-02-01,0.1682,Low
M00238,2026-03-01,0.0579,Low
M00238,2026-04-01,0.2871,Low
M00238,2026-05-01,0.1755,Low
M00238,2026-06-01,0.3669,Medium
M00239,2026-01-01,0.3212,Low
M00239,2026-02-01,0.0975,Low
M00239,2026-03-01,0.299,Low
M00239,2026-04-01,0.1243,Low
M00239,2026-05-01,0.1963,Low
M00239,2026-06-01,0.1261,Low
M00240,2026-01-01,0.4897,Medium
M00240,2026-02-01,0.4778,Medium
M00240,2026-03-01,0.6063,Medium
M00240,2026-04-01,0.6884,High
M00240,2026-05-01,0.4862,Medium
M00240,2026-06-01,0.4653,Medium
M00241,2026-01-01,0.0698,Low
M00241,2026-02-01,0.2151,Low
M00241,2026-03-01,0.2609,Low
M00241,2026-04-01,0.2608,Low
M00241,2026-05-01,0.3836,Medium
M00241,2026-06-01,0.2852,Low
M00242,2026-01-01,0.2646,Low
M00242,2026-02-01,0.2923,Low
M00242,2026-03-01,0.1412,Low
M00242,2026-04-01,0.3065,Low
M00242,2026-05-01,0.3444,Low
M00242,2026-06-01,0.138,Low
M00243,2026-01-01,0.128,Low
M00243,2026-02-01,0.2331,Low
M00243,2026-03-01,0.2322,Low
M00243,2026-04-01,0.1296,Low
M00243,2026-05-01,0.2923,Low
M00243,2026-06-01,0.1436,Low
M00244,2026-01-01,0.4672,Medium
M00244,2026-02-01,0.4592,Medium
M00244,2026-03-01,0.5192,Medium
M00244,2026-04-01,0.475,Medium
M00244,2026-05-01,0.4999,Medium
M00244,2026-06-01,0.4655,Medium
M00245,2026-01-01,0.1612,Low
M00245,2026-02-01,0.29,Low
M00245,2026-03-01,0.3125,Low
M00245,2026-04-01,0.1886,Low
M00245,2026-05-01,0.2129,Low
M00245,2026-06-01,0.1621,Low
M00246,2026-01-01,0.1756,Low
M00246,2026-02-01,0.1544,Low
M00246,2026-03-01,0.1895,Low
M00246,2026-04-01,0.2495,Low
M00246,2026-05-01,0.1787,Low
M00246,2026-06-01,0.2512,Low
M00247,2026-01-01,0.4068,Medium
M00247,2026-02-01,0.1505,Low
M00247,2026-03-01,0.2498,Low
M00247,2026-04-01,0.1817,Low
M00247,2026-05-01,0.0726,Low
M00247,2026-06-01,0.1493,Low
M00248,2026-01-01,0.5132,Medium
M00248,2026-02-01,0.5523,Medium
M00248,2026-03-01,0.643,Medium
M00248,2026-04-01,0.6718,High
M00248,2026-05-01,0.5652,Medium
M00248,2026-06-01,0.5506,Medium
M00249,2026-01-01,0.1766,Low
M00249,2026-02-01,0.1523,Low
M00249,2026-03-01,0.1067,Low
M00249,2026-04-01,0.2483,Low
M00249,2026-05-01,0.2357,Low
M00249,2026-06-01,0.2673,Low
M00250,2026-01-01,0.38,Medium
M00250,2026-02-01,0.5151,Medium
M00250,2026-03-01,0.5802,Medium
M00250,2026-03-01,0.6099,Medium
M00250,2026-04-01,0.7191,High
M00250,2026-04-01,0.73,High
M00250,2026-05-01,0.5694,Medium
M00250,2026-06-01,0.5955,Medium
M00251,2026-01-01,0.1215,Low
M00251,2026-02-01,0.2396,Low
M00251,2026-03-01,0.1804,Low
M00251,2026-04-01,0.1431,Low
M00251,2026-05-01,0.2623,Low
M00251,2026-05-01,0.2806,Low
M00251,2026-06-01,0.1401,Low
M00252,2026-01-01,0.5501,Medium
M00252,2026-02-01,0.4609,Medium
M00252,2026-03-01,0.5262,Medium
M00252,2026-04-01,0.5256,Medium
M00252,2026-05-01,0.5551,Medium
M00252,2026-06-01,0.4113,Medium
M00253,2026-01-01,0.4085,Medium
M00253,2026-02-01,0.4241,Medium
M00253,2026-03-01,0.6116,Medium
M00253,2026-04-01,0.7203,High
M00253,2026-05-01,0.4849,Medium
M00253,2026-06-01,0.5849,Medium
M00254,2026-01-01,0.5898,Medium
M00254,2026-02-01,0.4627,Medium
M00254,2026-03-01,0.4189,Medium
M00254,2026-04-01,0.468,Medium
M00254,2026-05-01,0.3906,Medium
M00254,2026-06-01,0.4046,Medium
M00255,2026-01-01,0.5464,Medium
M00255,2026-02-01,0.5604,Medium
M00255,2026-03-01,0.5423,Medium
M00255,2026-04-01,0.2914,Low
M00255,2026-05-01,0.5449,Medium
M00255,2026-06-01,0.6441,Medium
M00256,2026-01-01,0.2555,Low
M00256,2026-02-01,0.2693,Low
M00256,2026-03-01,0.3027,Low
M00256,2026-04-01,0.2841,Low
M00256,2026-05-01,0.1158,Low
M00256,2026-06-01,0.1801,Low
M00257,2026-01-01,0.1595,Low
M00257,2026-02-01,0.1171,Low
M00257,2026-03-01,0.1333,Low
M00257,2026-04-01,0.2432,Low
M00257,2026-05-01,0.2057,Low
M00257,2026-06-01,0.1782,Low
M00258,2026-01-01,0.6444,Medium
M00258,2026-02-01,0.5111,Medium
M00258,2026-03-01,0.5762,Medium
M00258,2026-03-01,0.5983,Medium
M00258,2026-04-01,0.5299,Medium
M00258,2026-04-01,0.5005,Medium
M00258,2026-05-01,0.5011,Medium
M00258,2026-06-01,0.621,Medium
M00259,2026-01-01,0.2779,Low
M00259,2026-02-01,0.2852,Low
M00259,2026-03-01,0.2842,Low
M00259,2026-04-01,0.1749,Low
M00259,2026-05-01,0.219,Low
M00259,2026-06-01,0.2495,Low
M00260,2026-01-01,0.0807,Low
M00260,2026-02-01,0.163,Low
M00260,2026-03-01,0.1916,Low
M00260,2026-04-01,0.3619,Medium
M00260,2026-05-01,0.1943,Low
M00260,2026-06-01,0.259,Low
M00261,2026-01-01,0.5537,Medium
M00261,2026-02-01,0.4932,Medium
M00261,2026-03-01,0.595,Medium
M00261,2026-04-01,0.5858,Medium
M00261,2026-05-01,0.5893,Medium
M00261,2026-06-01,0.3632,Medium
M00262,2026-01-01,0.1504,Low
M00262,2026-02-01,0.18,Low
M00262,2026-02-01,0.1577,Low
M00262,2026-03-01,0.2884,Low
M00262,2026-04-01,0.1611,Low
M00262,2026-05-01,0.2191,Low
M00262,2026-06-01,0.2142,Low
M00263,2026-01-01,0.3023,Low
M00263,2026-02-01,0.2031,Low
M00263,2026-03-01,0.1993,Low
M00263,2026-04-01,0.3326,Low
M00263,2026-05-01,0.2778,Low
M00263,2026-06-01,0.3626,Medium
M00263,2026-06-01,0.3607,Medium
M00264,2026-01-01,0.6078,Medium
M00264,2026-02-01,0.4782,Medium
M00264,2026-03-01,0.4904,Medium
M00264,2026-04-01,0.6018,Medium
M00264,2026-05-01,0.4973,Medium
M00264,2026-06-01,0.5317,Medium
M00265,2026-01-01,0.5447,Medium
M00265,2026-02-01,0.5947,Medium
M00265,2026-03-01,0.5218,Medium
M00265,2026-04-01,0.7258,High
M00265,2026-05-01,0.6596,Medium
M00265,2026-06-01,0.6861,High
M00266,2026-01-01,0.579,Medium
M00266,2026-02-01,0.564,Medium
M00266,2026-03-01,0.5735,Medium
M00266,2026-04-01,0.7518,High
M00266,2026-05-01,0.3812,Medium
M00266,2026-06-01,0.485,Medium
M00267,2026-01-01,0.5462,Medium
M00267,2026-02-01,0.4741,Medium
M00267,2026-03-01,0.5748,Medium
M00267,2026-04-01,0.5426,Medium
M00267,2026-05-01,0.655,Medium
M00267,2026-06-01,0.55,Medium
M00268,2026-01-01,0.1727,Low
M00268,2026-02-01,0.2917,Low
M00268,2026-03-01,0.1735,Low
M00268,2026-04-01,0.2042,Low
M00268,2026-05-01,0.3828,Medium
M00268,2026-06-01,0.2827,Low
M00269,2026-01-01,0.5609,Medium
M00269,2026-02-01,0.5021,Medium
M00269,2026-03-01,0.4102,Medium
M00269,2026-04-01,0.5008,Medium
M00269,2026-05-01,0.5193,Medium
M00269,2026-06-01,0.5645,Medium
M00270,2026-01-01,0.6094,Medium
M00270,2026-02-01,0.4948,Medium
M00270,2026-03-01,0.546,Medium
M00270,2026-04-01,0.4724,Medium
M00270,2026-05-01,0.5399,Medium
M00270,2026-06-01,0.508,Medium
M00271,2026-01-01,0.2307,Low
M00271,2026-02-01,0.1582,Low
M00271,2026-03-01,0.2145,Low
M00271,2026-04-01,0.2032,Low
M00271,2026-05-01,0.2269,Low
M00271,2026-06-01,0.2421,Low
M00272,2026-01-01,0.7524,High
M00272,2026-02-01,0.8157,High
M00272,2026-03-01,0.7959,High
M00272,2026-04-01,0.6951,High
M00272,2026-05-01,0.8208,High
M00272,2026-06-01,0.8395,High
M00273,2026-01-01,0.1553,Low
M00273,2026-02-01,0.2389,Low
M00273,2026-03-01,0.2249,Low
M00273,2026-04-01,0.2643,Low
M00273,2026-05-01,0.2687,Low
M00273,2026-06-01,0.2547,Low
M00274,2026-01-01,0.2504,Low
M00274,2026-02-01,0.101,Low
M00274,2026-03-01,0.191,Low
M00274,2026-04-01,0.2405,Low
M00274,2026-05-01,0.2063,Low
M00274,2026-06-01,0.2852,Low
M00275,2026-01-01,0.1495,Low
M00275,2026-02-01,0.1843,Low
M00275,2026-03-01,0.1035,Low
M00275,2026-04-01,0.3018,Low
M00275,2026-05-01,0.3858,Medium
M00275,2026-06-01,0.2072,Low
M00276,2026-01-01,0.7048,High
M00276,2026-02-01,0.7778,High
M00276,2026-03-01,0.6255,Medium
M00276,2026-04-01,0.7818,High
M00276,2026-05-01,0.8605,High
M00276,2026-06-01,0.839,High
M00277,2026-01-01,0.2149,Low
M00277,2026-02-01,0.2047,Low
M00277,2026-03-01,0.1618,Low
M00277,2026-04-01,0.3437,Low
M00277,2026-05-01,0.1812,Low
M00277,2026-06-01,0.2005,Low
M00278,2026-01-01,0.2627,Low
M00278,2026-02-01,0.3022,Low
M00278,2026-03-01,0.1741,Low
M00278,2026-04-01,0.234,Low
M00278,2026-05-01,0.2265,Low
M00278,2026-06-01,0.2298,Low
M00279,2026-01-01,0.6962,High
M00279,2026-02-01,0.5962,Medium
M00279,2026-03-01,0.596,Medium
M00279,2026-04-01,0.4479,Medium
M00279,2026-05-01,0.5998,Medium
M00279,2026-06-01,0.6241,Medium
M00280,2026-01-01,0.2648,Low
M00280,2026-02-01,0.2255,Low
M00280,2026-03-01,0.204,Low
M00280,2026-04-01,0.1654,Low
M00280,2026-05-01,0.1504,Low
M00280,2026-06-01,0.2055,Low
M00281,2026-01-01,0.3,Low
M00281,2026-02-01,0.2653,Low
M00281,2026-03-01,0.2805,Low
M00281,2026-04-01,0.0902,Low
M00281,2026-05-01,0.2026,Low
M00281,2026-06-01,0.1596,Low
M00282,2026-01-01,0.1214,Low
M00282,2026-02-01,0.2528,Low
M00282,2026-03-01,0.2416,Low
M00282,2026-04-01,0.359,Medium
M00282,2026-05-01,0.3328,Low
M00282,2026-06-01,0.3072,Low
M00283,2026-01-01,0.1956,Low
M00283,2026-02-01,0.1956,Low
M00283,2026-03-01,0.385,Medium
M00283,2026-04-01,0.3306,Low
M00283,2026-05-01,0.1857,Low
M00283,2026-06-01,0.2693,Low
M00284,2026-01-01,0.1882,Low
M00284,2026-02-01,0.1152,Low
M00284,2026-03-01,0.2191,Low
M00284,2026-04-01,0.4207,Medium
M00284,2026-05-01,0.1811,Low
M00284,2026-06-01,0.2002,Low
M00285,2026-01-01,0.3895,Medium
M00285,2026-02-01,0.5704,Medium
M00285,2026-03-01,0.5442,Medium
M00285,2026-04-01,0.6605,Medium
M00285,2026-05-01,0.6312,Medium
M00285,2026-06-01,0.4512,Medium
M00286,2026-01-01,0.1135,Low
M00286,2026-02-01,0.3225,Low
M00286,2026-03-01,0.274,Low
M00286,2026-04-01,0.2691,Low
M00286,2026-05-01,0.302,Low
M00286,2026-06-01,0.2325,Low
M00287,2026-01-01,0.4757,Medium
M00287,2026-01-01,0.4882,Medium
M00287,2026-02-01,0.5292,Medium
M00287,2026-03-01,0.5877,Medium
M00287,2026-04-01,0.6206,Medium
M00287,2026-05-01,0.6198,Medium
M00287,2026-06-01,0.5286,Medium
M00288,2026-01-01,0.7913,High
M00288,2026-02-01,0.6283,Medium
M00288,2026-03-01,0.7728,High
M00288,2026-04-01,0.7853,High
M00288,2026-05-01,0.5951,Medium
M00288,2026-06-01,0.99,High
M00289,2026-01-01,0.7688,High
M00289,2026-02-01,0.3745,Medium
M00289,2026-03-01,0.6748,High
M00289,2026-04-01,0.4472,Medium
M00289,2026-05-01,0.3719,Medium
M00289,2026-06-01,0.598,Medium
M00290,2026-01-01,0.6288,Medium
M00290,2026-02-01,0.4792,Medium
M00290,2026-03-01,0.5568,Medium
M00290,2026-04-01,0.5079,Medium
M00290,2026-05-01,0.4931,Medium
M00290,2026-06-01,0.5403,Medium
M00291,2026-01-01,0.9179,High
M00291,2026-02-01,0.6384,Medium
M00291,2026-03-01,0.6746,High
M00291,2026-04-01,0.8033,High
M00291,2026-05-01,0.8875,High
M00291,2026-06-01,0.6334,Medium
M00292,2026-01-01,0.8215,High
M00292,2026-02-01,0.6882,High
M00292,2026-03-01,0.818,High
M00292,2026-04-01,0.9444,High
M00292,2026-05-01,0.7668,High
M00292,2026-06-01,0.623,Medium
M00293,2026-01-01,0.556,Medium
M00293,2026-02-01,0.5604,Medium
M00293,2026-03-01,0.5945,Medium
M00293,2026-04-01,0.588,Medium
M00293,2026-05-01,0.556,Medium
M00293,2026-06-01,0.5749,Medium
M00294,2026-01-01,0.2436,Low
M00294,2026-02-01,0.3012,Low
M00294,2026-03-01,0.2842,Low
M00294,2026-04-01,0.2717,Low
M00294,2026-05-01,0.2793,Low
M00294,2026-06-01,0.2946,Low
M00295,2026-01-01,0.8333,High
M00295,2026-02-01,0.6309,Medium
M00295,2026-03-01,0.7973,High
M00295,2026-04-01,0.8709,High
M00295,2026-05-01,0.905,High
M00295,2026-06-01,0.7906,High
M00296,2026-01-01,0.387,Medium
M00296,2026-02-01,0.5531,Medium
M00296,2026-03-01,0.5,Medium
M00296,2026-04-01,0.5417,Medium
M00296,2026-05-01,0.5885,Medium
M00296,2026-06-01,0.5821,Medium
M00297,2026-01-01,0.1035,Low
M00297,2026-02-01,0.2553,Low
M00297,2026-03-01,0.199,Low
M00297,2026-04-01,0.2983,Low
M00297,2026-05-01,0.0703,Low
M00297,2026-06-01,0.316,Low
M00298,2026-01-01,0.8127,High
M00298,2026-02-01,0.7672,High
M00298,2026-03-01,0.7227,High
M00298,2026-04-01,0.7931,High
M00298,2026-05-01,0.8486,High
M00298,2026-06-01,0.7042,High
M00299,2026-01-01,0.244,Low
M00299,2026-02-01,0.1373,Low
M00299,2026-03-01,0.1379,Low
M00299,2026-04-01,0.1567,Low
M00299,2026-05-01,0.2329,Low
M00299,2026-06-01,0.2072,Low
M00300,2026-01-01,0.2051,Low
M00300,2026-02-01,0.1878,Low
M00300,2026-03-01,0.2688,Low
M00300,2026-04-01,0.1809,Low
M00300,2026-05-01,0.298,Low
M00300,2026-06-01,0.1735,Low
M00301,2026-01-01,0.2237,Low
M00301,2026-02-01,0.2449,Low
M00301,2026-03-01,0.2661,Low
M00301,2026-04-01,0.2216,Low
M00301,2026-04-01,0.2134,Low
M00301,2026-05-01,0.3345,Low
M00301,2026-06-01,0.2947,Low
M00302,2026-01-01,0.2723,Low
M00302,2026-01-01,0.232,Low
M00302,2026-02-01,0.2551,Low
M00302,2026-03-01,0.078,Low
M00302,2026-04-01,0.317,Low
M00302,2026-05-01,0.0803,Low
M00302,2026-06-01,0.2084,Low
M00303,2026-01-01,0.2214,Low
M00303,2026-02-01,0.204,Low
M00303,2026-03-01,0.1385,Low
M00303,2026-04-01,0.3105,Low
M00303,2026-05-01,0.2552,Low
M00303,2026-06-01,0.1805,Low
M00304,2026-01-01,0.5458,Medium
M00304,2026-02-01,0.4496,Medium
M00304,2026-03-01,0.4296,Medium
M00304,2026-04-01,0.4946,Medium
M00304,2026-05-01,0.7401,High
M00304,2026-06-01,0.6289,Medium
M00305,2026-01-01,0.1604,Low
M00305,2026-02-01,0.3254,Low
M00305,2026-03-01,0.3874,Medium
M00305,2026-04-01,0.1432,Low
M00305,2026-05-01,0.2484,Low
M00305,2026-06-01,0.1558,Low
M00306,2026-01-01,0.2601,Low
M00306,2026-02-01,0.2037,Low
M00306,2026-03-01,0.338,Low
M00306,2026-04-01,0.0853,Low
M00306,2026-05-01,0.3023,Low
M00306,2026-06-01,0.2533,Low
M00307,2026-01-01,0.5118,Medium
M00307,2026-02-01,0.4074,Medium
M00307,2026-03-01,0.5059,Medium
M00307,2026-04-01,0.6677,Medium
M00307,2026-05-01,0.4602,Medium
M00307,2026-06-01,0.6497,Medium
M00308,2026-01-01,0.3672,Medium
M00308,2026-02-01,0.3473,Low
M00308,2026-03-01,0.3646,Medium
M00308,2026-04-01,0.2724,Low
M00308,2026-05-01,0.3501,Medium
M00308,2026-06-01,0.3552,Medium
M00309,2026-01-01,0.8655,High
M00309,2026-02-01,0.6335,Medium
M00309,2026-03-01,0.7539,High
M00309,2026-04-01,0.9269,High
M00309,2026-05-01,0.7032,High
M00309,2026-06-01,0.7552,High
M00310,2026-01-01,0.6234,Medium
M00310,2026-02-01,0.6722,High
M00310,2026-03-01,0.4798,Medium
M00310,2026-04-01,0.5008,Medium
M00310,2026-05-01,0.6527,Medium
M00310,2026-06-01,0.5937,Medium
M00311,2026-01-01,0.6248,Medium
M00311,2026-02-01,0.4889,Medium
M00311,2026-03-01,0.5725,Medium
M00311,2026-04-01,0.6316,Medium
M00311,2026-05-01,0.4338,Medium
M00311,2026-06-01,0.412,Medium
M00312,2026-01-01,0.1097,Low
M00312,2026-02-01,0.1813,Low
M00312,2026-03-01,0.4327,Medium
M00312,2026-04-01,0.091,Low
M00312,2026-05-01,0.2774,Low
M00312,2026-06-01,0.1046,Low
M00313,2026-01-01,0.6188,Medium
M00313,2026-02-01,0.6781,High
M00313,2026-03-01,0.7289,High
M00313,2026-04-01,0.7412,High
M00313,2026-05-01,0.758,High
M00313,2026-06-01,0.8482,High
M00314,2026-01-01,0.167,Low
M00314,2026-02-01,0.2637,Low
M00314,2026-03-01,0.207,Low
M00314,2026-04-01,0.2922,Low
M00314,2026-05-01,0.2882,Low
M00314,2026-06-01,0.2801,Low
M00315,2026-01-01,0.1581,Low
M00315,2026-02-01,0.1727,Low
M00315,2026-03-01,0.33,Low
M00315,2026-04-01,0.2272,Low
M00315,2026-05-01,0.2654,Low
M00315,2026-06-01,0.3479,Low
M00316,2026-01-01,0.4279,Medium
M00316,2026-02-01,0.5461,Medium
M00316,2026-03-01,0.6287,Medium
M00316,2026-04-01,0.5372,Medium
M00316,2026-05-01,0.4031,Medium
M00316,2026-06-01,0.7386,High
M00317,2026-01-01,0.5685,Medium
M00317,2026-02-01,0.6056,Medium
M00317,2026-03-01,0.5064,Medium
M00317,2026-04-01,0.317,Low
M00317,2026-05-01,0.3825,Medium
M00317,2026-06-01,0.3633,Medium
M00318,2026-01-01,0.2007,Low
M00318,2026-02-01,0.2289,Low
M00318,2026-03-01,0.1468,Low
M00318,2026-04-01,0.3231,Low
M00318,2026-05-01,0.2211,Low
M00318,2026-06-01,0.384,Medium
M00319,2026-01-01,0.569,Medium
M00319,2026-02-01,0.4473,Medium
M00319,2026-03-01,0.6167,Medium
M00319,2026-04-01,0.6138,Medium
M00319,2026-05-01,0.4523,Medium
M00319,2026-06-01,0.5078,Medium
M00320,2026-01-01,0.2255,Low
M00320,2026-02-01,0.1817,Low
M00320,2026-03-01,0.1377,Low
M00320,2026-04-01,0.2176,Low
M00320,2026-04-01,0.2177,Low
M00320,2026-05-01,0.23,Low
M00320,2026-06-01,0.2676,Low
M00321,2026-01-01,0.2372,Low
M00321,2026-02-01,0.2969,Low
M00321,2026-03-01,0.2375,Low
M00321,2026-04-01,0.3016,Low
M00321,2026-05-01,0.1461,Low
M00321,2026-06-01,0.2298,Low
M00322,2026-01-01,0.5876,Medium
M00322,2026-02-01,0.6706,High
M00322,2026-03-01,0.5432,Medium
M00322,2026-04-01,0.4816,Medium
M00322,2026-05-01,0.5411,Medium
M00322,2026-06-01,0.6666,Medium
M00323,2026-01-01,0.7371,High
M00323,2026-02-01,0.7459,High
M00323,2026-03-01,0.8827,High
M00323,2026-04-01,0.7252,High
M00323,2026-05-01,0.7085,High
M00323,2026-06-01,0.7931,High
M00324,2026-01-01,0.7385,High
M00324,2026-02-01,0.6881,High
M00324,2026-03-01,0.8098,High
M00324,2026-04-01,0.8362,High
M00324,2026-05-01,0.926,High
M00324,2026-06-01,0.99,High
M00325,2026-01-01,0.6614,Medium
M00325,2026-02-01,0.8286,High
M00325,2026-03-01,0.7068,High
M00325,2026-04-01,0.738,High
M00325,2026-05-01,0.6479,Medium
M00325,2026-06-01,0.6874,High
M00326,2026-01-01,0.2517,Low
M00326,2026-02-01,0.1768,Low
M00326,2026-03-01,0.1498,Low
M00326,2026-04-01,0.3579,Medium
M00326,2026-05-01,0.1402,Low
M00326,2026-06-01,0.2464,Low
M00327,2026-01-01,0.2664,Low
M00327,2026-02-01,0.0927,Low
M00327,2026-03-01,0.2595,Low
M00327,2026-04-01,0.1437,Low
M00327,2026-05-01,0.1945,Low
M00327,2026-06-01,0.2779,Low
M00328,2026-01-01,0.4439,Medium
M00328,2026-02-01,0.6757,High
M00328,2026-03-01,0.4395,Medium
M00328,2026-04-01,0.6133,Medium
M00328,2026-05-01,0.5145,Medium
M00328,2026-05-01,0.521,Medium
M00328,2026-06-01,0.3315,Low
M00329,2026-01-01,0.513,Medium
M00329,2026-02-01,0.6143,Medium
M00329,2026-03-01,0.5768,Medium
M00329,2026-04-01,0.6031,Medium
M00329,2026-05-01,0.4814,Medium
M00329,2026-06-01,0.4834,Medium
M00330,2026-01-01,0.2993,Low
M00330,2026-02-01,0.2192,Low
M00330,2026-03-01,0.1087,Low
M00330,2026-04-01,0.4329,Medium
M00330,2026-05-01,0.3011,Low
M00330,2026-06-01,0.3154,Low
M00331,2026-01-01,0.6249,Medium
M00331,2026-02-01,0.6238,Medium
M00331,2026-03-01,0.5714,Medium
M00331,2026-04-01,0.6555,Medium
M00331,2026-05-01,0.4652,Medium
M00331,2026-06-01,0.4877,Medium
M00332,2026-01-01,0.4721,Medium
M00332,2026-02-01,0.6406,Medium
M00332,2026-03-01,0.5424,Medium
M00332,2026-04-01,0.5572,Medium
M00332,2026-05-01,0.5622,Medium
M00332,2026-06-01,0.5279,Medium
M00333,2026-01-01,0.7839,High
M00333,2026-02-01,0.8462,High
M00333,2026-03-01,0.7871,High
M00333,2026-04-01,0.7842,High
M00333,2026-05-01,0.8434,High
M00333,2026-06-01,0.7446,High
M00334,2026-01-01,0.1055,Low
M00334,2026-02-01,0.2696,Low
M00334,2026-03-01,0.1723,Low
M00334,2026-04-01,0.2942,Low
M00334,2026-05-01,0.2398,Low
M00334,2026-06-01,0.2957,Low
M00335,2026-01-01,0.594,Medium
M00335,2026-02-01,0.3618,Medium
M00335,2026-03-01,0.5979,Medium
M00335,2026-04-01,0.5006,Medium
M00335,2026-05-01,0.414,Medium
M00335,2026-05-01,0.4131,Medium
M00335,2026-06-01,0.3457,Low
M00336,2026-01-01,0.194,Low
M00336,2026-02-01,0.1093,Low
M00336,2026-03-01,0.2572,Low
M00336,2026-04-01,0.3339,Low
M00336,2026-05-01,0.3575,Medium
M00336,2026-06-01,0.3452,Low
M00337,2026-01-01,0.1369,Low
M00337,2026-02-01,0.2019,Low
M00337,2026-03-01,0.32,Low
M00337,2026-04-01,0.2622,Low
M00337,2026-05-01,0.2256,Low
M00337,2026-06-01,0.4084,Medium
M00338,2026-01-01,0.1947,Low
M00338,2026-02-01,0.2541,Low
M00338,2026-03-01,0.1487,Low
M00338,2026-04-01,0.2914,Low
M00338,2026-05-01,0.1599,Low
M00338,2026-06-01,0.1496,Low
M00339,2026-01-01,0.245,Low
M00339,2026-02-01,0.309,Low
M00339,2026-03-01,0.2712,Low
M00339,2026-04-01,0.1691,Low
M00339,2026-05-01,0.2669,Low
M00339,2026-06-01,0.1807,Low
M00340,2026-01-01,0.3036,Low
M00340,2026-02-01,0.3092,Low
M00340,2026-03-01,0.1937,Low
M00340,2026-04-01,0.2561,Low
M00340,2026-05-01,0.1872,Low
M00340,2026-06-01,0.1508,Low
M00341,2026-01-01,0.0976,Low
M00341,2026-02-01,0.2122,Low
M00341,2026-03-01,0.2245,Low
M00341,2026-04-01,0.2947,Low
M00341,2026-05-01,0.1772,Low
M00341,2026-06-01,0.1873,Low
M00342,2026-01-01,0.7345,High
M00342,2026-02-01,0.6645,Medium
M00342,2026-03-01,0.7786,High
M00342,2026-04-01,0.7499,High
M00342,2026-05-01,0.8425,High
M00342,2026-06-01,0.7825,High
M00343,2026-01-01,0.3238,Low
M00343,2026-02-01,0.2985,Low
M00343,2026-03-01,0.1776,Low
M00343,2026-04-01,0.3991,Medium
M00343,2026-05-01,0.2345,Low
M00343,2026-06-01,0.1512,Low
M00344,2026-01-01,0.4849,Medium
M00344,2026-02-01,0.5944,Medium
M00344,2026-03-01,0.4124,Medium
M00344,2026-04-01,0.6823,High
M00344,2026-05-01,0.6436,Medium
M00344,2026-06-01,0.5087,Medium
M00345,2026-01-01,0.8633,High
M00345,2026-02-01,0.6636,Medium
M00345,2026-03-01,0.7435,High
M00345,2026-04-01,0.8193,High
M00345,2026-05-01,0.9162,High
M00345,2026-06-01,0.7931,High
M00346,2026-01-01,0.2916,Low
M00346,2026-02-01,0.2463,Low
M00346,2026-03-01,0.3426,Low
M00346,2026-04-01,0.3296,Low
M00346,2026-05-01,0.1546,Low
M00346,2026-06-01,0.0757,Low
M00347,2026-01-01,0.1507,Low
M00347,2026-02-01,0.1444,Low
M00347,2026-03-01,0.1203,Low
M00347,2026-04-01,0.14,Low
M00347,2026-05-01,0.0786,Low
M00347,2026-06-01,0.2566,Low
M00348,2026-01-01,0.538,Medium
M00348,2026-02-01,0.4453,Medium
M00348,2026-03-01,0.4159,Medium
M00348,2026-04-01,0.6161,Medium
M00348,2026-05-01,0.6159,Medium
M00348,2026-06-01,0.4482,Medium
M00349,2026-01-01,0.1021,Low
M00349,2026-02-01,0.2009,Low
M00349,2026-03-01,0.3195,Low
M00349,2026-04-01,0.2443,Low
M00349,2026-05-01,0.3096,Low
M00349,2026-06-01,0.2142,Low
M00350,2026-01-01,0.466,Medium
M00350,2026-02-01,0.2189,Low
M00350,2026-03-01,0.2967,Low
M00350,2026-04-01,0.2154,Low
M00350,2026-05-01,0.2944,Low
M00350,2026-06-01,0.2362,Low
M00351,2026-01-01,0.5419,Medium
M00351,2026-02-01,0.3851,Medium
M00351,2026-03-01,0.4771,Medium
M00351,2026-04-01,0.6185,Medium
M00351,2026-05-01,0.4528,Medium
M00351,2026-06-01,0.5776,Medium
M00352,2026-01-01,0.221,Low
M00352,2026-02-01,0.2226,Low
M00352,2026-03-01,0.0925,Low
M00352,2026-04-01,0.3504,Medium
M00352,2026-05-01,0.1031,Low
M00352,2026-06-01,0.2561,Low
M00353,2026-01-01,0.5713,Medium
M00353,2026-02-01,0.5207,Medium
M00353,2026-03-01,0.5918,Medium
M00353,2026-04-01,0.6555,Medium
M00353,2026-05-01,0.4236,Medium
M00353,2026-06-01,0.6347,Medium
M00354,2026-01-01,0.5331,Medium
M00354,2026-02-01,0.5973,Medium
M00354,2026-03-01,0.584,Medium
M00354,2026-04-01,0.5481,Medium
M00354,2026-05-01,0.5642,Medium
M00354,2026-06-01,0.5508,Medium
M00355,2026-01-01,0.5535,Medium
M00355,2026-02-01,0.4853,Medium
M00355,2026-03-01,0.4525,Medium
M00355,2026-04-01,0.649,Medium
M00355,2026-05-01,0.4737,Medium
M00355,2026-06-01,0.6375,Medium
M00356,2026-01-01,0.2833,Low
M00356,2026-02-01,0.1635,Low
M00356,2026-03-01,0.3214,Low
M00356,2026-04-01,0.1979,Low
M00356,2026-05-01,0.2623,Low
M00356,2026-06-01,0.2897,Low
M00357,2026-01-01,0.3168,Low
M00357,2026-02-01,0.1151,Low
M00357,2026-03-01,0.1967,Low
M00357,2026-04-01,0.3295,Low
M00357,2026-05-01,0.3626,Medium
M00357,2026-06-01,0.2254,Low
M00358,2026-01-01,0.5026,Medium
M00358,2026-02-01,0.5385,Medium
M00358,2026-03-01,0.6925,High
M00358,2026-04-01,0.4727,Medium
M00358,2026-05-01,0.6122,Medium
M00358,2026-06-01,0.4262,Medium
M00359,2026-01-01,0.5672,Medium
M00359,2026-02-01,0.5639,Medium
M00359,2026-03-01,0.5884,Medium
M00359,2026-04-01,0.5804,Medium
M00359,2026-05-01,0.486,Medium
M00359,2026-06-01,0.719,High
M00360,2026-01-01,0.543,Medium
M00360,2026-02-01,0.5602,Medium
M00360,2026-03-01,0.5745,Medium
M00360,2026-04-01,0.6057,Medium
M00360,2026-05-01,0.6433,Medium
M00360,2026-06-01,0.574,Medium
M00361,2026-01-01,0.4265,Medium
M00361,2026-02-01,0.4472,Medium
M00361,2026-03-01,0.5172,Medium
M00361,2026-04-01,0.5026,Medium
M00361,2026-05-01,0.5636,Medium
M00361,2026-06-01,0.4605,Medium
M00362,2026-01-01,0.3763,Medium
M00362,2026-02-01,0.5505,Medium
M00362,2026-03-01,0.5295,Medium
M00362,2026-04-01,0.6574,Medium
M00362,2026-05-01,0.64,Medium
M00362,2026-06-01,0.6074,Medium
M00363,2026-01-01,0.5258,Medium
M00363,2026-02-01,0.4721,Medium
M00363,2026-03-01,0.5086,Medium
M00363,2026-04-01,0.4464,Medium
M00363,2026-05-01,0.4796,Medium
M00363,2026-06-01,0.5945,Medium
M00364,2026-01-01,0.3255,Low
M00364,2026-02-01,0.2013,Low
M00364,2026-03-01,0.2802,Low
M00364,2026-04-01,0.1075,Low
M00364,2026-05-01,0.2656,Low
M00364,2026-06-01,0.2151,Low
M00365,2026-01-01,0.4876,Medium
M00365,2026-02-01,0.4854,Medium
M00365,2026-03-01,0.3781,Medium
M00365,2026-04-01,0.5793,Medium
M00365,2026-05-01,0.5013,Medium
M00365,2026-06-01,0.4243,Medium
M00366,2026-01-01,0.2796,Low
M00366,2026-02-01,0.2485,Low
M00366,2026-03-01,0.1455,Low
M00366,2026-04-01,0.2809,Low
M00366,2026-05-01,0.2874,Low
M00366,2026-06-01,0.2452,Low
M00367,2026-01-01,0.2819,Low
M00367,2026-02-01,0.2313,Low
M00367,2026-03-01,0.1321,Low
M00367,2026-04-01,0.212,Low
M00367,2026-05-01,0.2265,Low
M00367,2026-06-01,0.3434,Low
M00368,2026-01-01,0.4606,Medium
M00368,2026-02-01,0.4821,Medium
M00368,2026-03-01,0.4522,Medium
M00368,2026-04-01,0.5234,Medium
M00368,2026-05-01,0.6034,Medium
M00368,2026-06-01,0.4806,Medium
M00369,2026-01-01,0.6005,Medium
M00369,2026-02-01,0.481,Medium
M00369,2026-03-01,0.4825,Medium
M00369,2026-04-01,0.5134,Medium
M00369,2026-05-01,0.5385,Medium
M00369,2026-06-01,0.5418,Medium
M00370,2026-01-01,0.2827,Low
M00370,2026-02-01,0.2376,Low
M00370,2026-03-01,0.371,Medium
M00370,2026-04-01,0.2691,Low
M00370,2026-05-01,0.3531,Medium
M00370,2026-06-01,0.209,Low
M00371,2026-01-01,0.7417,High
M00371,2026-02-01,0.8424,High
M00371,2026-03-01,0.807,High
M00371,2026-04-01,0.8259,High
M00371,2026-05-01,0.8581,High
M00371,2026-06-01,0.6788,High
M00372,2026-01-01,0.2054,Low
M00372,2026-02-01,0.2211,Low
M00372,2026-03-01,0.3292,Low
M00372,2026-04-01,0.3031,Low
M00372,2026-05-01,0.3203,Low
M00372,2026-06-01,0.3211,Low
M00373,2026-01-01,0.165,Low
M00373,2026-02-01,0.1983,Low
M00373,2026-03-01,0.1765,Low
M00373,2026-04-01,0.3787,Medium
M00373,2026-05-01,0.3433,Low
M00373,2026-06-01,0.2983,Low
M00374,2026-01-01,0.8911,High
M00374,2026-02-01,0.8826,High
M00374,2026-03-01,0.7327,High
M00374,2026-04-01,0.8211,High
M00374,2026-05-01,0.8981,High
M00374,2026-06-01,0.8186,High
M00375,2026-01-01,0.321,Low
M00375,2026-02-01,0.2275,Low
M00375,2026-03-01,0.1117,Low
M00375,2026-04-01,0.1969,Low
M00375,2026-05-01,0.2834,Low
M00375,2026-06-01,0.0851,Low
M00376,2026-01-01,0.6321,Medium
M00376,2026-02-01,0.4871,Medium
M00376,2026-03-01,0.5,Medium
M00376,2026-04-01,0.4902,Medium
M00376,2026-05-01,0.5402,Medium
M00376,2026-06-01,0.5237,Medium
M00377,2026-01-01,0.2485,Low
M00377,2026-02-01,0.29,Low
M00377,2026-03-01,0.2039,Low
M00377,2026-04-01,0.2296,Low
M00377,2026-05-01,0.1023,Low
M00377,2026-06-01,0.2096,Low
M00378,2026-01-01,0.701,High
M00378,2026-02-01,0.3917,Medium
M00378,2026-03-01,0.3723,Medium
M00378,2026-04-01,0.6936,High
M00378,2026-05-01,0.4117,Medium
M00378,2026-06-01,0.4285,Medium
M00379,2026-01-01,0.4471,Medium
M00379,2026-02-01,0.4678,Medium
M00379,2026-03-01,0.582,Medium
M00379,2026-04-01,0.605,Medium
M00379,2026-05-01,0.6003,Medium
M00379,2026-06-01,0.5315,Medium
M00380,2026-01-01,0.1556,Low
M00380,2026-02-01,0.232,Low
M00380,2026-03-01,0.2652,Low
M00380,2026-04-01,0.2152,Low
M00380,2026-05-01,0.164,Low
M00380,2026-06-01,0.2478,Low
M00381,2026-01-01,0.6201,Medium
M00381,2026-02-01,0.5253,Medium
M00381,2026-03-01,0.5485,Medium
M00381,2026-04-01,0.5627,Medium
M00381,2026-05-01,0.523,Medium
M00381,2026-06-01,0.5024,Medium
M00382,2026-01-01,0.8708,High
M00382,2026-02-01,0.6337,Medium
M00382,2026-03-01,0.7646,High
M00382,2026-04-01,0.7987,High
M00382,2026-05-01,0.759,High
M00382,2026-06-01,0.6895,High
M00383,2026-01-01,0.2648,Low
M00383,2026-02-01,0.3736,Medium
M00383,2026-03-01,0.0892,Low
M00383,2026-04-01,0.2967,Low
M00383,2026-05-01,0.2453,Low
M00383,2026-06-01,0.2549,Low
M00384,2026-01-01,0.1509,Low
M00384,2026-02-01,0.224,Low
M00384,2026-03-01,0.3029,Low
M00384,2026-04-01,0.2368,Low
M00384,2026-05-01,0.1585,Low
M00384,2026-06-01,0.1867,Low
M00385,2026-01-01,0.4481,Medium
M00385,2026-01-01,0.4654,Medium
M00385,2026-02-01,0.5508,Medium
M00385,2026-03-01,0.5161,Medium
M00385,2026-04-01,0.5609,Medium
M00385,2026-05-01,0.6659,Medium
M00385,2026-06-01,0.5193,Medium
M00386,2026-01-01,0.1642,Low
M00386,2026-02-01,0.274,Low
M00386,2026-02-01,0.2681,Low
M00386,2026-03-01,0.2857,Low
M00386,2026-04-01,0.4078,Medium
M00386,2026-05-01,0.2538,Low
M00386,2026-06-01,0.3891,Medium
M00387,2026-01-01,0.8172,High
M00387,2026-02-01,0.806,High
M00387,2026-03-01,0.8454,High
M00387,2026-04-01,0.7463,High
M00387,2026-05-01,0.77,High
M00387,2026-06-01,0.6636,Medium
M00388,2026-01-01,0.3284,Low
M00388,2026-02-01,0.3232,Low
M00388,2026-03-01,0.2562,Low
M00388,2026-04-01,0.2383,Low
M00388,2026-05-01,0.2074,Low
M00388,2026-06-01,0.243,Low
M00389,2026-01-01,0.2551,Low
M00389,2026-02-01,0.0714,Low
M00389,2026-03-01,0.2678,Low
M00389,2026-04-01,0.1667,Low
M00389,2026-05-01,0.2959,Low
M00389,2026-06-01,0.2479,Low
M00390,2026-01-01,0.5222,Medium
M00390,2026-02-01,0.4476,Medium
M00390,2026-03-01,0.596,Medium
M00390,2026-03-01,0.638,Medium
M00390,2026-04-01,0.6292,Medium
M00390,2026-05-01,0.4173,Medium
M00390,2026-06-01,0.3815,Medium
M00391,2026-01-01,0.2327,Low
M00391,2026-02-01,0.1261,Low
M00391,2026-03-01,0.3513,Medium
M00391,2026-04-01,0.0881,Low
M00391,2026-05-01,0.2155,Low
M00391,2026-06-01,0.1494,Low
M00392,2026-01-01,0.2905,Low
M00392,2026-02-01,0.1947,Low
M00392,2026-03-01,0.2848,Low
M00392,2026-04-01,0.1887,Low
M00392,2026-05-01,0.2324,Low
M00392,2026-06-01,0.1999,Low
M00393,2026-01-01,0.2613,Low
M00393,2026-02-01,0.2037,Low
M00393,2026-03-01,0.2057,Low
M00393,2026-04-01,0.2261,Low
M00393,2026-05-01,0.203,Low
M00393,2026-06-01,0.302,Low
M00394,2026-01-01,0.6759,High
M00394,2026-02-01,0.5139,Medium
M00394,2026-03-01,0.5573,Medium
M00394,2026-04-01,0.5767,Medium
M00394,2026-05-01,0.5166,Medium
M00394,2026-06-01,0.5252,Medium
M00395,2026-01-01,0.2186,Low
M00395,2026-01-01,0.2104,Low
M00395,2026-02-01,0.2211,Low
M00395,2026-03-01,0.147,Low
M00395,2026-04-01,0.248,Low
M00395,2026-05-01,0.3497,Low
M00395,2026-06-01,0.2206,Low
M00396,2026-01-01,0.201,Low
M00396,2026-02-01,0.2109,Low
M00396,2026-03-01,0.2134,Low
M00396,2026-04-01,0.2826,Low
M00396,2026-05-01,0.1949,Low
M00396,2026-06-01,0.2235,Low
M00397,2026-01-01,0.5173,Medium
M00397,2026-02-01,0.4965,Medium
M00397,2026-03-01,0.5397,Medium
M00397,2026-04-01,0.6489,Medium
M00397,2026-05-01,0.6077,Medium
M00397,2026-06-01,0.5628,Medium
M00398,2026-01-01,0.5412,Medium
M00398,2026-02-01,0.5936,Medium
M00398,2026-03-01,0.5509,Medium
M00398,2026-04-01,0.5678,Medium
M00398,2026-05-01,0.5544,Medium
M00398,2026-06-01,0.5168,Medium
M00399,2026-01-01,0.5646,Medium
M00399,2026-02-01,0.5183,Medium
M00399,2026-03-01,0.4067,Medium
M00399,2026-04-01,0.6133,Medium
M00399,2026-05-01,0.5241,Medium
M00399,2026-06-01,0.6319,Medium
M00400,2026-01-01,0.2161,Low
M00400,2026-02-01,0.3019,Low
M00400,2026-03-01,0.257,Low
M00400,2026-04-01,0.3028,Low
M00400,2026-05-01,0.2571,Low
M00400,2026-06-01,0.1668,Low
M00401,2026-01-01,0.3656,Medium
M00401,2026-02-01,0.1379,Low
M00401,2026-03-01,0.0324,Low
M00401,2026-04-01,0.2627,Low
M00401,2026-05-01,0.3045,Low
M00401,2026-06-01,0.2454,Low
M00402,2026-01-01,0.5642,Medium
M00402,2026-02-01,0.628,Medium
M00402,2026-03-01,0.6729,High
M00402,2026-04-01,0.5276,Medium
M00402,2026-05-01,0.7006,High
M00402,2026-06-01,0.6007,Medium
M00403,2026-01-01,0.2888,Low
M00403,2026-02-01,0.1652,Low
M00403,2026-03-01,0.0544,Low
M00403,2026-04-01,0.3074,Low
M00403,2026-05-01,0.318,Low
M00403,2026-06-01,0.2712,Low
M00404,2026-01-01,0.2839,Low
M00404,2026-02-01,0.2228,Low
M00404,2026-03-01,0.2252,Low
M00404,2026-04-01,0.1233,Low
M00404,2026-05-01,0.1656,Low
M00404,2026-06-01,0.2918,Low
M00405,2026-01-01,0.1225,Low
M00405,2026-02-01,0.2699,Low
M00405,2026-03-01,0.135,Low
M00405,2026-04-01,0.4231,Medium
M00405,2026-05-01,0.296,Low
M00405,2026-06-01,0.2934,Low
M00406,2026-01-01,0.2553,Low
M00406,2026-02-01,0.2853,Low
M00406,2026-03-01,0.356,Medium
M00406,2026-04-01,0.362,Medium
M00406,2026-05-01,0.3211,Low
M00406,2026-06-01,0.3205,Low
M00407,2026-01-01,0.5932,Medium
M00407,2026-02-01,0.6157,Medium
M00407,2026-03-01,0.5648,Medium
M00407,2026-04-01,0.4571,Medium
M00407,2026-05-01,0.4856,Medium
M00407,2026-06-01,0.4011,Medium
M00408,2026-01-01,0.1349,Low
M00408,2026-02-01,0.0839,Low
M00408,2026-03-01,0.1975,Low
M00408,2026-04-01,0.1307,Low
M00408,2026-05-01,0.2602,Low
M00408,2026-06-01,0.2552,Low
M00409,2026-01-01,0.2702,Low
M00409,2026-02-01,0.258,Low
M00409,2026-03-01,0.101,Low
M00409,2026-04-01,0.2188,Low
M00409,2026-05-01,0.4504,Medium
M00409,2026-06-01,0.2577,Low
M00410,2026-01-01,0.1932,Low
M00410,2026-02-01,0.1234,Low
M00410,2026-03-01,0.3848,Medium
M00410,2026-04-01,0.267,Low
M00410,2026-05-01,0.1342,Low
M00410,2026-06-01,0.2639,Low
M00411,2026-01-01,0.1496,Low
M00411,2026-02-01,0.1462,Low
M00411,2026-03-01,0.2217,Low
M00411,2026-03-01,0.222,Low
M00411,2026-04-01,0.3004,Low
M00411,2026-05-01,0.2959,Low
M00411,2026-06-01,0.1745,Low
M00412,2026-01-01,0.0912,Low
M00412,2026-02-01,0.3854,Medium
M00412,2026-03-01,0.2492,Low
M00412,2026-04-01,0.3571,Medium
M00412,2026-05-01,0.2695,Low
M00412,2026-06-01,0.1643,Low
M00413,2026-01-01,0.4089,Medium
M00413,2026-02-01,0.5698,Medium
M00413,2026-03-01,0.4994,Medium
M00413,2026-04-01,0.6227,Medium
M00413,2026-05-01,0.5714,Medium
M00413,2026-06-01,0.4741,Medium
M00414,2026-01-01,0.2906,Low
M00414,2026-02-01,0.3813,Medium
M00414,2026-03-01,0.1694,Low
M00414,2026-04-01,0.2542,Low
M00414,2026-05-01,0.2007,Low
M00414,2026-06-01,0.4423,Medium
M00415,2026-01-01,0.1634,Low
M00415,2026-02-01,0.192,Low
M00415,2026-03-01,0.282,Low
M00415,2026-04-01,0.1825,Low
M00415,2026-05-01,0.2232,Low
M00415,2026-06-01,0.2471,Low
M00416,2026-01-01,0.278,Low
M00416,2026-02-01,0.1828,Low
M00416,2026-03-01,0.1836,Low
M00416,2026-04-01,0.2202,Low
M00416,2026-05-01,0.2002,Low
M00416,2026-06-01,0.1831,Low
M00417,2026-01-01,0.2903,Low
M00417,2026-02-01,0.0861,Low
M00417,2026-03-01,0.0734,Low
M00417,2026-04-01,0.3191,Low
M00417,2026-05-01,0.3443,Low
M00417,2026-06-01,0.1957,Low
M00418,2026-01-01,0.5455,Medium
M00418,2026-01-01,0.5314,Medium
M00418,2026-02-01,0.5276,Medium
M00418,2026-03-01,0.5464,Medium
M00418,2026-04-01,0.4055,Medium
M00418,2026-05-01,0.6199,Medium
M00418,2026-06-01,0.7537,High
M00419,2026-01-01,0.6828,High
M00419,2026-02-01,0.479,Medium
M00419,2026-03-01,0.539,Medium
M00419,2026-04-01,0.6022,Medium
M00419,2026-05-01,0.551,Medium
M00419,2026-06-01,0.4879,Medium
M00420,2026-01-01,0.5674,Medium
M00420,2026-02-01,0.4588,Medium
M00420,2026-03-01,0.4831,Medium
M00420,2026-04-01,0.4664,Medium
M00420,2026-05-01,0.4752,Medium
M00420,2026-06-01,0.647,Medium
M00421,2026-01-01,0.2925,Low
M00421,2026-02-01,0.2923,Low
M00421,2026-03-01,0.1416,Low
M00421,2026-04-01,0.2171,Low
M00421,2026-05-01,0.3123,Low
M00421,2026-06-01,0.2747,Low
M00422,2026-01-01,0.2352,Low
M00422,2026-02-01,0.0936,Low
M00422,2026-03-01,0.0542,Low
M00422,2026-04-01,0.1434,Low
M00422,2026-05-01,0.2258,Low
M00422,2026-06-01,0.1074,Low
M00423,2026-01-01,0.1992,Low
M00423,2026-02-01,0.2686,Low
M00423,2026-03-01,0.3272,Low
M00423,2026-04-01,0.2124,Low
M00423,2026-05-01,0.1335,Low
M00423,2026-06-01,0.2835,Low
M00424,2026-01-01,0.6002,Medium
M00424,2026-02-01,0.4965,Medium
M00424,2026-03-01,0.6495,Medium
M00424,2026-04-01,0.6385,Medium
M00424,2026-05-01,0.5628,Medium
M00424,2026-06-01,0.3524,Medium
M00425,2026-01-01,0.3632,Medium
M00425,2026-02-01,0.1447,Low
M00425,2026-03-01,0.1024,Low
M00425,2026-04-01,0.236,Low
M00425,2026-05-01,0.1805,Low
M00425,2026-06-01,0.2925,Low
M00425,2026-06-01,0.3006,Low
M00426,2026-01-01,0.6467,Medium
M00426,2026-02-01,0.6156,Medium
M00426,2026-03-01,0.5156,Medium
M00426,2026-04-01,0.5298,Medium
M00426,2026-05-01,0.5043,Medium
M00426,2026-06-01,0.5566,Medium
M00427,2026-01-01,0.2126,Low
M00427,2026-02-01,0.2724,Low
M00427,2026-03-01,0.1181,Low
M00427,2026-04-01,0.2186,Low
M00427,2026-05-01,0.2682,Low
M00427,2026-06-01,0.0627,Low
M00428,2026-01-01,0.0959,Low
M00428,2026-02-01,0.2266,Low
M00428,2026-03-01,0.1982,Low
M00428,2026-04-01,0.2274,Low
M00428,2026-05-01,0.1693,Low
M00428,2026-05-01,0.1375,Low
M00428,2026-06-01,0.0973,Low
M00429,2026-01-01,0.3282,Low
M00429,2026-02-01,0.5849,Medium
M00429,2026-03-01,0.6149,Medium
M00429,2026-04-01,0.7068,High
M00429,2026-05-01,0.4342,Medium
M00429,2026-06-01,0.5332,Medium
M00430,2026-01-01,0.2695,Low
M00430,2026-02-01,0.2356,Low
M00430,2026-03-01,0.2443,Low
M00430,2026-04-01,0.2269,Low
M00430,2026-05-01,0.2223,Low
M00430,2026-06-01,0.1114,Low
M00431,2026-01-01,0.1755,Low
M00431,2026-02-01,0.1394,Low
M00431,2026-03-01,0.27,Low
M00431,2026-04-01,0.1515,Low
M00431,2026-05-01,0.1373,Low
M00431,2026-06-01,0.2007,Low
M00432,2026-01-01,0.1654,Low
M00432,2026-02-01,0.2829,Low
M00432,2026-03-01,0.2484,Low
M00432,2026-04-01,0.4032,Medium
M00432,2026-05-01,0.2803,Low
M00432,2026-06-01,0.1299,Low
M00433,2026-01-01,0.4973,Medium
M00433,2026-02-01,0.3969,Medium
M00433,2026-03-01,0.4526,Medium
M00433,2026-04-01,0.5858,Medium
M00433,2026-05-01,0.5533,Medium
M00433,2026-06-01,0.5664,Medium
M00434,2026-01-01,0.0938,Low
M00434,2026-02-01,0.2507,Low
M00434,2026-03-01,0.2161,Low
M00434,2026-04-01,0.2915,Low
M00434,2026-05-01,0.2011,Low
M00434,2026-06-01,0.2041,Low
M00435,2026-01-01,0.6565,Medium
M00435,2026-02-01,0.625,Medium
M00435,2026-03-01,0.5406,Medium
M00435,2026-04-01,0.6192,Medium
M00435,2026-05-01,0.4283,Medium
M00435,2026-06-01,0.5524,Medium
M00436,2026-01-01,0.7371,High
M00436,2026-02-01,0.6656,Medium
M00436,2026-03-01,0.634,Medium
M00436,2026-04-01,0.7307,High
M00436,2026-05-01,0.7269,High
M00436,2026-06-01,0.9693,High
M00437,2026-01-01,0.3389,Low
M00437,2026-02-01,0.1627,Low
M00437,2026-03-01,0.1802,Low
M00437,2026-04-01,0.3449,Low
M00437,2026-05-01,0.1769,Low
M00437,2026-06-01,0.1534,Low
M00438,2026-01-01,0.0263,Low
M00438,2026-02-01,0.143,Low
M00438,2026-03-01,0.1289,Low
M00438,2026-04-01,0.1476,Low
M00438,2026-05-01,0.3078,Low
M00438,2026-06-01,0.2552,Low
M00439,2026-01-01,0.3775,Medium
M00439,2026-02-01,0.6145,Medium
M00439,2026-03-01,0.5075,Medium
M00439,2026-04-01,0.4845,Medium
M00439,2026-05-01,0.5874,Medium
M00439,2026-06-01,0.4387,Medium
M00440,2026-01-01,0.2039,Low
M00440,2026-02-01,0.3349,Low
M00440,2026-03-01,0.2765,Low
M00440,2026-04-01,0.2892,Low
M00440,2026-05-01,0.2835,Low
M00440,2026-06-01,0.3013,Low
M00441,2026-01-01,0.2791,Low
M00441,2026-02-01,0.071,Low
M00441,2026-03-01,0.2583,Low
M00441,2026-04-01,0.3185,Low
M00441,2026-05-01,0.309,Low
M00441,2026-06-01,0.1275,Low
M00442,2026-01-01,0.2528,Low
M00442,2026-02-01,0.2673,Low
M00442,2026-03-01,0.293,Low
M00442,2026-04-01,0.2608,Low
M00442,2026-05-01,0.3427,Low
M00442,2026-06-01,0.1713,Low
M00443,2026-01-01,0.1469,Low
M00443,2026-02-01,0.1994,Low
M00443,2026-03-01,0.2803,Low
M00443,2026-04-01,0.1296,Low
M00443,2026-05-01,0.1281,Low
M00443,2026-06-01,0.3412,Low
M00444,2026-01-01,0.4759,Medium
M00444,2026-02-01,0.4472,Medium
M00444,2026-03-01,0.4816,Medium
M00444,2026-04-01,0.6131,Medium
M00444,2026-05-01,0.7016,High
M00444,2026-06-01,0.5795,Medium
M00445,2026-01-01,0.5615,Medium
M00445,2026-02-01,0.6744,High
M00445,2026-03-01,0.5274,Medium
M00445,2026-04-01,0.5863,Medium
M00445,2026-05-01,0.4942,Medium
M00445,2026-06-01,0.4397,Medium
M00446,2026-01-01,0.2245,Low
M00446,2026-02-01,0.2488,Low
M00446,2026-03-01,0.2051,Low
M00446,2026-04-01,0.1555,Low
M00446,2026-05-01,0.2053,Low
M00446,2026-06-01,0.2627,Low
M00447,2026-01-01,0.7813,High
M00447,2026-02-01,0.6913,High
M00447,2026-03-01,0.736,High
M00447,2026-04-01,0.7095,High
M00447,2026-05-01,0.6762,High
M00447,2026-06-01,0.7744,High
M00448,2026-01-01,0.531,Medium
M00448,2026-02-01,0.5411,Medium
M00448,2026-03-01,0.4979,Medium
M00448,2026-04-01,0.6419,Medium
M00448,2026-05-01,0.5478,Medium
M00448,2026-06-01,0.4755,Medium
M00449,2026-01-01,0.1551,Low
M00449,2026-02-01,0.1863,Low
M00449,2026-03-01,0.258,Low
M00449,2026-04-01,0.1453,Low
M00449,2026-05-01,0.2229,Low
M00449,2026-06-01,0.0296,Low
M00450,2026-01-01,0.2499,Low
M00450,2026-02-01,0.3507,Medium
M00450,2026-03-01,0.3109,Low
M00450,2026-04-01,0.2846,Low
M00450,2026-05-01,0.4184,Medium
M00450,2026-06-01,0.0773,Low
M00451,2026-01-01,0.3533,Medium
M00451,2026-02-01,0.4113,Medium
M00451,2026-03-01,0.5541,Medium
M00451,2026-04-01,0.5185,Medium
M00451,2026-05-01,0.6008,Medium
M00451,2026-06-01,0.3387,Low
M00452,2026-01-01,0.1925,Low
M00452,2026-02-01,0.0634,Low
M00452,2026-03-01,0.275,Low
M00452,2026-04-01,0.3254,Low
M00452,2026-05-01,0.2872,Low
M00452,2026-06-01,0.2516,Low
M00453,2026-01-01,0.2217,Low
M00453,2026-02-01,0.2401,Low
M00453,2026-03-01,0.2176,Low
M00453,2026-04-01,0.317,Low
M00453,2026-05-01,0.2639,Low
M00453,2026-06-01,0.3583,Medium
M00454,2026-01-01,0.1757,Low
M00454,2026-02-01,0.2049,Low
M00454,2026-03-01,0.1547,Low
M00454,2026-04-01,0.1332,Low
M00454,2026-05-01,0.2009,Low
M00454,2026-06-01,0.2284,Low
M00455,2026-01-01,0.1542,Low
M00455,2026-02-01,0.2366,Low
M00455,2026-03-01,0.218,Low
M00455,2026-04-01,0.2189,Low
M00455,2026-05-01,0.0948,Low
M00455,2026-06-01,0.1901,Low
M00456,2026-01-01,0.5022,Medium
M00456,2026-02-01,0.5305,Medium
M00456,2026-03-01,0.5949,Medium
M00456,2026-03-01,0.6211,Medium
M00456,2026-04-01,0.4765,Medium
M00456,2026-05-01,0.5469,Medium
M00456,2026-06-01,0.559,Medium
M00457,2026-01-01,0.1902,Low
M00457,2026-02-01,0.2476,Low
M00457,2026-03-01,0.284,Low
M00457,2026-04-01,0.1577,Low
M00457,2026-05-01,0.1198,Low
M00457,2026-06-01,0.0692,Low
M00458,2026-01-01,0.2515,Low
M00458,2026-02-01,0.1652,Low
M00458,2026-03-01,0.2942,Low
M00458,2026-04-01,0.291,Low
M00458,2026-04-01,0.2739,Low
M00458,2026-05-01,0.2282,Low
M00458,2026-06-01,0.3879,Medium
M00459,2026-01-01,0.2593,Low
M00459,2026-02-01,0.1221,Low
M00459,2026-03-01,0.2854,Low
M00459,2026-04-01,0.2194,Low
M00459,2026-05-01,0.2958,Low
M00459,2026-06-01,0.181,Low
M00460,2026-01-01,0.4739,Medium
M00460,2026-02-01,0.4698,Medium
M00460,2026-03-01,0.5952,Medium
M00460,2026-04-01,0.5878,Medium
M00460,2026-05-01,0.3976,Medium
M00460,2026-06-01,0.6148,Medium
M00461,2026-01-01,0.1683,Low
M00461,2026-02-01,0.1489,Low
M00461,2026-03-01,0.2004,Low
M00461,2026-04-01,0.1409,Low
M00461,2026-05-01,0.4127,Medium
M00461,2026-06-01,0.2753,Low
M00462,2026-01-01,0.318,Low
M00462,2026-02-01,0.4592,Medium
M00462,2026-03-01,0.5231,Medium
M00462,2026-04-01,0.4978,Medium
M00462,2026-05-01,0.7051,High
M00462,2026-06-01,0.5924,Medium
M00463,2026-01-01,0.2647,Low
M00463,2026-02-01,0.1871,Low
M00463,2026-03-01,0.473,Medium
M00463,2026-04-01,0.0819,Low
M00463,2026-05-01,0.2881,Low
M00463,2026-06-01,0.2957,Low
M00464,2026-01-01,0.1448,Low
M00464,2026-02-01,0.2532,Low
M00464,2026-03-01,0.3531,Medium
M00464,2026-04-01,0.3068,Low
M00464,2026-05-01,0.4463,Medium
M00464,2026-06-01,0.1887,Low
M00465,2026-01-01,0.2008,Low
M00465,2026-02-01,0.3659,Medium
M00465,2026-03-01,0.3401,Low
M00465,2026-04-01,0.2563,Low
M00465,2026-05-01,0.077,Low
M00465,2026-06-01,0.1962,Low
M00466,2026-01-01,0.3955,Medium
M00466,2026-02-01,0.6051,Medium
M00466,2026-03-01,0.6004,Medium
M00466,2026-04-01,0.5442,Medium
M00466,2026-05-01,0.6198,Medium
M00466,2026-06-01,0.4263,Medium
M00467,2026-01-01,0.2691,Low
M00467,2026-02-01,0.1307,Low
M00467,2026-03-01,0.1272,Low
M00467,2026-04-01,0.2341,Low
M00467,2026-05-01,0.1912,Low
M00467,2026-06-01,0.2917,Low
M00468,2026-01-01,0.57,Medium
M00468,2026-02-01,0.4438,Medium
M00468,2026-03-01,0.4816,Medium
M00468,2026-04-01,0.6123,Medium
M00468,2026-05-01,0.5487,Medium
M00468,2026-06-01,0.5913,Medium
M00469,2026-01-01,0.2759,Low
M00469,2026-02-01,0.1516,Low
M00469,2026-03-01,0.2421,Low
M00469,2026-03-01,0.2529,Low
M00469,2026-04-01,0.2648,Low
M00469,2026-05-01,0.2138,Low
M00469,2026-06-01,0.298,Low
M00470,2026-01-01,0.6974,High
M00470,2026-02-01,0.8166,High
M00470,2026-03-01,0.7016,High
M00470,2026-04-01,0.7254,High
M00470,2026-05-01,0.7286,High
M00470,2026-06-01,0.6771,High
M00471,2026-01-01,0.212,Low
M00471,2026-02-01,0.3305,Low
M00471,2026-03-01,0.2679,Low
M00471,2026-04-01,0.3708,Medium
M00471,2026-05-01,0.1769,Low
M00471,2026-06-01,0.0619,Low
M00472,2026-01-01,0.1949,Low
M00472,2026-02-01,0.3535,Medium
M00472,2026-03-01,0.1702,Low
M00472,2026-04-01,0.2407,Low
M00472,2026-05-01,0.3811,Medium
M00472,2026-06-01,0.237,Low
M00473,2026-01-01,0.1661,Low
M00473,2026-02-01,0.2035,Low
M00473,2026-03-01,0.1163,Low
M00473,2026-04-01,0.407,Medium
M00473,2026-05-01,0.326,Low
M00473,2026-06-01,0.01,Low
M00474,2026-01-01,0.2582,Low
M00474,2026-02-01,0.2018,Low
M00474,2026-03-01,0.1715,Low
M00474,2026-04-01,0.2504,Low
M00474,2026-05-01,0.2168,Low
M00474,2026-06-01,0.1205,Low
M00475,2026-01-01,0.7052,High
M00475,2026-02-01,0.7643,High
M00475,2026-03-01,0.9255,High
M00475,2026-04-01,0.798,High
M00475,2026-05-01,0.7421,High
M00475,2026-06-01,0.7823,High
M00475,2026-06-01,0.7654,High
M00476,2026-01-01,0.1477,Low
M00476,2026-02-01,0.2243,Low
M00476,2026-03-01,0.2917,Low
M00476,2026-04-01,0.226,Low
M00476,2026-05-01,0.2457,Low
M00476,2026-06-01,0.3445,Low
M00476,2026-06-01,0.3281,Low
M00477,2026-01-01,0.6752,High
M00477,2026-02-01,0.4273,Medium
M00477,2026-03-01,0.5722,Medium
M00477,2026-04-01,0.5299,Medium
M00477,2026-05-01,0.4852,Medium
M00477,2026-06-01,0.642,Medium
M00478,2026-01-01,0.2844,Low
M00478,2026-02-01,0.1177,Low
M00478,2026-03-01,0.1351,Low
M00478,2026-04-01,0.2095,Low
M00478,2026-05-01,0.2848,Low
M00478,2026-06-01,0.3184,Low
M00479,2026-01-01,0.4246,Medium
M00479,2026-02-01,0.3909,Medium
M00479,2026-03-01,0.5504,Medium
M00479,2026-04-01,0.2891,Low
M00479,2026-05-01,0.649,Medium
M00479,2026-06-01,0.568,Medium
M00480,2026-01-01,0.5177,Medium
M00480,2026-02-01,0.5326,Medium
M00480,2026-03-01,0.5359,Medium
M00480,2026-04-01,0.5738,Medium
M00480,2026-05-01,0.6574,Medium
M00480,2026-06-01,0.5329,Medium
M00481,2026-01-01,0.849,High
M00481,2026-02-01,0.6459,Medium
M00481,2026-03-01,0.6852,High
M00481,2026-04-01,0.8418,High
M00481,2026-05-01,0.8615,High
M00481,2026-06-01,0.7773,High
M00482,2026-01-01,0.1165,Low
M00482,2026-02-01,0.2666,Low
M00482,2026-03-01,0.1675,Low
M00482,2026-04-01,0.2446,Low
M00482,2026-05-01,0.1884,Low
M00482,2026-06-01,0.1747,Low
M00483,2026-01-01,0.5477,Medium
M00483,2026-02-01,0.406,Medium
M00483,2026-03-01,0.3827,Medium
M00483,2026-04-01,0.5337,Medium
M00483,2026-05-01,0.552,Medium
M00483,2026-06-01,0.6716,High
M00484,2026-01-01,0.2252,Low
M00484,2026-02-01,0.2974,Low
M00484,2026-03-01,0.0647,Low
M00484,2026-04-01,0.3655,Medium
M00484,2026-05-01,0.3231,Low
M00484,2026-06-01,0.3866,Medium
M00485,2026-01-01,0.1964,Low
M00485,2026-02-01,0.245,Low
M00485,2026-03-01,0.1929,Low
M00485,2026-04-01,0.2299,Low
M00485,2026-05-01,0.3443,Low
M00485,2026-06-01,0.4132,Medium
M00486,2026-01-01,0.5255,Medium
M00486,2026-02-01,0.3091,Low
M00486,2026-03-01,0.4294,Medium
M00486,2026-04-01,0.5641,Medium
M00486,2026-05-01,0.5807,Medium
M00486,2026-06-01,0.4586,Medium
M00487,2026-01-01,0.1795,Low
M00487,2026-02-01,0.3111,Low
M00487,2026-03-01,0.3077,Low
M00487,2026-04-01,0.2772,Low
M00487,2026-05-01,0.2652,Low
M00487,2026-06-01,0.2243,Low
M00488,2026-01-01,0.5297,Medium
M00488,2026-02-01,0.4219,Medium
M00488,2026-03-01,0.6404,Medium
M00488,2026-04-01,0.5284,Medium
M00488,2026-05-01,0.7082,High
M00488,2026-06-01,0.5366,Medium
M00489,2026-01-01,0.606,Medium
M00489,2026-02-01,0.8303,High
M00489,2026-03-01,0.8375,High
M00489,2026-04-01,0.8133,High
M00489,2026-05-01,0.7623,High
M00489,2026-06-01,0.7759,High
M00490,2026-01-01,0.503,Medium
M00490,2026-02-01,0.4906,Medium
M00490,2026-03-01,0.4386,Medium
M00490,2026-04-01,0.5306,Medium
M00490,2026-05-01,0.5948,Medium
M00490,2026-06-01,0.6709,High
M00491,2026-01-01,0.2235,Low
M00491,2026-02-01,0.1732,Low
M00491,2026-03-01,0.2206,Low
M00491,2026-04-01,0.3335,Low
M00491,2026-05-01,0.4002,Medium
M00491,2026-06-01,0.1842,Low
M00492,2026-01-01,0.4408,Medium
M00492,2026-01-01,0.435,Medium
M00492,2026-02-01,0.5922,Medium
M00492,2026-03-01,0.6631,Medium
M00492,2026-04-01,0.5596,Medium
M00492,2026-05-01,0.4894,Medium
M00492,2026-06-01,0.5802,Medium
M00493,2026-01-01,0.2401,Low
M00493,2026-02-01,0.2527,Low
M00493,2026-03-01,0.2097,Low
M00493,2026-04-01,0.3273,Low
M00493,2026-05-01,0.2147,Low
M00493,2026-06-01,0.3517,Medium
M00494,2026-01-01,0.2852,Low
M00494,2026-02-01,0.1142,Low
M00494,2026-03-01,0.2644,Low
M00494,2026-04-01,0.177,Low
M00494,2026-05-01,0.348,Low
M00494,2026-06-01,0.1305,Low
M00495,2026-01-01,0.5999,Medium
M00495,2026-02-01,0.4348,Medium
M00495,2026-03-01,0.526,Medium
M00495,2026-04-01,0.6089,Medium
M00495,2026-05-01,0.4528,Medium
M00495,2026-06-01,0.5174,Medium
M00496,2026-01-01,0.5382,Medium
M00496,2026-02-01,0.6789,High
M00496,2026-03-01,0.6549,Medium
M00496,2026-04-01,0.6532,Medium
M00496,2026-05-01,0.5206,Medium
M00496,2026-06-01,0.3567,Medium
M00497,2026-01-01,0.7,High
M00497,2026-02-01,0.7097,High
M00497,2026-03-01,0.6563,Medium
M00497,2026-04-01,0.9372,High
M00497,2026-05-01,0.983,High
M00497,2026-06-01,0.6553,Medium
M00498,2026-01-01,0.2261,Low
M00498,2026-02-01,0.2266,Low
M00498,2026-03-01,0.0645,Low
M00498,2026-04-01,0.2831,Low
M00498,2026-05-01,0.3276,Low
M00498,2026-06-01,0.4066,Medium
M00499,2026-01-01,0.8131,High
M00499,2026-02-01,0.6803,High
M00499,2026-03-01,0.8189,High
M00499,2026-04-01,0.7721,High
M00499,2026-05-01,0.8036,High
M00499,2026-06-01,0.8722,High
M00500,2026-01-01,0.5043,Medium
M00500,2026-02-01,0.7113,High
M00500,2026-03-01,0.5581,Medium
M00500,2026-04-01,0.4795,Medium
M00500,2026-05-01,0.4472,Medium
M00500,2026-06-01,0.4581,Medium
M00501,2026-01-01,0.2762,Low
M00501,2026-02-01,0.2202,Low
M00501,2026-03-01,0.3035,Low
M00501,2026-04-01,0.2177,Low
M00501,2026-05-01,0.1959,Low
M00501,2026-06-01,0.2928,Low
M00502,2026-01-01,0.2262,Low
M00502,2026-02-01,0.277,Low
M00502,2026-03-01,0.2383,Low
M00502,2026-04-01,0.3445,Low
M00502,2026-05-01,0.3777,Medium
M00502,2026-06-01,0.2356,Low
M00502,2026-06-01,0.2127,Low
M00503,2026-01-01,0.252,Low
M00503,2026-02-01,0.2411,Low
M00503,2026-03-01,0.2637,Low
M00503,2026-04-01,0.3984,Medium
M00503,2026-05-01,0.1779,Low
M00503,2026-06-01,0.2343,Low
M00504,2026-01-01,0.2339,Low
M00504,2026-02-01,0.2383,Low
M00504,2026-03-01,0.1085,Low
M00504,2026-04-01,0.124,Low
M00504,2026-05-01,0.0921,Low
M00504,2026-06-01,0.1453,Low
M00505,2026-01-01,0.3442,Low
M00505,2026-02-01,0.1574,Low
M00505,2026-03-01,0.2267,Low
M00505,2026-04-01,0.2744,Low
M00505,2026-05-01,0.3403,Low
M00505,2026-06-01,0.3445,Low
M00506,2026-01-01,0.4804,Medium
M00506,2026-02-01,0.5974,Medium
M00506,2026-03-01,0.6337,Medium
M00506,2026-04-01,0.5291,Medium
M00506,2026-05-01,0.5178,Medium
M00506,2026-06-01,0.567,Medium
M00507,2026-01-01,0.1652,Low
M00507,2026-02-01,0.1381,Low
M00507,2026-03-01,0.2494,Low
M00507,2026-04-01,0.2169,Low
M00507,2026-05-01,0.2195,Low
M00507,2026-06-01,0.4368,Medium
M00508,2026-01-01,0.6926,High
M00508,2026-02-01,0.7314,High
M00508,2026-03-01,0.6245,Medium
M00508,2026-04-01,0.8975,High
M00508,2026-05-01,0.493,Medium
M00508,2026-06-01,0.7171,High
M00509,2026-01-01,0.5149,Medium
M00509,2026-02-01,0.6132,Medium
M00509,2026-03-01,0.5599,Medium
M00509,2026-04-01,0.675,High
M00509,2026-05-01,0.5,Medium
M00509,2026-06-01,0.5851,Medium
M00510,2026-01-01,0.3327,Low
M00510,2026-02-01,0.147,Low
M00510,2026-03-01,0.201,Low
M00510,2026-04-01,0.2879,Low
M00510,2026-05-01,0.154,Low
M00510,2026-06-01,0.302,Low
M00511,2026-01-01,0.28,Low
M00511,2026-02-01,0.1797,Low
M00511,2026-03-01,0.2628,Low
M00511,2026-04-01,0.153,Low
M00511,2026-05-01,0.2472,Low
M00511,2026-06-01,0.4401,Medium
M00512,2026-01-01,0.5739,Medium
M00512,2026-02-01,0.4656,Medium
M00512,2026-03-01,0.6405,Medium
M00512,2026-04-01,0.6667,Medium
M00512,2026-05-01,0.3939,Medium
M00512,2026-06-01,0.5281,Medium
M00513,2026-01-01,0.53,Medium
M00513,2026-02-01,0.3291,Low
M00513,2026-03-01,0.5811,Medium
M00513,2026-04-01,0.4659,Medium
M00513,2026-05-01,0.5183,Medium
M00513,2026-06-01,0.4614,Medium
M00514,2026-01-01,0.6195,Medium
M00514,2026-02-01,0.3584,Medium
M00514,2026-03-01,0.4484,Medium
M00514,2026-04-01,0.6366,Medium
M00514,2026-05-01,0.5912,Medium
M00514,2026-06-01,0.6502,Medium
M00515,2026-01-01,0.3148,Low
M00515,2026-02-01,0.3409,Low
M00515,2026-03-01,0.5201,Medium
M00515,2026-04-01,0.1299,Low
M00515,2026-05-01,0.3016,Low
M00515,2026-06-01,0.1486,Low
M00516,2026-01-01,0.478,Medium
M00516,2026-02-01,0.5465,Medium
M00516,2026-03-01,0.5214,Medium
M00516,2026-04-01,0.5611,Medium
M00516,2026-05-01,0.5419,Medium
M00516,2026-06-01,0.5057,Medium
M00517,2026-01-01,0.486,Medium
M00517,2026-02-01,0.6019,Medium
M00517,2026-03-01,0.5289,Medium
M00517,2026-04-01,0.6038,Medium
M00517,2026-05-01,0.6396,Medium
M00517,2026-06-01,0.4002,Medium
M00518,2026-01-01,0.2609,Low
M00518,2026-02-01,0.1887,Low
M00518,2026-03-01,0.1936,Low
M00518,2026-04-01,0.2986,Low
M00518,2026-05-01,0.4257,Medium
M00518,2026-06-01,0.2198,Low
M00519,2026-01-01,0.2846,Low
M00519,2026-02-01,0.1806,Low
M00519,2026-03-01,0.1956,Low
M00519,2026-04-01,0.2123,Low
M00519,2026-05-01,0.2568,Low
M00519,2026-06-01,0.2463,Low
M00520,2026-01-01,0.5083,Medium
M00520,2026-02-01,0.3692,Medium
M00520,2026-03-01,0.4446,Medium
M00520,2026-04-01,0.4984,Medium
M00520,2026-05-01,0.4876,Medium
M00520,2026-06-01,0.7873,High
M00521,2026-01-01,0.2688,Low
M00521,2026-02-01,0.2416,Low
M00521,2026-03-01,0.0798,Low
M00521,2026-04-01,0.2944,Low
M00521,2026-05-01,0.3838,Medium
M00521,2026-06-01,0.2912,Low
M00522,2026-01-01,0.8185,High
M00522,2026-02-01,0.7862,High
M00522,2026-03-01,0.7719,High
M00522,2026-04-01,0.7947,High
M00522,2026-05-01,0.7527,High
M00522,2026-06-01,0.6903,High
M00523,2026-01-01,0.8805,High
M00523,2026-02-01,0.7418,High
M00523,2026-03-01,0.8481,High
M00523,2026-04-01,0.7638,High
M00523,2026-05-01,0.7331,High
M00523,2026-06-01,0.8166,High
M00524,2026-01-01,0.5539,Medium
M00524,2026-02-01,0.598,Medium
M00524,2026-03-01,0.5134,Medium
M00524,2026-04-01,0.3887,Medium
M00524,2026-05-01,0.6145,Medium
M00524,2026-06-01,0.5318,Medium
M00525,2026-01-01,0.5088,Medium
M00525,2026-02-01,0.5297,Medium
M00525,2026-03-01,0.3956,Medium
M00525,2026-04-01,0.5744,Medium
M00525,2026-05-01,0.5377,Medium
M00525,2026-06-01,0.5418,Medium
M00526,2026-01-01,0.2371,Low
M00526,2026-02-01,0.2824,Low
M00526,2026-03-01,0.1675,Low
M00526,2026-04-01,0.3202,Low
M00526,2026-05-01,0.2415,Low
M00526,2026-06-01,0.3265,Low
M00527,2026-01-01,0.6949,High
M00527,2026-02-01,0.8122,High
M00527,2026-03-01,0.6978,High
M00527,2026-04-01,0.6834,High
M00527,2026-05-01,0.7891,High
M00527,2026-06-01,0.8197,High
M00528,2026-01-01,0.3878,Medium
M00528,2026-02-01,0.3559,Medium
M00528,2026-03-01,0.1958,Low
M00528,2026-04-01,0.0603,Low
M00528,2026-05-01,0.2618,Low
M00528,2026-06-01,0.3266,Low
M00529,2026-01-01,0.2522,Low
M00529,2026-02-01,0.2868,Low
M00529,2026-03-01,0.3802,Medium
M00529,2026-04-01,0.3845,Medium
M00529,2026-05-01,0.2535,Low
M00529,2026-06-01,0.3107,Low
M00530,2026-01-01,0.433,Medium
M00530,2026-02-01,0.4878,Medium
M00530,2026-03-01,0.4087,Medium
M00530,2026-04-01,0.5374,Medium
M00530,2026-05-01,0.5179,Medium
M00530,2026-06-01,0.5922,Medium
M00531,2026-01-01,0.1161,Low
M00531,2026-02-01,0.1797,Low
M00531,2026-03-01,0.2209,Low
M00531,2026-04-01,0.2847,Low
M00531,2026-05-01,0.326,Low
M00531,2026-06-01,0.2255,Low
M00532,2026-01-01,0.2952,Low
M00532,2026-02-01,0.2184,Low
M00532,2026-03-01,0.1176,Low
M00532,2026-04-01,0.3123,Low
M00532,2026-05-01,0.2011,Low
M00532,2026-06-01,0.1889,Low
M00533,2026-01-01,0.6177,Medium
M00533,2026-02-01,0.4273,Medium
M00533,2026-03-01,0.53,Medium
M00533,2026-04-01,0.5276,Medium
M00533,2026-05-01,0.5556,Medium
M00533,2026-06-01,0.6326,Medium
M00534,2026-01-01,0.2115,Low
M00534,2026-02-01,0.453,Medium
M00534,2026-03-01,0.2823,Low
M00534,2026-04-01,0.1635,Low
M00534,2026-05-01,0.2756,Low
M00534,2026-06-01,0.2688,Low
M00534,2026-06-01,0.2457,Low
M00535,2026-01-01,0.1137,Low
M00535,2026-02-01,0.1279,Low
M00535,2026-03-01,0.2441,Low
M00535,2026-04-01,0.3073,Low
M00535,2026-05-01,0.2487,Low
M00535,2026-06-01,0.1241,Low
M00535,2026-06-01,0.1547,Low
M00536,2026-01-01,0.2704,Low
M00536,2026-02-01,0.1533,Low
M00536,2026-03-01,0.3223,Low
M00536,2026-04-01,0.046,Low
M00536,2026-05-01,0.3433,Low
M00536,2026-06-01,0.2155,Low
M00537,2026-01-01,0.2204,Low
M00537,2026-02-01,0.321,Low
M00537,2026-03-01,0.3422,Low
M00537,2026-04-01,0.2346,Low
M00537,2026-05-01,0.2154,Low
M00537,2026-06-01,0.2599,Low
M00538,2026-01-01,0.0269,Low
M00538,2026-02-01,0.2087,Low
M00538,2026-03-01,0.2193,Low
M00538,2026-04-01,0.2233,Low
M00538,2026-05-01,0.3882,Medium
M00538,2026-06-01,0.2416,Low
M00539,2026-01-01,0.5945,Medium
M00539,2026-02-01,0.6011,Medium
M00539,2026-03-01,0.3326,Low
M00539,2026-04-01,0.5883,Medium
M00539,2026-05-01,0.5069,Medium
M00539,2026-06-01,0.5629,Medium
M00540,2026-01-01,0.2892,Low
M00540,2026-02-01,0.2181,Low
M00540,2026-03-01,0.3241,Low
M00540,2026-04-01,0.258,Low
M00540,2026-05-01,0.3099,Low
M00540,2026-06-01,0.1748,Low
M00541,2026-01-01,0.1673,Low
M00541,2026-02-01,0.2515,Low
M00541,2026-03-01,0.2232,Low
M00541,2026-04-01,0.3403,Low
M00541,2026-05-01,0.1832,Low
M00541,2026-06-01,0.259,Low
M00542,2026-01-01,0.1439,Low
M00542,2026-02-01,0.2951,Low
M00542,2026-03-01,0.2244,Low
M00542,2026-04-01,0.2601,Low
M00542,2026-05-01,0.1426,Low
M00542,2026-06-01,0.2013,Low
M00543,2026-01-01,0.2119,Low
M00543,2026-02-01,0.1341,Low
M00543,2026-03-01,0.2449,Low
M00543,2026-04-01,0.3601,Medium
M00543,2026-05-01,0.1244,Low
M00543,2026-06-01,0.1048,Low
M00544,2026-01-01,0.2928,Low
M00544,2026-02-01,0.2726,Low
M00544,2026-03-01,0.275,Low
M00544,2026-04-01,0.3306,Low
M00544,2026-05-01,0.2796,Low
M00544,2026-06-01,0.2907,Low
M00545,2026-01-01,0.0833,Low
M00545,2026-02-01,0.3355,Low
M00545,2026-03-01,0.1967,Low
M00545,2026-04-01,0.3659,Medium
M00545,2026-05-01,0.1758,Low
M00545,2026-06-01,0.2103,Low
M00546,2026-01-01,0.5533,Medium
M00546,2026-02-01,0.4428,Medium
M00546,2026-03-01,0.5514,Medium
M00546,2026-04-01,0.496,Medium
M00546,2026-05-01,0.5303,Medium
M00546,2026-06-01,0.4816,Medium
M00547,2026-01-01,0.0975,Low
M00547,2026-02-01,0.1229,Low
M00547,2026-03-01,0.2255,Low
M00547,2026-04-01,0.261,Low
M00547,2026-05-01,0.2092,Low
M00547,2026-06-01,0.2216,Low
M00548,2026-01-01,0.3224,Low
M00548,2026-02-01,0.1856,Low
M00548,2026-03-01,0.1097,Low
M00548,2026-04-01,0.2045,Low
M00548,2026-05-01,0.2145,Low
M00548,2026-06-01,0.1269,Low
M00549,2026-01-01,0.4603,Medium
M00549,2026-02-01,0.5413,Medium
M00549,2026-03-01,0.5974,Medium
M00549,2026-04-01,0.5303,Medium
M00549,2026-05-01,0.5259,Medium
M00549,2026-06-01,0.5593,Medium
M00550,2026-01-01,0.2146,Low
M00550,2026-02-01,0.2519,Low
M00550,2026-03-01,0.3758,Medium
M00550,2026-04-01,0.2758,Low
M00550,2026-05-01,0.2888,Low
M00550,2026-06-01,0.3533,Medium
M00551,2026-01-01,0.0833,Low
M00551,2026-02-01,0.2179,Low
M00551,2026-03-01,0.306,Low
M00551,2026-04-01,0.2524,Low
M00551,2026-05-01,0.2642,Low
M00551,2026-06-01,0.3451,Low
M00552,2026-01-01,0.7466,High
M00552,2026-02-01,0.7557,High
M00552,2026-03-01,0.7005,High
M00552,2026-04-01,0.8516,High
M00552,2026-05-01,0.6931,High
M00552,2026-06-01,0.7782,High
M00553,2026-01-01,0.0931,Low
M00553,2026-02-01,0.2556,Low
M00553,2026-03-01,0.0596,Low
M00553,2026-04-01,0.1777,Low
M00553,2026-05-01,0.3513,Medium
M00553,2026-06-01,0.2719,Low
M00554,2026-01-01,0.2131,Low
M00554,2026-02-01,0.2835,Low
M00554,2026-03-01,0.3626,Medium
M00554,2026-04-01,0.2598,Low
M00554,2026-05-01,0.2174,Low
M00554,2026-06-01,0.0838,Low
M00555,2026-01-01,0.5025,Medium
M00555,2026-02-01,0.5292,Medium
M00555,2026-03-01,0.5306,Medium
M00555,2026-04-01,0.6518,Medium
M00555,2026-05-01,0.5516,Medium
M00555,2026-06-01,0.6351,Medium
M00556,2026-01-01,0.4958,Medium
M00556,2026-02-01,0.3116,Low
M00556,2026-03-01,0.6043,Medium
M00556,2026-04-01,0.5878,Medium
M00556,2026-05-01,0.5217,Medium
M00556,2026-06-01,0.5464,Medium
M00557,2026-01-01,0.4981,Medium
M00557,2026-02-01,0.4024,Medium
M00557,2026-03-01,0.4861,Medium
M00557,2026-04-01,0.574,Medium
M00557,2026-05-01,0.4753,Medium
M00557,2026-06-01,0.4898,Medium
M00558,2026-01-01,0.4276,Medium
M00558,2026-02-01,0.5097,Medium
M00558,2026-03-01,0.6439,Medium
M00558,2026-04-01,0.6563,Medium
M00558,2026-05-01,0.5472,Medium
M00558,2026-06-01,0.4809,Medium
M00559,2026-01-01,0.1767,Low
M00559,2026-02-01,0.1317,Low
M00559,2026-03-01,0.2496,Low
M00559,2026-04-01,0.1659,Low
M00559,2026-05-01,0.1255,Low
M00559,2026-06-01,0.0731,Low
M00560,2026-01-01,0.4266,Medium
M00560,2026-02-01,0.6139,Medium
M00560,2026-03-01,0.6305,Medium
M00560,2026-04-01,0.6422,Medium
M00560,2026-05-01,0.4718,Medium
M00560,2026-06-01,0.6735,High
M00561,2026-01-01,0.4385,Medium
M00561,2026-02-01,0.4622,Medium
M00561,2026-03-01,0.5463,Medium
M00561,2026-04-01,0.5011,Medium
M00561,2026-05-01,0.4957,Medium
M00561,2026-06-01,0.6543,Medium
M00562,2026-01-01,0.5481,Medium
M00562,2026-02-01,0.5389,Medium
M00562,2026-03-01,0.5232,Medium
M00562,2026-04-01,0.641,Medium
M00562,2026-05-01,0.6123,Medium
M00562,2026-06-01,0.5722,Medium
M00563,2026-01-01,0.4288,Medium
M00563,2026-02-01,0.4856,Medium
M00563,2026-03-01,0.5528,Medium
M00563,2026-04-01,0.5376,Medium
M00563,2026-05-01,0.4572,Medium
M00563,2026-06-01,0.6151,Medium
M00564,2026-01-01,0.191,Low
M00564,2026-02-01,0.3001,Low
M00564,2026-03-01,0.2903,Low
M00564,2026-04-01,0.3874,Medium
M00564,2026-05-01,0.2004,Low
M00564,2026-06-01,0.1066,Low
M00565,2026-01-01,0.1649,Low
M00565,2026-02-01,0.1442,Low
M00565,2026-03-01,0.1395,Low
M00565,2026-04-01,0.3092,Low
M00565,2026-05-01,0.1456,Low
M00565,2026-06-01,0.4649,Medium
M00566,2026-01-01,0.8283,High
M00566,2026-02-01,0.6689,Medium
M00566,2026-03-01,0.7192,High
M00566,2026-04-01,0.8155,High
M00566,2026-05-01,0.665,Medium
M00566,2026-06-01,0.6298,Medium
M00567,2026-01-01,0.8334,High
M00567,2026-02-01,0.7548,High
M00567,2026-03-01,0.9306,High
M00567,2026-04-01,0.7638,High
M00567,2026-05-01,0.6927,High
M00567,2026-06-01,0.7722,High
M00568,2026-01-01,0.5428,Medium
M00568,2026-01-01,0.5321,Medium
M00568,2026-02-01,0.4228,Medium
M00568,2026-03-01,0.6147,Medium
M00568,2026-04-01,0.6264,Medium
M00568,2026-05-01,0.6224,Medium
M00568,2026-06-01,0.686,High
M00569,2026-01-01,0.2303,Low
M00569,2026-02-01,0.2532,Low
M00569,2026-03-01,0.1817,Low
M00569,2026-04-01,0.3242,Low
M00569,2026-05-01,0.1768,Low
M00569,2026-06-01,0.1185,Low
M00570,2026-01-01,0.2099,Low
M00570,2026-02-01,0.2152,Low
M00570,2026-03-01,0.1392,Low
M00570,2026-04-01,0.3425,Low
M00570,2026-05-01,0.3852,Medium
M00570,2026-06-01,0.3446,Low
M00571,2026-01-01,0.1908,Low
M00571,2026-02-01,0.3248,Low
M00571,2026-03-01,0.1385,Low
M00571,2026-04-01,0.3674,Medium
M00571,2026-05-01,0.1784,Low
M00571,2026-06-01,0.2288,Low
M00572,2026-01-01,0.4077,Medium
M00572,2026-02-01,0.4859,Medium
M00572,2026-03-01,0.4971,Medium
M00572,2026-04-01,0.3486,Low
M00572,2026-05-01,0.3321,Low
M00572,2026-06-01,0.5884,Medium
M00573,2026-01-01,0.1993,Low
M00573,2026-02-01,0.2973,Low
M00573,2026-03-01,0.1388,Low
M00573,2026-04-01,0.1522,Low
M00573,2026-05-01,0.2544,Low
M00573,2026-06-01,0.1931,Low
M00574,2026-01-01,0.5149,Medium
M00574,2026-02-01,0.5468,Medium
M00574,2026-03-01,0.4927,Medium
M00574,2026-04-01,0.4431,Medium
M00574,2026-05-01,0.591,Medium
M00574,2026-06-01,0.6328,Medium
M00575,2026-01-01,0.6226,Medium
M00575,2026-02-01,0.5659,Medium
M00575,2026-03-01,0.4964,Medium
M00575,2026-04-01,0.6266,Medium
M00575,2026-05-01,0.5061,Medium
M00575,2026-06-01,0.507,Medium
M00576,2026-01-01,0.6715,High
M00576,2026-02-01,0.6211,Medium
M00576,2026-03-01,0.5398,Medium
M00576,2026-04-01,0.6136,Medium
M00576,2026-05-01,0.6311,Medium
M00576,2026-06-01,0.4235,Medium
M00577,2026-01-01,0.7051,High
M00577,2026-02-01,0.8054,High
M00577,2026-03-01,0.7903,High
M00577,2026-04-01,0.7931,High
M00577,2026-05-01,0.6738,High
M00577,2026-06-01,0.6572,Medium
M00578,2026-01-01,0.7975,High
M00578,2026-02-01,0.7944,High
M00578,2026-03-01,0.786,High
M00578,2026-04-01,0.839,High
M00578,2026-05-01,0.823,High
M00578,2026-06-01,0.7507,High
M00579,2026-01-01,0.475,Medium
M00579,2026-02-01,0.5812,Medium
M00579,2026-03-01,0.4776,Medium
M00579,2026-04-01,0.571,Medium
M00579,2026-05-01,0.3976,Medium
M00579,2026-06-01,0.4927,Medium
M00580,2026-01-01,0.2275,Low
M00580,2026-02-01,0.3045,Low
M00580,2026-03-01,0.1568,Low
M00580,2026-04-01,0.2186,Low
M00580,2026-05-01,0.3345,Low
M00580,2026-06-01,0.2697,Low
M00581,2026-01-01,0.7361,High
M00581,2026-02-01,0.7526,High
M00581,2026-03-01,0.5998,Medium
M00581,2026-04-01,0.7474,High
M00581,2026-05-01,0.7071,High
M00581,2026-06-01,0.7578,High
M00582,2026-01-01,0.2498,Low
M00582,2026-02-01,0.2534,Low
M00582,2026-03-01,0.2588,Low
M00582,2026-04-01,0.2216,Low
M00582,2026-05-01,0.1622,Low
M00582,2026-06-01,0.3369,Low
M00583,2026-01-01,0.3224,Low
M00583,2026-02-01,0.2507,Low
M00583,2026-03-01,0.2803,Low
M00583,2026-04-01,0.1695,Low
M00583,2026-05-01,0.1847,Low
M00583,2026-06-01,0.1857,Low
M00584,2026-01-01,0.5154,Medium
M00584,2026-02-01,0.565,Medium
M00584,2026-03-01,0.6497,Medium
M00584,2026-04-01,0.5168,Medium
M00584,2026-05-01,0.7086,High
M00584,2026-06-01,0.5898,Medium
M00585,2026-01-01,0.3073,Low
M00585,2026-02-01,0.2302,Low
M00585,2026-03-01,0.1121,Low
M00585,2026-04-01,0.0604,Low
M00585,2026-05-01,0.3122,Low
M00585,2026-06-01,0.1781,Low
M00586,2026-01-01,0.6242,Medium
M00586,2026-02-01,0.4763,Medium
M00586,2026-03-01,0.4734,Medium
M00586,2026-04-01,0.5183,Medium
M00586,2026-05-01,0.5964,Medium
M00586,2026-06-01,0.5446,Medium
M00587,2026-01-01,0.2147,Low
M00587,2026-02-01,0.3438,Low
M00587,2026-03-01,0.0995,Low
M00587,2026-04-01,0.1563,Low
M00587,2026-05-01,0.1493,Low
M00587,2026-06-01,0.2284,Low
M00588,2026-01-01,0.4902,Medium
M00588,2026-02-01,0.4961,Medium
M00588,2026-03-01,0.5033,Medium
M00588,2026-04-01,0.342,Low
M00588,2026-05-01,0.4095,Medium
M00588,2026-06-01,0.469,Medium
M00589,2026-01-01,0.7875,High
M00589,2026-02-01,0.8166,High
M00589,2026-03-01,0.8172,High
M00589,2026-04-01,0.7759,High
M00589,2026-05-01,0.6964,High
M00589,2026-06-01,0.8025,High
M00590,2026-01-01,0.5987,Medium
M00590,2026-02-01,0.5816,Medium
M00590,2026-03-01,0.4594,Medium
M00590,2026-04-01,0.4422,Medium
M00590,2026-05-01,0.4856,Medium
M00590,2026-06-01,0.5789,Medium
M00591,2026-01-01,0.2925,Low
M00591,2026-02-01,0.2926,Low
M00591,2026-03-01,0.1831,Low
M00591,2026-04-01,0.2675,Low
M00591,2026-05-01,0.2668,Low
M00591,2026-06-01,0.3192,Low
M00592,2026-01-01,0.3592,Medium
M00592,2026-02-01,0.1385,Low
M00592,2026-03-01,0.2554,Low
M00592,2026-04-01,0.2934,Low
M00592,2026-05-01,0.232,Low
M00592,2026-06-01,0.1817,Low
M00593,2026-01-01,0.6816,High
M00593,2026-02-01,0.8568,High
M00593,2026-03-01,0.7417,High
M00593,2026-04-01,0.8974,High
M00593,2026-05-01,0.8035,High
M00593,2026-06-01,0.7519,High
M00594,2026-01-01,0.3594,Medium
M00594,2026-02-01,0.4204,Medium
M00594,2026-03-01,0.5811,Medium
M00594,2026-04-01,0.5644,Medium
M00594,2026-05-01,0.5829,Medium
M00594,2026-06-01,0.5445,Medium
M00595,2026-01-01,0.1148,Low
M00595,2026-02-01,0.1837,Low
M00595,2026-03-01,0.1836,Low
M00595,2026-04-01,0.0797,Low
M00595,2026-05-01,0.2115,Low
M00595,2026-06-01,0.3889,Medium
M00596,2026-01-01,0.4992,Medium
M00596,2026-02-01,0.5429,Medium
M00596,2026-03-01,0.6076,Medium
M00596,2026-04-01,0.5979,Medium
M00596,2026-05-01,0.4669,Medium
M00596,2026-06-01,0.4897,Medium
M00597,2026-01-01,0.3063,Low
M00597,2026-02-01,0.2198,Low
M00597,2026-03-01,0.1567,Low
M00597,2026-04-01,0.2509,Low
M00597,2026-05-01,0.3358,Low
M00597,2026-06-01,0.2383,Low
M00598,2026-01-01,0.1931,Low
M00598,2026-02-01,0.2765,Low
M00598,2026-03-01,0.2504,Low
M00598,2026-04-01,0.2547,Low
M00598,2026-05-01,0.2996,Low
M00598,2026-06-01,0.0902,Low
M00599,2026-01-01,0.4009,Medium
M00599,2026-02-01,0.4977,Medium
M00599,2026-03-01,0.5,Medium
M00599,2026-04-01,0.4527,Medium
M00599,2026-05-01,0.4896,Medium
M00599,2026-06-01,0.488,Medium
M00600,2026-01-01,0.1164,Low
M00600,2026-02-01,0.1777,Low
M00600,2026-03-01,0.3073,Low
M00600,2026-04-01,0.203,Low
M00600,2026-05-01,0.1175,Low
M00600,2026-06-01,0.1573,Low
M00601,2026-01-01,0.194,Low
M00601,2026-02-01,0.3253,Low
M00601,2026-03-01,0.1713,Low
M00601,2026-04-01,0.3336,Low
M00601,2026-05-01,0.3367,Low
M00601,2026-06-01,0.2999,Low
M00602,2026-01-01,0.4464,Medium
M00602,2026-02-01,0.5421,Medium
M00602,2026-03-01,0.4493,Medium
M00602,2026-04-01,0.5448,Medium
M00602,2026-05-01,0.6066,Medium
M00602,2026-06-01,0.55,Medium
M00603,2026-01-01,0.534,Medium
M00603,2026-02-01,0.5241,Medium
M00603,2026-03-01,0.5742,Medium
M00603,2026-04-01,0.5706,Medium
M00603,2026-05-01,0.3801,Medium
M00603,2026-06-01,0.6668,Medium
M00604,2026-01-01,0.524,Medium
M00604,2026-02-01,0.3399,Low
M00604,2026-03-01,0.4741,Medium
M00604,2026-04-01,0.6489,Medium
M00604,2026-05-01,0.5891,Medium
M00604,2026-06-01,0.6008,Medium
M00605,2026-01-01,0.2376,Low
M00605,2026-02-01,0.1708,Low
M00605,2026-03-01,0.3415,Low
M00605,2026-04-01,0.2371,Low
M00605,2026-05-01,0.1966,Low
M00605,2026-06-01,0.1769,Low
M00606,2026-01-01,0.3803,Medium
M00606,2026-02-01,0.5977,Medium
M00606,2026-03-01,0.3881,Medium
M00606,2026-04-01,0.7053,High
M00606,2026-05-01,0.6751,High
M00606,2026-06-01,0.5226,Medium
M00607,2026-01-01,0.5816,Medium
M00607,2026-02-01,0.5988,Medium
M00607,2026-03-01,0.4475,Medium
M00607,2026-04-01,0.6611,Medium
M00607,2026-05-01,0.6569,Medium
M00607,2026-06-01,0.6249,Medium
M00608,2026-01-01,0.4804,Medium
M00608,2026-02-01,0.4474,Medium
M00608,2026-03-01,0.5202,Medium
M00608,2026-04-01,0.6207,Medium
M00608,2026-05-01,0.5683,Medium
M00608,2026-06-01,0.6262,Medium
M00609,2026-01-01,0.2165,Low
M00609,2026-02-01,0.1751,Low
M00609,2026-03-01,0.1818,Low
M00609,2026-04-01,0.1443,Low
M00609,2026-05-01,0.1496,Low
M00609,2026-06-01,0.2288,Low
M00610,2026-01-01,0.283,Low
M00610,2026-02-01,0.0565,Low
M00610,2026-03-01,0.2851,Low
M00610,2026-04-01,0.1751,Low
M00610,2026-05-01,0.0789,Low
M00610,2026-06-01,0.0854,Low
M00611,2026-01-01,0.4804,Medium
M00611,2026-02-01,0.5564,Medium
M00611,2026-02-01,0.5613,Medium
M00611,2026-03-01,0.5431,Medium
M00611,2026-04-01,0.5244,Medium
M00611,2026-05-01,0.6186,Medium
M00611,2026-06-01,0.6921,High
M00612,2026-01-01,0.2143,Low
M00612,2026-02-01,0.1794,Low
M00612,2026-03-01,0.2882,Low
M00612,2026-04-01,0.168,Low
M00612,2026-05-01,0.2183,Low
M00612,2026-06-01,0.1459,Low
M00613,2026-01-01,0.2129,Low
M00613,2026-02-01,0.1948,Low
M00613,2026-03-01,0.2752,Low
M00613,2026-04-01,0.1698,Low
M00613,2026-05-01,0.1849,Low
M00613,2026-06-01,0.2333,Low
M00614,2026-01-01,0.2464,Low
M00614,2026-02-01,0.1957,Low
M00614,2026-03-01,0.2624,Low
M00614,2026-04-01,0.1556,Low
M00614,2026-05-01,0.2634,Low
M00614,2026-06-01,0.2545,Low
M00615,2026-01-01,0.2147,Low
M00615,2026-02-01,0.3351,Low
M00615,2026-03-01,0.3832,Medium
M00615,2026-04-01,0.2417,Low
M00615,2026-05-01,0.2584,Low
M00615,2026-06-01,0.345,Low
M00616,2026-01-01,0.1934,Low
M00616,2026-02-01,0.1915,Low
M00616,2026-03-01,0.1196,Low
M00616,2026-04-01,0.1642,Low
M00616,2026-05-01,0.2094,Low
M00616,2026-06-01,0.1867,Low
M00617,2026-01-01,0.8134,High
M00617,2026-02-01,0.8155,High
M00617,2026-03-01,0.7777,High
M00617,2026-04-01,0.6663,Medium
M00617,2026-05-01,0.7373,High
M00617,2026-06-01,0.7321,High
M00618,2026-01-01,0.5093,Medium
M00618,2026-02-01,0.6258,Medium
M00618,2026-03-01,0.4522,Medium
M00618,2026-04-01,0.5086,Medium
M00618,2026-05-01,0.4766,Medium
M00618,2026-06-01,0.5639,Medium
M00619,2026-01-01,0.1905,Low
M00619,2026-02-01,0.1189,Low
M00619,2026-03-01,0.3274,Low
M00619,2026-04-01,0.1864,Low
M00619,2026-05-01,0.1946,Low
M00619,2026-06-01,0.2308,Low
M00620,2026-01-01,0.5963,Medium
M00620,2026-02-01,0.4297,Medium
M00620,2026-03-01,0.4088,Medium
M00620,2026-04-01,0.4539,Medium
M00620,2026-05-01,0.4628,Medium
M00620,2026-06-01,0.4801,Medium
M00621,2026-01-01,0.2371,Low
M00621,2026-02-01,0.1891,Low
M00621,2026-03-01,0.2303,Low
M00621,2026-04-01,0.1025,Low
M00621,2026-05-01,0.2226,Low
M00621,2026-06-01,0.1576,Low
M00622,2026-01-01,0.2598,Low
M00622,2026-02-01,0.18,Low
M00622,2026-03-01,0.3025,Low
M00622,2026-04-01,0.1913,Low
M00622,2026-05-01,0.1436,Low
M00622,2026-06-01,0.1912,Low
M00623,2026-01-01,0.1662,Low
M00623,2026-02-01,0.2454,Low
M00623,2026-03-01,0.3374,Low
M00623,2026-04-01,0.3001,Low
M00623,2026-05-01,0.2754,Low
M00623,2026-06-01,0.2876,Low
M00624,2026-01-01,0.2407,Low
M00624,2026-02-01,0.2316,Low
M00624,2026-03-01,0.2332,Low
M00624,2026-04-01,0.2629,Low
M00624,2026-05-01,0.2113,Low
M00624,2026-06-01,0.1101,Low
M00625,2026-01-01,0.3023,Low
M00625,2026-02-01,0.2282,Low
M00625,2026-03-01,0.4392,Medium
M00625,2026-04-01,0.3272,Low
M00625,2026-05-01,0.2801,Low
M00625,2026-06-01,0.1533,Low
M00626,2026-01-01,0.6441,Medium
M00626,2026-02-01,0.5187,Medium
M00626,2026-03-01,0.5448,Medium
M00626,2026-04-01,0.545,Medium
M00626,2026-05-01,0.6422,Medium
M00626,2026-06-01,0.6328,Medium
M00627,2026-01-01,0.4774,Medium
M00627,2026-02-01,0.3742,Medium
M00627,2026-03-01,0.6216,Medium
M00627,2026-04-01,0.6394,Medium
M00627,2026-05-01,0.5516,Medium
M00627,2026-05-01,0.575,Medium
M00627,2026-06-01,0.6496,Medium
M00628,2026-01-01,0.1318,Low
M00628,2026-02-01,0.34,Low
M00628,2026-03-01,0.2335,Low
M00628,2026-04-01,0.3322,Low
M00628,2026-05-01,0.0645,Low
M00628,2026-06-01,0.3592,Medium
M00629,2026-01-01,0.2142,Low
M00629,2026-02-01,0.0801,Low
M00629,2026-03-01,0.2169,Low
M00629,2026-04-01,0.1842,Low
M00629,2026-05-01,0.399,Medium
M00629,2026-05-01,0.3911,Medium
M00629,2026-06-01,0.3585,Medium
M00630,2026-01-01,0.1668,Low
M00630,2026-02-01,0.2488,Low
M00630,2026-03-01,0.0125,Low
M00630,2026-04-01,0.0954,Low
M00630,2026-05-01,0.3542,Medium
M00630,2026-06-01,0.2327,Low
M00631,2026-01-01,0.7992,High
M00631,2026-02-01,0.797,High
M00631,2026-03-01,0.7783,High
M00631,2026-04-01,0.8082,High
M00631,2026-05-01,0.7483,High
M00631,2026-06-01,0.9129,High
M00632,2026-01-01,0.1947,Low
M00632,2026-02-01,0.2235,Low
M00632,2026-03-01,0.1907,Low
M00632,2026-04-01,0.0764,Low
M00632,2026-05-01,0.253,Low
M00632,2026-06-01,0.2142,Low
M00633,2026-01-01,0.4947,Medium
M00633,2026-02-01,0.5361,Medium
M00633,2026-03-01,0.3338,Low
M00633,2026-04-01,0.5542,Medium
M00633,2026-04-01,0.5422,Medium
M00633,2026-05-01,0.6149,Medium
M00633,2026-06-01,0.7126,High
M00634,2026-01-01,0.2454,Low
M00634,2026-02-01,0.3397,Low
M00634,2026-03-01,0.1183,Low
M00634,2026-04-01,0.3502,Medium
M00634,2026-05-01,0.142,Low
M00634,2026-06-01,0.3369,Low
M00635,2026-01-01,0.2538,Low
M00635,2026-02-01,0.1194,Low
M00635,2026-03-01,0.1501,Low
M00635,2026-04-01,0.2276,Low
M00635,2026-05-01,0.3055,Low
M00635,2026-06-01,0.2954,Low
M00636,2026-01-01,0.6685,Medium
M00636,2026-02-01,0.8193,High
M00636,2026-03-01,0.7958,High
M00636,2026-04-01,0.7924,High
M00636,2026-05-01,0.7028,High
M00636,2026-06-01,0.8565,High
M00637,2026-01-01,0.2374,Low
M00637,2026-02-01,0.0976,Low
M00637,2026-03-01,0.0847,Low
M00637,2026-04-01,0.3005,Low
M00637,2026-05-01,0.1942,Low
M00637,2026-06-01,0.2139,Low
M00638,2026-01-01,0.4541,Medium
M00638,2026-02-01,0.5348,Medium
M00638,2026-03-01,0.5237,Medium
M00638,2026-04-01,0.6458,Medium
M00638,2026-05-01,0.5562,Medium
M00638,2026-06-01,0.5123,Medium
M00639,2026-01-01,0.6034,Medium
M00639,2026-02-01,0.6068,Medium
M00639,2026-03-01,0.5454,Medium
M00639,2026-04-01,0.5698,Medium
M00639,2026-05-01,0.4967,Medium
M00639,2026-06-01,0.5499,Medium
M00640,2026-01-01,0.55,Medium
M00640,2026-02-01,0.6498,Medium
M00640,2026-02-01,0.6673,Medium
M00640,2026-03-01,0.4837,Medium
M00640,2026-04-01,0.4396,Medium
M00640,2026-05-01,0.5712,Medium
M00640,2026-06-01,0.4029,Medium
M00641,2026-01-01,0.4153,Medium
M00641,2026-02-01,0.4171,Medium
M00641,2026-03-01,0.5682,Medium
M00641,2026-04-01,0.5464,Medium
M00641,2026-05-01,0.5481,Medium
M00641,2026-06-01,0.5607,Medium
M00642,2026-01-01,0.4687,Medium
M00642,2026-02-01,0.3627,Medium
M00642,2026-02-01,0.4008,Medium
M00642,2026-03-01,0.4721,Medium
M00642,2026-04-01,0.5723,Medium
M00642,2026-05-01,0.4602,Medium
M00642,2026-06-01,0.5789,Medium
M00643,2026-01-01,0.3223,Low
M00643,2026-02-01,0.1432,Low
M00643,2026-03-01,0.2728,Low
M00643,2026-04-01,0.341,Low
M00643,2026-05-01,0.2912,Low
M00643,2026-06-01,0.1217,Low
M00644,2026-01-01,0.7805,High
M00644,2026-02-01,0.9025,High
M00644,2026-03-01,0.7009,High
M00644,2026-04-01,0.8,High
M00644,2026-05-01,0.6922,High
M00644,2026-06-01,0.7943,High
M00645,2026-01-01,0.7799,High
M00645,2026-02-01,0.7396,High
M00645,2026-03-01,0.7037,High
M00645,2026-04-01,0.8301,High
M00645,2026-05-01,0.8516,High
M00645,2026-06-01,0.7451,High
M00646,2026-01-01,0.2556,Low
M00646,2026-02-01,0.0984,Low
M00646,2026-03-01,0.3624,Medium
M00646,2026-04-01,0.2648,Low
M00646,2026-05-01,0.4076,Medium
M00646,2026-06-01,0.3258,Low
M00647,2026-01-01,0.2905,Low
M00647,2026-02-01,0.2587,Low
M00647,2026-03-01,0.2185,Low
M00647,2026-04-01,0.2844,Low
M00647,2026-04-01,0.3037,Low
M00647,2026-05-01,0.1729,Low
M00647,2026-06-01,0.3236,Low
M00648,2026-01-01,0.2505,Low
M00648,2026-02-01,0.2486,Low
M00648,2026-03-01,0.2667,Low
M00648,2026-04-01,0.1804,Low
M00648,2026-05-01,0.2706,Low
M00648,2026-06-01,0.3555,Medium
M00649,2026-01-01,0.1791,Low
M00649,2026-02-01,0.2414,Low
M00649,2026-02-01,0.2155,Low
M00649,2026-03-01,0.2521,Low
M00649,2026-04-01,0.168,Low
M00649,2026-05-01,0.3459,Low
M00649,2026-06-01,0.2745,Low
M00650,2026-01-01,0.2943,Low
M00650,2026-02-01,0.1869,Low
M00650,2026-02-01,0.1705,Low
M00650,2026-03-01,0.0106,Low
M00650,2026-04-01,0.3542,Medium
M00650,2026-05-01,0.2495,Low
M00650,2026-06-01,0.2464,Low
M00651,2026-01-01,0.121,Low
M00651,2026-02-01,0.2459,Low
M00651,2026-03-01,0.0633,Low
M00651,2026-04-01,0.1942,Low
M00651,2026-05-01,0.1315,Low
M00651,2026-06-01,0.1377,Low
M00652,2026-01-01,0.5593,Medium
M00652,2026-02-01,0.4269,Medium
M00652,2026-03-01,0.4957,Medium
M00652,2026-04-01,0.4586,Medium
M00652,2026-05-01,0.5399,Medium
M00652,2026-06-01,0.5692,Medium
M00653,2026-01-01,0.2239,Low
M00653,2026-02-01,0.2394,Low
M00653,2026-03-01,0.3483,Low
M00653,2026-04-01,0.051,Low
M00653,2026-05-01,0.3717,Medium
M00653,2026-06-01,0.3706,Medium
M00654,2026-01-01,0.5158,Medium
M00654,2026-02-01,0.3358,Low
M00654,2026-03-01,0.4387,Medium
M00654,2026-04-01,0.6487,Medium
M00654,2026-05-01,0.5217,Medium
M00654,2026-06-01,0.4762,Medium
M00655,2026-01-01,0.5264,Medium
M00655,2026-02-01,0.532,Medium
M00655,2026-03-01,0.5917,Medium
M00655,2026-04-01,0.6527,Medium
M00655,2026-05-01,0.5422,Medium
M00655,2026-06-01,0.6392,Medium
M00656,2026-01-01,0.0997,Low
M00656,2026-02-01,0.2657,Low
M00656,2026-03-01,0.3619,Medium
M00656,2026-04-01,0.2525,Low
M00656,2026-05-01,0.1613,Low
M00656,2026-06-01,0.2365,Low
M00657,2026-01-01,0.36,Medium
M00657,2026-02-01,0.285,Low
M00657,2026-03-01,0.3134,Low
M00657,2026-04-01,0.1806,Low
M00657,2026-05-01,0.2425,Low
M00657,2026-06-01,0.4017,Medium
M00658,2026-01-01,0.528,Medium
M00658,2026-02-01,0.4983,Medium
M00658,2026-03-01,0.573,Medium
M00658,2026-04-01,0.4136,Medium
M00658,2026-05-01,0.5871,Medium
M00658,2026-06-01,0.5406,Medium
M00659,2026-01-01,0.7873,High
M00659,2026-02-01,0.7487,High
M00659,2026-03-01,0.7048,High
M00659,2026-04-01,0.6661,Medium
M00659,2026-05-01,0.6982,High
M00659,2026-06-01,0.8203,High
M00660,2026-01-01,0.5919,Medium
M00660,2026-02-01,0.6413,Medium
M00660,2026-03-01,0.5269,Medium
M00660,2026-04-01,0.5665,Medium
M00660,2026-05-01,0.4343,Medium
M00660,2026-06-01,0.6804,High
M00661,2026-01-01,0.5853,Medium
M00661,2026-02-01,0.5047,Medium
M00661,2026-03-01,0.5184,Medium
M00661,2026-04-01,0.62,Medium
M00661,2026-05-01,0.5993,Medium
M00661,2026-06-01,0.492,Medium
M00662,2026-01-01,0.5117,Medium
M00662,2026-02-01,0.5494,Medium
M00662,2026-03-01,0.4969,Medium
M00662,2026-04-01,0.678,High
M00662,2026-05-01,0.5661,Medium
M00662,2026-06-01,0.4942,Medium
M00663,2026-01-01,0.2035,Low
M00663,2026-02-01,0.2639,Low
M00663,2026-03-01,0.1648,Low
M00663,2026-04-01,0.3361,Low
M00663,2026-05-01,0.3075,Low
M00663,2026-06-01,0.189,Low
M00664,2026-01-01,0.1749,Low
M00664,2026-02-01,0.2528,Low
M00664,2026-03-01,0.1318,Low
M00664,2026-04-01,0.2439,Low
M00664,2026-05-01,0.2454,Low
M00664,2026-06-01,0.3354,Low
M00665,2026-01-01,0.1813,Low
M00665,2026-02-01,0.3673,Medium
M00665,2026-03-01,0.1553,Low
M00665,2026-04-01,0.2097,Low
M00665,2026-05-01,0.3895,Medium
M00665,2026-06-01,0.1121,Low
M00666,2026-01-01,0.5247,Medium
M00666,2026-02-01,0.5412,Medium
M00666,2026-03-01,0.5951,Medium
M00666,2026-04-01,0.5832,Medium
M00666,2026-05-01,0.41,Medium
M00666,2026-06-01,0.5009,Medium
M00667,2026-01-01,0.2881,Low
M00667,2026-02-01,0.1257,Low
M00667,2026-03-01,0.3037,Low
M00667,2026-04-01,0.1101,Low
M00667,2026-05-01,0.3555,Medium
M00667,2026-06-01,0.2836,Low
M00668,2026-01-01,0.5735,Medium
M00668,2026-02-01,0.4063,Medium
M00668,2026-03-01,0.5986,Medium
M00668,2026-04-01,0.4702,Medium
M00668,2026-05-01,0.5014,Medium
M00668,2026-06-01,0.5558,Medium
M00669,2026-01-01,0.2892,Low
M00669,2026-02-01,0.2291,Low
M00669,2026-03-01,0.1252,Low
M00669,2026-04-01,0.3169,Low
M00669,2026-05-01,0.3352,Low
M00669,2026-06-01,0.3101,Low
M00670,2026-01-01,0.2141,Low
M00670,2026-02-01,0.1217,Low
M00670,2026-03-01,0.1691,Low
M00670,2026-04-01,0.3203,Low
M00670,2026-05-01,0.2339,Low
M00670,2026-06-01,0.1121,Low
M00671,2026-01-01,0.5163,Medium
M00671,2026-02-01,0.5992,Medium
M00671,2026-03-01,0.5607,Medium
M00671,2026-04-01,0.6406,Medium
M00671,2026-05-01,0.4508,Medium
M00671,2026-06-01,0.6103,Medium
M00672,2026-01-01,0.581,Medium
M00672,2026-02-01,0.6264,Medium
M00672,2026-03-01,0.4339,Medium
M00672,2026-04-01,0.5087,Medium
M00672,2026-05-01,0.6863,High
M00672,2026-06-01,0.5545,Medium
M00673,2026-01-01,0.1662,Low
M00673,2026-02-01,0.2771,Low
M00673,2026-03-01,0.3893,Medium
M00673,2026-04-01,0.2899,Low
M00673,2026-05-01,0.3132,Low
M00673,2026-06-01,0.1601,Low
M00674,2026-01-01,0.6865,High
M00674,2026-02-01,0.7592,High
M00674,2026-03-01,0.7858,High
M00674,2026-04-01,0.7853,High
M00674,2026-05-01,0.9329,High
M00674,2026-06-01,0.6491,Medium
M00675,2026-01-01,0.197,Low
M00675,2026-02-01,0.2195,Low
M00675,2026-03-01,0.3042,Low
M00675,2026-04-01,0.1742,Low
M00675,2026-05-01,0.2897,Low
M00675,2026-06-01,0.0563,Low
M00676,2026-01-01,0.5041,Medium
M00676,2026-02-01,0.5764,Medium
M00676,2026-03-01,0.2399,Low
M00676,2026-04-01,0.5671,Medium
M00676,2026-05-01,0.5251,Medium
M00676,2026-06-01,0.414,Medium
M00677,2026-01-01,0.8776,High
M00677,2026-02-01,0.8235,High
M00677,2026-03-01,0.8094,High
M00677,2026-04-01,0.908,High
M00677,2026-05-01,0.7661,High
M00677,2026-06-01,0.7994,High
M00678,2026-01-01,0.2132,Low
M00678,2026-02-01,0.2191,Low
M00678,2026-03-01,0.3414,Low
M00678,2026-04-01,0.3889,Medium
M00678,2026-05-01,0.2913,Low
M00678,2026-06-01,0.2696,Low
M00679,2026-01-01,0.5094,Medium
M00679,2026-02-01,0.4211,Medium
M00679,2026-03-01,0.459,Medium
M00679,2026-04-01,0.5984,Medium
M00679,2026-05-01,0.624,Medium
M00679,2026-06-01,0.6564,Medium
M00680,2026-01-01,0.5529,Medium
M00680,2026-02-01,0.6224,Medium
M00680,2026-03-01,0.3707,Medium
M00680,2026-04-01,0.4413,Medium
M00680,2026-05-01,0.4943,Medium
M00680,2026-06-01,0.48,Medium
M00681,2026-01-01,0.2035,Low
M00681,2026-02-01,0.434,Medium
M00681,2026-03-01,0.1449,Low
M00681,2026-04-01,0.1716,Low
M00681,2026-05-01,0.4144,Medium
M00681,2026-06-01,0.1992,Low
M00682,2026-01-01,0.4716,Medium
M00682,2026-02-01,0.6677,Medium
M00682,2026-03-01,0.5753,Medium
M00682,2026-04-01,0.6919,High
M00682,2026-05-01,0.3542,Medium
M00682,2026-06-01,0.4809,Medium
M00683,2026-01-01,0.535,Medium
M00683,2026-02-01,0.4847,Medium
M00683,2026-03-01,0.4066,Medium
M00683,2026-04-01,0.4491,Medium
M00683,2026-05-01,0.5273,Medium
M00683,2026-06-01,0.5228,Medium
M00684,2026-01-01,0.5313,Medium
M00684,2026-02-01,0.4416,Medium
M00684,2026-03-01,0.4829,Medium
M00684,2026-04-01,0.5739,Medium
M00684,2026-05-01,0.4672,Medium
M00684,2026-06-01,0.4915,Medium
M00685,2026-01-01,0.3312,Low
M00685,2026-02-01,0.4413,Medium
M00685,2026-03-01,0.4987,Medium
M00685,2026-04-01,0.5369,Medium
M00685,2026-05-01,0.588,Medium
M00685,2026-06-01,0.3473,Low
M00686,2026-01-01,0.1966,Low
M00686,2026-02-01,0.2678,Low
M00686,2026-03-01,0.2869,Low
M00686,2026-04-01,0.1732,Low
M00686,2026-05-01,0.2885,Low
M00686,2026-06-01,0.1768,Low
M00687,2026-01-01,0.1598,Low
M00687,2026-02-01,0.2358,Low
M00687,2026-03-01,0.2411,Low
M00687,2026-04-01,0.2029,Low
M00687,2026-05-01,0.2536,Low
M00687,2026-06-01,0.0339,Low
M00688,2026-01-01,0.1903,Low
M00688,2026-02-01,0.2474,Low
M00688,2026-03-01,0.1484,Low
M00688,2026-04-01,0.2934,Low
M00688,2026-05-01,0.0202,Low
M00688,2026-06-01,0.2125,Low
M00689,2026-01-01,0.4601,Medium
M00689,2026-02-01,0.4878,Medium
M00689,2026-03-01,0.4079,Medium
M00689,2026-04-01,0.5668,Medium
M00689,2026-05-01,0.5743,Medium
M00689,2026-06-01,0.5997,Medium
M00690,2026-01-01,0.8716,High
M00690,2026-02-01,0.7022,High
M00690,2026-03-01,0.7706,High
M00690,2026-04-01,0.9542,High
M00690,2026-05-01,0.7925,High
M00690,2026-06-01,0.7201,High
M00691,2026-01-01,0.3299,Low
M00691,2026-02-01,0.34,Low
M00691,2026-03-01,0.1458,Low
M00691,2026-04-01,0.3244,Low
M00691,2026-05-01,0.2176,Low
M00691,2026-06-01,0.1963,Low
M00692,2026-01-01,0.2657,Low
M00692,2026-02-01,0.2032,Low
M00692,2026-03-01,0.3664,Medium
M00692,2026-04-01,0.2982,Low
M00692,2026-05-01,0.2501,Low
M00692,2026-06-01,0.2942,Low
M00693,2026-01-01,0.3366,Low
M00693,2026-02-01,0.1103,Low
M00693,2026-03-01,0.0475,Low
M00693,2026-04-01,0.2466,Low
M00693,2026-05-01,0.2996,Low
M00693,2026-06-01,0.2677,Low
M00694,2026-01-01,0.1037,Low
M00694,2026-02-01,0.1984,Low
M00694,2026-03-01,0.3574,Medium
M00694,2026-04-01,0.2614,Low
M00694,2026-05-01,0.2252,Low
M00694,2026-06-01,0.2133,Low
M00695,2026-01-01,0.2911,Low
M00695,2026-02-01,0.2182,Low
M00695,2026-03-01,0.2429,Low
M00695,2026-04-01,0.3607,Medium
M00695,2026-05-01,0.4109,Medium
M00695,2026-06-01,0.3282,Low
M00696,2026-01-01,0.3803,Medium
M00696,2026-02-01,0.6016,Medium
M00696,2026-03-01,0.4423,Medium
M00696,2026-04-01,0.6931,High
M00696,2026-05-01,0.5523,Medium
M00696,2026-06-01,0.4697,Medium
M00697,2026-01-01,0.1816,Low
M00697,2026-02-01,0.2491,Low
M00697,2026-03-01,0.1524,Low
M00697,2026-04-01,0.1896,Low
M00697,2026-05-01,0.2603,Low
M00697,2026-06-01,0.261,Low
M00698,2026-01-01,0.449,Medium
M00698,2026-02-01,0.4449,Medium
M00698,2026-03-01,0.5863,Medium
M00698,2026-04-01,0.3722,Medium
M00698,2026-05-01,0.5029,Medium
M00698,2026-06-01,0.438,Medium
M00699,2026-01-01,0.3938,Medium
M00699,2026-02-01,0.3997,Medium
M00699,2026-03-01,0.5994,Medium
M00699,2026-04-01,0.4244,Medium
M00699,2026-05-01,0.485,Medium
M00699,2026-06-01,0.4474,Medium
M00700,2026-01-01,0.6127,Medium
M00700,2026-02-01,0.5145,Medium
M00700,2026-03-01,0.4156,Medium
M00700,2026-04-01,0.5061,Medium
M00700,2026-05-01,0.5091,Medium
M00700,2026-06-01,0.4739,Medium
M00701,2026-01-01,0.3114,Low
M00701,2026-02-01,0.2276,Low
M00701,2026-03-01,0.2471,Low
M00701,2026-04-01,0.3361,Low
M00701,2026-05-01,0.3352,Low
M00701,2026-06-01,0.3113,Low
M00701,2026-06-01,0.2568,Low
M00702,2026-01-01,0.5306,Medium
M00702,2026-02-01,0.7632,High
M00702,2026-03-01,0.5115,Medium
M00702,2026-04-01,0.6401,Medium
M00702,2026-05-01,0.6136,Medium
M00702,2026-06-01,0.4841,Medium
M00703,2026-01-01,0.2082,Low
M00703,2026-02-01,0.151,Low
M00703,2026-03-01,0.178,Low
M00703,2026-04-01,0.2967,Low
M00703,2026-05-01,0.2141,Low
M00703,2026-06-01,0.2692,Low
M00704,2026-01-01,0.7456,High
M00704,2026-01-01,0.779,High
M00704,2026-02-01,0.7914,High
M00704,2026-03-01,0.7575,High
M00704,2026-04-01,0.7436,High
M00704,2026-05-01,0.6255,Medium
M00704,2026-06-01,0.8848,High
M00704,2026-06-01,0.8481,High
M00705,2026-01-01,0.6446,Medium
M00705,2026-02-01,0.5676,Medium
M00705,2026-03-01,0.5305,Medium
M00705,2026-04-01,0.5699,Medium
M00705,2026-05-01,0.4611,Medium
M00705,2026-06-01,0.5779,Medium
M00706,2026-01-01,0.5754,Medium
M00706,2026-02-01,0.4889,Medium
M00706,2026-03-01,0.561,Medium
M00706,2026-04-01,0.5635,Medium
M00706,2026-05-01,0.4411,Medium
M00706,2026-06-01,0.5448,Medium
M00707,2026-01-01,0.6063,Medium
M00707,2026-02-01,0.5968,Medium
M00707,2026-03-01,0.5892,Medium
M00707,2026-04-01,0.4998,Medium
M00707,2026-05-01,0.4847,Medium
M00707,2026-06-01,0.5925,Medium
M00708,2026-01-01,0.2062,Low
M00708,2026-02-01,0.256,Low
M00708,2026-03-01,0.1241,Low
M00708,2026-04-01,0.2868,Low
M00708,2026-05-01,0.3286,Low
M00708,2026-06-01,0.2222,Low
M00709,2026-01-01,0.5287,Medium
M00709,2026-02-01,0.3593,Medium
M00709,2026-03-01,0.4902,Medium
M00709,2026-04-01,0.4871,Medium
M00709,2026-05-01,0.5929,Medium
M00709,2026-06-01,0.4927,Medium
M00710,2026-01-01,0.6759,High
M00710,2026-02-01,0.8492,High
M00710,2026-03-01,0.6261,Medium
M00710,2026-04-01,0.7563,High
M00710,2026-05-01,0.8192,High
M00710,2026-06-01,0.6746,High
M00711,2026-01-01,0.1617,Low
M00711,2026-02-01,0.2274,Low
M00711,2026-03-01,0.0792,Low
M00711,2026-03-01,0.1141,Low
M00711,2026-04-01,0.1703,Low
M00711,2026-05-01,0.3461,Low
M00711,2026-06-01,0.2359,Low
M00712,2026-01-01,0.5519,Medium
M00712,2026-02-01,0.6166,Medium
M00712,2026-03-01,0.6758,High
M00712,2026-04-01,0.4316,Medium
M00712,2026-05-01,0.6206,Medium
M00712,2026-06-01,0.6255,Medium
M00713,2026-01-01,0.3685,Medium
M00713,2026-02-01,0.2399,Low
M00713,2026-03-01,0.1899,Low
M00713,2026-04-01,0.3177,Low
M00713,2026-05-01,0.31,Low
M00713,2026-06-01,0.2817,Low
M00714,2026-01-01,0.6132,Medium
M00714,2026-01-01,0.6239,Medium
M00714,2026-02-01,0.6661,Medium
M00714,2026-03-01,0.5495,Medium
M00714,2026-04-01,0.481,Medium
M00714,2026-05-01,0.5416,Medium
M00714,2026-06-01,0.4968,Medium
M00715,2026-01-01,0.3809,Medium
M00715,2026-02-01,0.2213,Low
M00715,2026-03-01,0.1817,Low
M00715,2026-04-01,0.3188,Low
M00715,2026-05-01,0.1865,Low
M00715,2026-06-01,0.2334,Low
M00716,2026-01-01,0.3011,Low
M00716,2026-02-01,0.226,Low
M00716,2026-03-01,0.0521,Low
M00716,2026-04-01,0.3286,Low
M00716,2026-05-01,0.1338,Low
M00716,2026-06-01,0.2701,Low
M00717,2026-01-01,0.1383,Low
M00717,2026-02-01,0.2883,Low
M00717,2026-03-01,0.2963,Low
M00717,2026-04-01,0.2547,Low
M00717,2026-05-01,0.2576,Low
M00717,2026-06-01,0.1194,Low
M00718,2026-01-01,0.3124,Low
M00718,2026-02-01,0.2002,Low
M00718,2026-03-01,0.1032,Low
M00718,2026-04-01,0.1924,Low
M00718,2026-05-01,0.4448,Medium
M00718,2026-06-01,0.2786,Low
M00719,2026-01-01,0.6484,Medium
M00719,2026-02-01,0.579,Medium
M00719,2026-03-01,0.5608,Medium
M00719,2026-04-01,0.5962,Medium
M00719,2026-05-01,0.4633,Medium
M00719,2026-06-01,0.502,Medium
M00720,2026-01-01,0.1844,Low
M00720,2026-02-01,0.3093,Low
M00720,2026-03-01,0.1996,Low
M00720,2026-04-01,0.1947,Low
M00720,2026-05-01,0.3108,Low
M00720,2026-06-01,0.2384,Low
M00721,2026-01-01,0.5297,Medium
M00721,2026-02-01,0.8235,High
M00721,2026-03-01,0.4672,Medium
M00721,2026-04-01,0.4822,Medium
M00721,2026-05-01,0.69,High
M00721,2026-06-01,0.4973,Medium
M00722,2026-01-01,0.5017,Medium
M00722,2026-02-01,0.5858,Medium
M00722,2026-03-01,0.5793,Medium
M00722,2026-04-01,0.4743,Medium
M00722,2026-05-01,0.5395,Medium
M00722,2026-06-01,0.5007,Medium
M00723,2026-01-01,0.2265,Low
M00723,2026-02-01,0.1669,Low
M00723,2026-03-01,0.2804,Low
M00723,2026-04-01,0.2879,Low
M00723,2026-05-01,0.1994,Low
M00723,2026-06-01,0.3146,Low
M00724,2026-01-01,0.1289,Low
M00724,2026-02-01,0.1786,Low
M00724,2026-03-01,0.2036,Low
M00724,2026-04-01,0.1371,Low
M00724,2026-05-01,0.1853,Low
M00724,2026-06-01,0.199,Low
M00725,2026-01-01,0.6931,High
M00725,2026-02-01,0.7229,High
M00725,2026-03-01,0.8254,High
M00725,2026-04-01,0.6372,Medium
M00725,2026-05-01,0.7755,High
M00725,2026-06-01,0.6466,Medium
M00726,2026-01-01,0.5356,Medium
M00726,2026-02-01,0.7037,High
M00726,2026-03-01,0.3875,Medium
M00726,2026-04-01,0.578,Medium
M00726,2026-05-01,0.5787,Medium
M00726,2026-06-01,0.5455,Medium
M00727,2026-01-01,0.064,Low
M00727,2026-02-01,0.2499,Low
M00727,2026-03-01,0.1692,Low
M00727,2026-04-01,0.2636,Low
M00727,2026-05-01,0.1143,Low
M00727,2026-06-01,0.2978,Low
M00728,2026-01-01,0.1723,Low
M00728,2026-02-01,0.2144,Low
M00728,2026-03-01,0.1098,Low
M00728,2026-04-01,0.2483,Low
M00728,2026-05-01,0.3081,Low
M00728,2026-06-01,0.212,Low
M00728,2026-06-01,0.2056,Low
M00729,2026-01-01,0.7095,High
M00729,2026-02-01,0.714,High
M00729,2026-03-01,0.8397,High
M00729,2026-04-01,0.7487,High
M00729,2026-05-01,0.7083,High
M00729,2026-06-01,0.5943,Medium
M00730,2026-01-01,0.2743,Low
M00730,2026-02-01,0.25,Low
M00730,2026-03-01,0.1849,Low
M00730,2026-04-01,0.1338,Low
M00730,2026-05-01,0.1659,Low
M00730,2026-06-01,0.3555,Medium
M00731,2026-01-01,0.5528,Medium
M00731,2026-02-01,0.6167,Medium
M00731,2026-03-01,0.6156,Medium
M00731,2026-04-01,0.5725,Medium
M00731,2026-05-01,0.4871,Medium
M00731,2026-06-01,0.5233,Medium
M00732,2026-01-01,0.2261,Low
M00732,2026-02-01,0.2956,Low
M00732,2026-03-01,0.2097,Low
M00732,2026-04-01,0.3372,Low
M00732,2026-05-01,0.3479,Low
M00732,2026-06-01,0.2357,Low
M00733,2026-01-01,0.188,Low
M00733,2026-02-01,0.186,Low
M00733,2026-03-01,0.2999,Low
M00733,2026-04-01,0.1622,Low
M00733,2026-05-01,0.2436,Low
M00733,2026-06-01,0.2857,Low
M00734,2026-01-01,0.4854,Medium
M00734,2026-02-01,0.5473,Medium
M00734,2026-03-01,0.4283,Medium
M00734,2026-04-01,0.5956,Medium
M00734,2026-05-01,0.5683,Medium
M00734,2026-06-01,0.6573,Medium
M00735,2026-01-01,0.1657,Low
M00735,2026-02-01,0.1881,Low
M00735,2026-03-01,0.277,Low
M00735,2026-04-01,0.3024,Low
M00735,2026-05-01,0.1339,Low
M00735,2026-06-01,0.2615,Low
M00736,2026-01-01,0.2399,Low
M00736,2026-02-01,0.1498,Low
M00736,2026-03-01,0.1782,Low
M00736,2026-04-01,0.3581,Medium
M00736,2026-05-01,0.2035,Low
M00736,2026-06-01,0.1891,Low
M00737,2026-01-01,0.3118,Low
M00737,2026-02-01,0.1986,Low
M00737,2026-03-01,0.1604,Low
M00737,2026-04-01,0.2749,Low
M00737,2026-05-01,0.3396,Low
M00737,2026-06-01,0.3554,Medium
M00738,2026-01-01,0.4306,Medium
M00738,2026-02-01,0.601,Medium
M00738,2026-03-01,0.5361,Medium
M00738,2026-04-01,0.4371,Medium
M00738,2026-05-01,0.6384,Medium
M00738,2026-06-01,0.4606,Medium
M00739,2026-01-01,0.2938,Low
M00739,2026-02-01,0.2073,Low
M00739,2026-03-01,0.1389,Low
M00739,2026-04-01,0.2526,Low
M00739,2026-05-01,0.4251,Medium
M00739,2026-06-01,0.3571,Medium
M00740,2026-01-01,0.2775,Low
M00740,2026-02-01,0.3197,Low
M00740,2026-03-01,0.1952,Low
M00740,2026-04-01,0.3084,Low
M00740,2026-05-01,0.2166,Low
M00740,2026-06-01,0.2832,Low
M00741,2026-01-01,0.1393,Low
M00741,2026-02-01,0.1936,Low
M00741,2026-03-01,0.2289,Low
M00741,2026-04-01,0.2163,Low
M00741,2026-05-01,0.3255,Low
M00741,2026-06-01,0.2316,Low
M00742,2026-01-01,0.01,Low
M00742,2026-02-01,0.2225,Low
M00742,2026-03-01,0.2047,Low
M00742,2026-04-01,0.1994,Low
M00742,2026-05-01,0.4534,Medium
M00742,2026-06-01,0.2442,Low
M00742,2026-06-01,0.2517,Low
M00743,2026-01-01,0.1729,Low
M00743,2026-02-01,0.126,Low
M00743,2026-03-01,0.2527,Low
M00743,2026-04-01,0.3669,Medium
M00743,2026-05-01,0.2387,Low
M00743,2026-06-01,0.2073,Low
M00744,2026-01-01,0.7159,High
M00744,2026-02-01,0.7534,High
M00744,2026-03-01,0.749,High
M00744,2026-04-01,0.6659,Medium
M00744,2026-05-01,0.719,High
M00744,2026-06-01,0.7066,High
M00745,2026-01-01,0.2571,Low
M00745,2026-02-01,0.138,Low
M00745,2026-03-01,0.1817,Low
M00745,2026-04-01,0.2091,Low
M00745,2026-05-01,0.3549,Medium
M00745,2026-06-01,0.345,Low
M00746,2026-01-01,0.4711,Medium
M00746,2026-02-01,0.5438,Medium
M00746,2026-03-01,0.5622,Medium
M00746,2026-04-01,0.6023,Medium
M00746,2026-05-01,0.5106,Medium
M00746,2026-06-01,0.703,High
M00747,2026-01-01,0.1892,Low
M00747,2026-02-01,0.2595,Low
M00747,2026-03-01,0.2046,Low
M00747,2026-04-01,0.0633,Low
M00747,2026-05-01,0.2319,Low
M00747,2026-06-01,0.1953,Low
M00748,2026-01-01,0.1595,Low
M00748,2026-02-01,0.1632,Low
M00748,2026-03-01,0.3628,Medium
M00748,2026-04-01,0.1297,Low
M00748,2026-05-01,0.3731,Medium
M00748,2026-06-01,0.1053,Low
M00749,2026-01-01,0.1281,Low
M00749,2026-02-01,0.1411,Low
M00749,2026-03-01,0.2093,Low
M00749,2026-03-01,0.2192,Low
M00749,2026-04-01,0.3941,Medium
M00749,2026-05-01,0.2594,Low
M00749,2026-06-01,0.1998,Low
M00750,2026-01-01,0.2437,Low
M00750,2026-02-01,0.2139,Low
M00750,2026-03-01,0.0293,Low
M00750,2026-04-01,0.1431,Low
M00750,2026-05-01,0.2934,Low
M00750,2026-06-01,0.1786,Low
M00751,2026-01-01,0.1952,Low
M00751,2026-02-01,0.2218,Low
M00751,2026-03-01,0.1942,Low
M00751,2026-04-01,0.1855,Low
M00751,2026-05-01,0.2024,Low
M00751,2026-06-01,0.2446,Low
M00752,2026-01-01,0.3962,Medium
M00752,2026-02-01,0.6004,Medium
M00752,2026-03-01,0.3989,Medium
M00752,2026-04-01,0.5078,Medium
M00752,2026-05-01,0.5591,Medium
M00752,2026-06-01,0.5528,Medium
M00753,2026-01-01,0.6393,Medium
M00753,2026-02-01,0.7577,High
M00753,2026-03-01,0.6958,High
M00753,2026-04-01,0.8267,High
M00753,2026-05-01,0.7481,High
M00753,2026-06-01,0.7924,High
M00754,2026-01-01,0.2918,Low
M00754,2026-02-01,0.347,Low
M00754,2026-03-01,0.2155,Low
M00754,2026-04-01,0.2005,Low
M00754,2026-05-01,0.2632,Low
M00754,2026-06-01,0.1917,Low
M00755,2026-01-01,0.5141,Medium
M00755,2026-02-01,0.4927,Medium
M00755,2026-03-01,0.4975,Medium
M00755,2026-04-01,0.5719,Medium
M00755,2026-05-01,0.6099,Medium
M00755,2026-06-01,0.6358,Medium
M00756,2026-01-01,0.2177,Low
M00756,2026-02-01,0.3103,Low
M00756,2026-03-01,0.104,Low
M00756,2026-04-01,0.2612,Low
M00756,2026-05-01,0.2793,Low
M00756,2026-06-01,0.2651,Low
M00757,2026-01-01,0.432,Medium
M00757,2026-02-01,0.2016,Low
M00757,2026-03-01,0.1924,Low
M00757,2026-04-01,0.3096,Low
M00757,2026-05-01,0.3382,Low
M00757,2026-06-01,0.1125,Low
M00758,2026-01-01,0.2323,Low
M00758,2026-02-01,0.1653,Low
M00758,2026-03-01,0.3609,Medium
M00758,2026-04-01,0.2397,Low
M00758,2026-05-01,0.3191,Low
M00758,2026-06-01,0.2453,Low
M00759,2026-01-01,0.2515,Low
M00759,2026-02-01,0.1399,Low
M00759,2026-03-01,0.1149,Low
M00759,2026-04-01,0.2905,Low
M00759,2026-05-01,0.1448,Low
M00759,2026-06-01,0.2765,Low
M00759,2026-06-01,0.2646,Low
M00760,2026-01-01,0.4005,Medium
M00760,2026-02-01,0.0721,Low
M00760,2026-03-01,0.1232,Low
M00760,2026-04-01,0.3865,Medium
M00760,2026-05-01,0.1683,Low
M00760,2026-06-01,0.1018,Low
M00761,2026-01-01,0.514,Medium
M00761,2026-02-01,0.5711,Medium
M00761,2026-03-01,0.6377,Medium
M00761,2026-04-01,0.5104,Medium
M00761,2026-05-01,0.6943,High
M00761,2026-06-01,0.7255,High
M00762,2026-01-01,0.1772,Low
M00762,2026-02-01,0.1918,Low
M00762,2026-03-01,0.3703,Medium
M00762,2026-04-01,0.2963,Low
M00762,2026-05-01,0.3076,Low
M00762,2026-06-01,0.3445,Low
M00763,2026-01-01,0.2327,Low
M00763,2026-02-01,0.1763,Low
M00763,2026-03-01,0.2688,Low
M00763,2026-04-01,0.195,Low
M00763,2026-04-01,0.2383,Low
M00763,2026-05-01,0.3575,Medium
M00763,2026-06-01,0.2103,Low
M00764,2026-01-01,0.53,Medium
M00764,2026-02-01,0.5095,Medium
M00764,2026-03-01,0.5552,Medium
M00764,2026-04-01,0.4549,Medium
M00764,2026-05-01,0.4776,Medium
M00764,2026-05-01,0.4626,Medium
M00764,2026-06-01,0.4826,Medium
M00765,2026-01-01,0.1419,Low
M00765,2026-02-01,0.284,Low
M00765,2026-03-01,0.2786,Low
M00765,2026-04-01,0.2695,Low
M00765,2026-05-01,0.2035,Low
M00765,2026-06-01,0.2011,Low
M00766,2026-01-01,0.4939,Medium
M00766,2026-02-01,0.622,Medium
M00766,2026-03-01,0.5498,Medium
M00766,2026-04-01,0.7474,High
M00766,2026-05-01,0.5418,Medium
M00766,2026-06-01,0.4737,Medium
M00767,2026-01-01,0.1351,Low
M00767,2026-02-01,0.2325,Low
M00767,2026-03-01,0.208,Low
M00767,2026-04-01,0.2815,Low
M00767,2026-05-01,0.2161,Low
M00767,2026-06-01,0.1462,Low
M00768,2026-01-01,0.2603,Low
M00768,2026-02-01,0.1389,Low
M00768,2026-03-01,0.2628,Low
M00768,2026-04-01,0.2893,Low
M00768,2026-05-01,0.1651,Low
M00768,2026-06-01,0.1785,Low
M00769,2026-01-01,0.493,Medium
M00769,2026-02-01,0.5918,Medium
M00769,2026-03-01,0.5183,Medium
M00769,2026-04-01,0.6037,Medium
M00769,2026-05-01,0.5,Medium
M00769,2026-06-01,0.3668,Medium
M00770,2026-01-01,0.1386,Low
M00770,2026-02-01,0.2008,Low
M00770,2026-03-01,0.3234,Low
M00770,2026-04-01,0.2425,Low
M00770,2026-05-01,0.2338,Low
M00770,2026-06-01,0.3891,Medium
M00771,2026-01-01,0.3732,Medium
M00771,2026-02-01,0.612,Medium
M00771,2026-03-01,0.6191,Medium
M00771,2026-04-01,0.4292,Medium
M00771,2026-05-01,0.5305,Medium
M00771,2026-06-01,0.4773,Medium
M00772,2026-01-01,0.2556,Low
M00772,2026-02-01,0.343,Low
M00772,2026-03-01,0.3032,Low
M00772,2026-04-01,0.2737,Low
M00772,2026-05-01,0.1909,Low
M00772,2026-06-01,0.2501,Low
M00773,2026-01-01,0.2958,Low
M00773,2026-02-01,0.2336,Low
M00773,2026-03-01,0.2176,Low
M00773,2026-04-01,0.2491,Low
M00773,2026-05-01,0.3039,Low
M00773,2026-06-01,0.2661,Low
M00774,2026-01-01,0.3844,Medium
M00774,2026-02-01,0.2712,Low
M00774,2026-03-01,0.219,Low
M00774,2026-04-01,0.3595,Medium
M00774,2026-05-01,0.3669,Medium
M00774,2026-06-01,0.3117,Low
M00775,2026-01-01,0.2523,Low
M00775,2026-02-01,0.203,Low
M00775,2026-03-01,0.2128,Low
M00775,2026-04-01,0.2378,Low
M00775,2026-05-01,0.3856,Medium
M00775,2026-06-01,0.2445,Low
M00776,2026-01-01,0.2293,Low
M00776,2026-02-01,0.1802,Low
M00776,2026-03-01,0.2936,Low
M00776,2026-03-01,0.3154,Low
M00776,2026-04-01,0.2298,Low
M00776,2026-05-01,0.2166,Low
M00776,2026-06-01,0.2944,Low
M00777,2026-01-01,0.2082,Low
M00777,2026-02-01,0.137,Low
M00777,2026-03-01,0.2294,Low
M00777,2026-04-01,0.3536,Medium
M00777,2026-05-01,0.166,Low
M00777,2026-06-01,0.2662,Low
M00778,2026-01-01,0.1985,Low
M00778,2026-02-01,0.0615,Low
M00778,2026-03-01,0.283,Low
M00778,2026-04-01,0.2552,Low
M00778,2026-05-01,0.1804,Low
M00778,2026-06-01,0.2259,Low
M00779,2026-01-01,0.1807,Low
M00779,2026-02-01,0.1517,Low
M00779,2026-03-01,0.2208,Low
M00779,2026-04-01,0.2183,Low
M00779,2026-05-01,0.1228,Low
M00779,2026-06-01,0.446,Medium
M00779,2026-06-01,0.4379,Medium
M00780,2026-01-01,0.6232,Medium
M00780,2026-02-01,0.3568,Medium
M00780,2026-03-01,0.4764,Medium
M00780,2026-04-01,0.5626,Medium
M00780,2026-05-01,0.5436,Medium
M00780,2026-06-01,0.635,Medium
M00781,2026-01-01,0.3908,Medium
M00781,2026-02-01,0.1856,Low
M00781,2026-03-01,0.1995,Low
M00781,2026-04-01,0.1549,Low
M00781,2026-05-01,0.2539,Low
M00781,2026-06-01,0.2651,Low
M00782,2026-01-01,0.3382,Low
M00782,2026-02-01,0.5319,Medium
M00782,2026-03-01,0.5222,Medium
M00782,2026-04-01,0.4434,Medium
M00782,2026-05-01,0.6487,Medium
M00782,2026-06-01,0.4269,Medium
M00783,2026-01-01,0.5487,Medium
M00783,2026-02-01,0.4514,Medium
M00783,2026-03-01,0.5972,Medium
M00783,2026-04-01,0.504,Medium
M00783,2026-05-01,0.685,High
M00783,2026-06-01,0.6692,Medium
M00784,2026-01-01,0.1306,Low
M00784,2026-02-01,0.0359,Low
M00784,2026-03-01,0.1826,Low
M00784,2026-04-01,0.2012,Low
M00784,2026-05-01,0.3388,Low
M00784,2026-06-01,0.2561,Low
M00785,2026-01-01,0.3452,Low
M00785,2026-02-01,0.1859,Low
M00785,2026-03-01,0.1389,Low
M00785,2026-04-01,0.1966,Low
M00785,2026-05-01,0.1742,Low
M00785,2026-06-01,0.1865,Low
M00786,2026-01-01,0.3403,Low
M00786,2026-02-01,0.2536,Low
M00786,2026-03-01,0.2373,Low
M00786,2026-04-01,0.2819,Low
M00786,2026-05-01,0.2858,Low
M00786,2026-06-01,0.2515,Low
M00787,2026-01-01,0.0278,Low
M00787,2026-02-01,0.3174,Low
M00787,2026-03-01,0.2962,Low
M00787,2026-04-01,0.2871,Low
M00787,2026-05-01,0.2383,Low
M00787,2026-06-01,0.2401,Low
M00788,2026-01-01,0.2003,Low
M00788,2026-02-01,0.0937,Low
M00788,2026-03-01,0.2276,Low
M00788,2026-04-01,0.3529,Medium
M00788,2026-05-01,0.3271,Low
M00788,2026-06-01,0.2455,Low
M00789,2026-01-01,0.1087,Low
M00789,2026-02-01,0.2318,Low
M00789,2026-03-01,0.2819,Low
M00789,2026-04-01,0.1842,Low
M00789,2026-05-01,0.2445,Low
M00789,2026-06-01,0.2943,Low
M00790,2026-01-01,0.1536,Low
M00790,2026-02-01,0.1751,Low
M00790,2026-03-01,0.2289,Low
M00790,2026-04-01,0.1791,Low
M00790,2026-05-01,0.1523,Low
M00790,2026-06-01,0.0963,Low
M00791,2026-01-01,0.1871,Low
M00791,2026-02-01,0.1806,Low
M00791,2026-03-01,0.257,Low
M00791,2026-04-01,0.3449,Low
M00791,2026-05-01,0.3352,Low
M00791,2026-06-01,0.2244,Low
M00792,2026-01-01,0.0526,Low
M00792,2026-02-01,0.2081,Low
M00792,2026-03-01,0.2787,Low
M00792,2026-04-01,0.3028,Low
M00792,2026-05-01,0.2169,Low
M00792,2026-06-01,0.2354,Low
M00793,2026-01-01,0.2173,Low
M00793,2026-02-01,0.2202,Low
M00793,2026-03-01,0.113,Low
M00793,2026-04-01,0.1211,Low
M00793,2026-05-01,0.3181,Low
M00793,2026-06-01,0.3026,Low
M00794,2026-01-01,0.1808,Low
M00794,2026-02-01,0.3367,Low
M00794,2026-03-01,0.1484,Low
M00794,2026-04-01,0.2408,Low
M00794,2026-05-01,0.273,Low
M00794,2026-06-01,0.2943,Low
M00795,2026-01-01,0.3739,Medium
M00795,2026-02-01,0.5126,Medium
M00795,2026-03-01,0.6306,Medium
M00795,2026-04-01,0.4751,Medium
M00795,2026-04-01,0.4316,Medium
M00795,2026-05-01,0.4639,Medium
M00795,2026-06-01,0.523,Medium
M00796,2026-01-01,0.5657,Medium
M00796,2026-02-01,0.5376,Medium
M00796,2026-03-01,0.5618,Medium
M00796,2026-04-01,0.5547,Medium
M00796,2026-05-01,0.5601,Medium
M00796,2026-06-01,0.4595,Medium
M00797,2026-01-01,0.0956,Low
M00797,2026-02-01,0.3218,Low
M00797,2026-03-01,0.1002,Low
M00797,2026-04-01,0.3315,Low
M00797,2026-05-01,0.2166,Low
M00797,2026-06-01,0.2637,Low
M00798,2026-01-01,0.4369,Medium
M00798,2026-02-01,0.7627,High
M00798,2026-03-01,0.4661,Medium
M00798,2026-04-01,0.4416,Medium
M00798,2026-05-01,0.456,Medium
M00798,2026-06-01,0.3983,Medium
M00799,2026-01-01,0.2512,Low
M00799,2026-02-01,0.3653,Medium
M00799,2026-03-01,0.2154,Low
M00799,2026-04-01,0.195,Low
M00799,2026-05-01,0.1716,Low
M00799,2026-06-01,0.2963,Low
M00800,2026-01-01,0.208,Low
M00800,2026-02-01,0.0771,Low
M00800,2026-03-01,0.2792,Low
M00800,2026-04-01,0.2898,Low
M00800,2026-05-01,0.3129,Low
M00800,2026-06-01,0.3135,Low
M00801,2026-01-01,0.1997,Low
M00801,2026-02-01,0.2343,Low
M00801,2026-03-01,0.0994,Low
M00801,2026-04-01,0.2979,Low
M00801,2026-05-01,0.1862,Low
M00801,2026-06-01,0.357,Medium
M00802,2026-01-01,0.2854,Low
M00802,2026-02-01,0.2295,Low
M00802,2026-03-01,0.2766,Low
M00802,2026-04-01,0.2308,Low
M00802,2026-04-01,0.2363,Low
M00802,2026-05-01,0.2992,Low
M00802,2026-06-01,0.2255,Low
M00803,2026-01-01,0.5382,Medium
M00803,2026-02-01,0.6779,High
M00803,2026-03-01,0.5021,Medium
M00803,2026-04-01,0.4275,Medium
M00803,2026-05-01,0.5007,Medium
M00803,2026-06-01,0.6203,Medium
M00804,2026-01-01,0.7499,High
M00804,2026-02-01,0.6763,High
M00804,2026-02-01,0.6564,Medium
M00804,2026-03-01,0.624,Medium
M00804,2026-04-01,0.9053,High
M00804,2026-05-01,0.8292,High
M00804,2026-06-01,0.9295,High
M00805,2026-01-01,0.6075,Medium
M00805,2026-02-01,0.6151,Medium
M00805,2026-03-01,0.5405,Medium
M00805,2026-04-01,0.599,Medium
M00805,2026-05-01,0.5891,Medium
M00805,2026-06-01,0.4897,Medium
M00806,2026-01-01,0.164,Low
M00806,2026-02-01,0.2787,Low
M00806,2026-03-01,0.3124,Low
M00806,2026-04-01,0.2034,Low
M00806,2026-05-01,0.2077,Low
M00806,2026-06-01,0.0885,Low
M00807,2026-01-01,0.1824,Low
M00807,2026-02-01,0.1981,Low
M00807,2026-03-01,0.3668,Medium
M00807,2026-04-01,0.2877,Low
M00807,2026-05-01,0.2139,Low
M00807,2026-06-01,0.3022,Low
M00808,2026-01-01,0.2625,Low
M00808,2026-02-01,0.1537,Low
M00808,2026-03-01,0.1791,Low
M00808,2026-04-01,0.1482,Low
M00808,2026-05-01,0.1296,Low
M00808,2026-06-01,0.1807,Low
M00808,2026-06-01,0.1695,Low
M00809,2026-01-01,0.4935,Medium
M00809,2026-02-01,0.4809,Medium
M00809,2026-03-01,0.5178,Medium
M00809,2026-04-01,0.65,Medium
M00809,2026-05-01,0.6097,Medium
M00809,2026-06-01,0.4685,Medium
M00810,2026-01-01,0.2298,Low
M00810,2026-02-01,0.2952,Low
M00810,2026-03-01,0.1674,Low
M00810,2026-04-01,0.2699,Low
M00810,2026-05-01,0.2705,Low
M00810,2026-06-01,0.1507,Low
M00811,2026-01-01,0.5008,Medium
M00811,2026-02-01,0.4741,Medium
M00811,2026-03-01,0.4687,Medium
M00811,2026-04-01,0.5143,Medium
M00811,2026-05-01,0.6432,Medium
M00811,2026-06-01,0.544,Medium
M00812,2026-01-01,0.3472,Low
M00812,2026-02-01,0.6387,Medium
M00812,2026-03-01,0.6175,Medium
M00812,2026-04-01,0.6264,Medium
M00812,2026-05-01,0.4998,Medium
M00812,2026-06-01,0.5801,Medium
M00813,2026-01-01,0.433,Medium
M00813,2026-02-01,0.4665,Medium
M00813,2026-03-01,0.6012,Medium
M00813,2026-04-01,0.6961,High
M00813,2026-05-01,0.6068,Medium
M00813,2026-06-01,0.4816,Medium
M00814,2026-01-01,0.5158,Medium
M00814,2026-02-01,0.4053,Medium
M00814,2026-03-01,0.5294,Medium
M00814,2026-04-01,0.4539,Medium
M00814,2026-05-01,0.5191,Medium
M00814,2026-06-01,0.7007,High
M00815,2026-01-01,0.5598,Medium
M00815,2026-02-01,0.583,Medium
M00815,2026-03-01,0.6511,Medium
M00815,2026-04-01,0.4942,Medium
M00815,2026-05-01,0.5926,Medium
M00815,2026-06-01,0.7381,High
M00816,2026-01-01,0.0861,Low
M00816,2026-02-01,0.2192,Low
M00816,2026-03-01,0.3197,Low
M00816,2026-04-01,0.2485,Low
M00816,2026-05-01,0.3161,Low
M00816,2026-06-01,0.2586,Low
M00817,2026-01-01,0.611,Medium
M00817,2026-02-01,0.3865,Medium
M00817,2026-03-01,0.5171,Medium
M00817,2026-04-01,0.5591,Medium
M00817,2026-05-01,0.4554,Medium
M00817,2026-06-01,0.5972,Medium
M00818,2026-01-01,0.5037,Medium
M00818,2026-02-01,0.4447,Medium
M00818,2026-03-01,0.6043,Medium
M00818,2026-04-01,0.5011,Medium
M00818,2026-05-01,0.6502,Medium
M00818,2026-06-01,0.4895,Medium
M00819,2026-01-01,0.4452,Medium
M00819,2026-02-01,0.5391,Medium
M00819,2026-03-01,0.4585,Medium
M00819,2026-04-01,0.6143,Medium
M00819,2026-05-01,0.5645,Medium
M00819,2026-06-01,0.5833,Medium
M00820,2026-01-01,0.1444,Low
M00820,2026-02-01,0.0574,Low
M00820,2026-03-01,0.0364,Low
M00820,2026-04-01,0.1577,Low
M00820,2026-05-01,0.3675,Medium
M00820,2026-06-01,0.1856,Low
M00821,2026-01-01,0.4337,Medium
M00821,2026-02-01,0.5236,Medium
M00821,2026-03-01,0.6027,Medium
M00821,2026-04-01,0.4607,Medium
M00821,2026-05-01,0.4826,Medium
M00821,2026-05-01,0.4919,Medium
M00821,2026-06-01,0.4476,Medium
M00822,2026-01-01,0.7924,High
M00822,2026-02-01,0.6867,High
M00822,2026-03-01,0.788,High
M00822,2026-04-01,0.8074,High
M00822,2026-05-01,0.7739,High
M00822,2026-06-01,0.8123,High
M00823,2026-01-01,0.489,Medium
M00823,2026-02-01,0.6275,Medium
M00823,2026-03-01,0.4302,Medium
M00823,2026-04-01,0.4669,Medium
M00823,2026-05-01,0.4691,Medium
M00823,2026-06-01,0.5646,Medium
M00824,2026-01-01,0.2717,Low
M00824,2026-02-01,0.1452,Low
M00824,2026-03-01,0.1097,Low
M00824,2026-04-01,0.3639,Medium
M00824,2026-05-01,0.2007,Low
M00824,2026-06-01,0.4505,Medium
M00825,2026-01-01,0.5805,Medium
M00825,2026-02-01,0.5258,Medium
M00825,2026-03-01,0.5931,Medium
M00825,2026-04-01,0.6485,Medium
M00825,2026-05-01,0.4992,Medium
M00825,2026-06-01,0.5847,Medium
M00826,2026-01-01,0.2924,Low
M00826,2026-02-01,0.0256,Low
M00826,2026-03-01,0.3242,Low
M00826,2026-04-01,0.2748,Low
M00826,2026-05-01,0.3116,Low
M00826,2026-06-01,0.182,Low
M00827,2026-01-01,0.1735,Low
M00827,2026-02-01,0.2347,Low
M00827,2026-03-01,0.2439,Low
M00827,2026-04-01,0.3463,Low
M00827,2026-05-01,0.3862,Medium
M00827,2026-06-01,0.3517,Medium
M00828,2026-01-01,0.2199,Low
M00828,2026-02-01,0.2578,Low
M00828,2026-03-01,0.2139,Low
M00828,2026-04-01,0.1567,Low
M00828,2026-05-01,0.1947,Low
M00828,2026-06-01,0.3277,Low
M00829,2026-01-01,0.186,Low
M00829,2026-02-01,0.1182,Low
M00829,2026-03-01,0.147,Low
M00829,2026-04-01,0.3399,Low
M00829,2026-05-01,0.1331,Low
M00829,2026-06-01,0.2817,Low
M00830,2026-01-01,0.214,Low
M00830,2026-02-01,0.3051,Low
M00830,2026-03-01,0.1148,Low
M00830,2026-04-01,0.2162,Low
M00830,2026-05-01,0.3071,Low
M00830,2026-06-01,0.3452,Low
M00831,2026-01-01,0.155,Low
M00831,2026-02-01,0.2524,Low
M00831,2026-03-01,0.2654,Low
M00831,2026-04-01,0.1757,Low
M00831,2026-05-01,0.1928,Low
M00831,2026-06-01,0.2903,Low
M00832,2026-01-01,0.4949,Medium
M00832,2026-02-01,0.6424,Medium
M00832,2026-03-01,0.5058,Medium
M00832,2026-04-01,0.6452,Medium
M00832,2026-05-01,0.5541,Medium
M00832,2026-06-01,0.5329,Medium
M00833,2026-01-01,0.7154,High
M00833,2026-02-01,0.7518,High
M00833,2026-02-01,0.7452,High
M00833,2026-03-01,0.8213,High
M00833,2026-04-01,0.6362,Medium
M00833,2026-05-01,0.7253,High
M00833,2026-06-01,0.799,High
M00834,2026-01-01,0.6749,High
M00834,2026-02-01,0.5232,Medium
M00834,2026-03-01,0.6847,High
M00834,2026-04-01,0.6419,Medium
M00834,2026-05-01,0.6282,Medium
M00834,2026-06-01,0.576,Medium
M00835,2026-01-01,0.573,Medium
M00835,2026-02-01,0.3941,Medium
M00835,2026-03-01,0.635,Medium
M00835,2026-04-01,0.5574,Medium
M00835,2026-05-01,0.4499,Medium
M00835,2026-06-01,0.4632,Medium
M00836,2026-01-01,0.2632,Low
M00836,2026-02-01,0.2347,Low
M00836,2026-03-01,0.1698,Low
M00836,2026-04-01,0.2131,Low
M00836,2026-05-01,0.4184,Medium
M00836,2026-06-01,0.2435,Low
M00837,2026-01-01,0.1487,Low
M00837,2026-02-01,0.2486,Low
M00837,2026-03-01,0.225,Low
M00837,2026-04-01,0.336,Low
M00837,2026-04-01,0.3421,Low
M00837,2026-05-01,0.2642,Low
M00837,2026-06-01,0.2824,Low
M00838,2026-01-01,0.5027,Medium
M00838,2026-02-01,0.5452,Medium
M00838,2026-03-01,0.3738,Medium
M00838,2026-04-01,0.4688,Medium
M00838,2026-05-01,0.5981,Medium
M00838,2026-06-01,0.5565,Medium
M00839,2026-01-01,0.5668,Medium
M00839,2026-02-01,0.5424,Medium
M00839,2026-03-01,0.5521,Medium
M00839,2026-04-01,0.496,Medium
M00839,2026-05-01,0.5096,Medium
M00839,2026-06-01,0.6238,Medium
M00840,2026-01-01,0.4609,Medium
M00840,2026-02-01,0.5336,Medium
M00840,2026-03-01,0.3954,Medium
M00840,2026-04-01,0.6853,High
M00840,2026-05-01,0.5858,Medium
M00840,2026-06-01,0.5152,Medium
M00841,2026-01-01,0.0752,Low
M00841,2026-02-01,0.3329,Low
M00841,2026-03-01,0.1016,Low
M00841,2026-04-01,0.1738,Low
M00841,2026-05-01,0.256,Low
M00841,2026-06-01,0.2884,Low
M00842,2026-01-01,0.2498,Low
M00842,2026-02-01,0.2614,Low
M00842,2026-03-01,0.3774,Medium
M00842,2026-04-01,0.3025,Low
M00842,2026-05-01,0.2717,Low
M00842,2026-06-01,0.2234,Low
M00843,2026-01-01,0.2285,Low
M00843,2026-02-01,0.2122,Low
M00843,2026-03-01,0.0367,Low
M00843,2026-04-01,0.1883,Low
M00843,2026-05-01,0.3035,Low
M00843,2026-06-01,0.2682,Low
M00844,2026-01-01,0.1412,Low
M00844,2026-02-01,0.3503,Medium
M00844,2026-03-01,0.2431,Low
M00844,2026-04-01,0.1253,Low
M00844,2026-05-01,0.2192,Low
M00844,2026-06-01,0.1299,Low
M00845,2026-01-01,0.5236,Medium
M00845,2026-02-01,0.536,Medium
M00845,2026-03-01,0.63,Medium
M00845,2026-04-01,0.5155,Medium
M00845,2026-05-01,0.6297,Medium
M00845,2026-06-01,0.5008,Medium
M00846,2026-01-01,0.2683,Low
M00846,2026-02-01,0.1139,Low
M00846,2026-03-01,0.2834,Low
M00846,2026-04-01,0.3586,Medium
M00846,2026-05-01,0.2261,Low
M00846,2026-06-01,0.4785,Medium
M00847,2026-01-01,0.4918,Medium
M00847,2026-02-01,0.6038,Medium
M00847,2026-03-01,0.6092,Medium
M00847,2026-04-01,0.491,Medium
M00847,2026-05-01,0.5018,Medium
M00847,2026-06-01,0.4788,Medium
M00848,2026-01-01,0.2601,Low
M00848,2026-02-01,0.1711,Low
M00848,2026-03-01,0.1006,Low
M00848,2026-04-01,0.3036,Low
M00848,2026-05-01,0.3268,Low
M00848,2026-06-01,0.2108,Low
M00849,2026-01-01,0.5484,Medium
M00849,2026-02-01,0.4174,Medium
M00849,2026-03-01,0.5708,Medium
M00849,2026-04-01,0.4218,Medium
M00849,2026-05-01,0.4659,Medium
M00849,2026-06-01,0.589,Medium
M00850,2026-01-01,0.9306,High
M00850,2026-02-01,0.7318,High
M00850,2026-03-01,0.878,High
M00850,2026-04-01,0.6921,High
M00850,2026-05-01,0.6083,Medium
M00850,2026-06-01,0.7425,High
M00851,2026-01-01,0.2104,Low
M00851,2026-02-01,0.3762,Medium
M00851,2026-03-01,0.2225,Low
M00851,2026-04-01,0.2603,Low
M00851,2026-05-01,0.1761,Low
M00851,2026-06-01,0.2732,Low
M00852,2026-01-01,0.2275,Low
M00852,2026-02-01,0.1286,Low
M00852,2026-03-01,0.2605,Low
M00852,2026-04-01,0.3563,Medium
M00852,2026-05-01,0.237,Low
M00852,2026-06-01,0.3392,Low
M00853,2026-01-01,0.3462,Low
M00853,2026-02-01,0.2261,Low
M00853,2026-03-01,0.2808,Low
M00853,2026-04-01,0.2959,Low
M00853,2026-05-01,0.1256,Low
M00853,2026-06-01,0.2194,Low
M00854,2026-01-01,0.2426,Low
M00854,2026-02-01,0.2192,Low
M00854,2026-03-01,0.1853,Low
M00854,2026-04-01,0.1,Low
M00854,2026-05-01,0.3008,Low
M00854,2026-06-01,0.2998,Low
M00855,2026-01-01,0.4032,Medium
M00855,2026-02-01,0.5872,Medium
M00855,2026-03-01,0.5689,Medium
M00855,2026-04-01,0.5511,Medium
M00855,2026-05-01,0.5944,Medium
M00855,2026-06-01,0.5421,Medium
M00856,2026-01-01,0.1668,Low
M00856,2026-02-01,0.2286,Low
M00856,2026-03-01,0.2323,Low
M00856,2026-04-01,0.2586,Low
M00856,2026-05-01,0.1939,Low
M00856,2026-06-01,0.1059,Low
M00857,2026-01-01,0.5,Medium
M00857,2026-02-01,0.5425,Medium
M00857,2026-03-01,0.5441,Medium
M00857,2026-04-01,0.5926,Medium
M00857,2026-05-01,0.5711,Medium
M00857,2026-06-01,0.6195,Medium
M00858,2026-01-01,0.2748,Low
M00858,2026-02-01,0.1687,Low
M00858,2026-03-01,0.3429,Low
M00858,2026-04-01,0.1724,Low
M00858,2026-05-01,0.2629,Low
M00858,2026-06-01,0.221,Low
M00859,2026-01-01,0.1955,Low
M00859,2026-02-01,0.3201,Low
M00859,2026-03-01,0.356,Medium
M00859,2026-03-01,0.3518,Medium
M00859,2026-04-01,0.2594,Low
M00859,2026-05-01,0.2942,Low
M00859,2026-06-01,0.1338,Low
M00860,2026-01-01,0.7053,High
M00860,2026-02-01,0.854,High
M00860,2026-03-01,0.7402,High
M00860,2026-04-01,0.7683,High
M00860,2026-05-01,0.9658,High
M00860,2026-06-01,0.6895,High
M00861,2026-01-01,0.2393,Low
M00861,2026-02-01,0.2542,Low
M00861,2026-03-01,0.2624,Low
M00861,2026-04-01,0.244,Low
M00861,2026-05-01,0.1789,Low
M00861,2026-06-01,0.0498,Low
M00862,2026-01-01,0.4395,Medium
M00862,2026-02-01,0.3578,Medium
M00862,2026-03-01,0.5854,Medium
M00862,2026-04-01,0.6089,Medium
M00862,2026-05-01,0.4952,Medium
M00862,2026-06-01,0.66,Medium
M00863,2026-01-01,0.2266,Low
M00863,2026-02-01,0.0664,Low
M00863,2026-03-01,0.126,Low
M00863,2026-04-01,0.1486,Low
M00863,2026-05-01,0.1621,Low
M00863,2026-06-01,0.1964,Low
M00864,2026-01-01,0.765,High
M00864,2026-02-01,0.7222,High
M00864,2026-03-01,0.6881,High
M00864,2026-04-01,0.8103,High
M00864,2026-04-01,0.7828,High
M00864,2026-05-01,0.618,Medium
M00864,2026-06-01,0.7434,High
M00865,2026-01-01,0.7898,High
M00865,2026-02-01,0.7837,High
M00865,2026-03-01,0.6876,High
M00865,2026-04-01,0.7653,High
M00865,2026-05-01,0.7526,High
M00865,2026-06-01,0.7641,High
M00866,2026-01-01,0.3251,Low
M00866,2026-02-01,0.2156,Low
M00866,2026-03-01,0.3742,Medium
M00866,2026-04-01,0.307,Low
M00866,2026-05-01,0.1959,Low
M00866,2026-05-01,0.1698,Low
M00866,2026-06-01,0.2452,Low
M00867,2026-01-01,0.2692,Low
M00867,2026-02-01,0.1737,Low
M00867,2026-02-01,0.1732,Low
M00867,2026-03-01,0.2088,Low
M00867,2026-04-01,0.2532,Low
M00867,2026-05-01,0.1742,Low
M00867,2026-06-01,0.216,Low
M00868,2026-01-01,0.6443,Medium
M00868,2026-02-01,0.3865,Medium
M00868,2026-03-01,0.4248,Medium
M00868,2026-04-01,0.3764,Medium
M00868,2026-05-01,0.474,Medium
M00868,2026-06-01,0.5797,Medium
M00869,2026-01-01,0.0986,Low
M00869,2026-02-01,0.3789,Medium
M00869,2026-03-01,0.2523,Low
M00869,2026-04-01,0.2458,Low
M00869,2026-05-01,0.2285,Low
M00869,2026-06-01,0.1658,Low
M00870,2026-01-01,0.4788,Medium
M00870,2026-02-01,0.3933,Medium
M00870,2026-03-01,0.5479,Medium
M00870,2026-04-01,0.4839,Medium
M00870,2026-05-01,0.5465,Medium
M00870,2026-06-01,0.5197,Medium
M00871,2026-01-01,0.5348,Medium
M00871,2026-02-01,0.6883,High
M00871,2026-03-01,0.7864,High
M00871,2026-04-01,0.6536,Medium
M00871,2026-05-01,0.7238,High
M00871,2026-06-01,0.6531,Medium
M00872,2026-01-01,0.5119,Medium
M00872,2026-02-01,0.6111,Medium
M00872,2026-03-01,0.5477,Medium
M00872,2026-04-01,0.5686,Medium
M00872,2026-05-01,0.7149,High
M00872,2026-06-01,0.6125,Medium
M00873,2026-01-01,0.5596,Medium
M00873,2026-02-01,0.4098,Medium
M00873,2026-03-01,0.4236,Medium
M00873,2026-04-01,0.5901,Medium
M00873,2026-05-01,0.5153,Medium
M00873,2026-06-01,0.3942,Medium
M00874,2026-01-01,0.1853,Low
M00874,2026-02-01,0.1672,Low
M00874,2026-03-01,0.1951,Low
M00874,2026-04-01,0.0927,Low
M00874,2026-05-01,0.2917,Low
M00874,2026-06-01,0.2391,Low
M00875,2026-01-01,0.7685,High
M00875,2026-02-01,0.6354,Medium
M00875,2026-03-01,0.7199,High
M00875,2026-04-01,0.9661,High
M00875,2026-05-01,0.8325,High
M00875,2026-06-01,0.7915,High
M00876,2026-01-01,0.3565,Medium
M00876,2026-02-01,0.1571,Low
M00876,2026-03-01,0.2987,Low
M00876,2026-04-01,0.2904,Low
M00876,2026-05-01,0.2871,Low
M00876,2026-06-01,0.1473,Low
M00877,2026-01-01,0.1749,Low
M00877,2026-02-01,0.1819,Low
M00877,2026-03-01,0.0717,Low
M00877,2026-04-01,0.1364,Low
M00877,2026-05-01,0.437,Medium
M00877,2026-06-01,0.4204,Medium
M00878,2026-01-01,0.4987,Medium
M00878,2026-02-01,0.5225,Medium
M00878,2026-03-01,0.5128,Medium
M00878,2026-04-01,0.5848,Medium
M00878,2026-05-01,0.5446,Medium
M00878,2026-06-01,0.6176,Medium
M00879,2026-01-01,0.5347,Medium
M00879,2026-02-01,0.6082,Medium
M00879,2026-03-01,0.6131,Medium
M00879,2026-04-01,0.5135,Medium
M00879,2026-05-01,0.6381,Medium
M00879,2026-06-01,0.4385,Medium
M00880,2026-01-01,0.5653,Medium
M00880,2026-02-01,0.4863,Medium
M00880,2026-03-01,0.4868,Medium
M00880,2026-04-01,0.6953,High
M00880,2026-05-01,0.6531,Medium
M00880,2026-06-01,0.6969,High
M00881,2026-01-01,0.4189,Medium
M00881,2026-02-01,0.6932,High
M00881,2026-03-01,0.5982,Medium
M00881,2026-04-01,0.5931,Medium
M00881,2026-05-01,0.6643,Medium
M00881,2026-06-01,0.5515,Medium
M00882,2026-01-01,0.6537,Medium
M00882,2026-02-01,0.4846,Medium
M00882,2026-03-01,0.441,Medium
M00882,2026-04-01,0.7172,High
M00882,2026-05-01,0.6406,Medium
M00882,2026-06-01,0.3885,Medium
M00883,2026-01-01,0.2075,Low
M00883,2026-02-01,0.2547,Low
M00883,2026-03-01,0.0733,Low
M00883,2026-04-01,0.1977,Low
M00883,2026-04-01,0.199,Low
M00883,2026-05-01,0.2697,Low
M00883,2026-06-01,0.3116,Low
M00884,2026-01-01,0.4274,Medium
M00884,2026-02-01,0.5656,Medium
M00884,2026-03-01,0.5691,Medium
M00884,2026-04-01,0.5935,Medium
M00884,2026-05-01,0.5157,Medium
M00884,2026-06-01,0.5804,Medium
M00885,2026-01-01,0.2103,Low
M00885,2026-02-01,0.1706,Low
M00885,2026-03-01,0.1222,Low
M00885,2026-04-01,0.1452,Low
M00885,2026-05-01,0.1901,Low
M00885,2026-06-01,0.2247,Low
M00886,2026-01-01,0.2534,Low
M00886,2026-02-01,0.2771,Low
M00886,2026-03-01,0.2706,Low
M00886,2026-04-01,0.227,Low
M00886,2026-05-01,0.1914,Low
M00886,2026-06-01,0.2994,Low
M00887,2026-01-01,0.5998,Medium
M00887,2026-02-01,0.5158,Medium
M00887,2026-03-01,0.592,Medium
M00887,2026-04-01,0.4713,Medium
M00887,2026-05-01,0.6162,Medium
M00887,2026-06-01,0.6075,Medium
M00888,2026-01-01,0.8707,High
M00888,2026-02-01,0.9053,High
M00888,2026-03-01,0.8007,High
M00888,2026-04-01,0.7947,High
M00888,2026-05-01,0.7496,High
M00888,2026-06-01,0.7434,High
M00889,2026-01-01,0.4291,Medium
M00889,2026-02-01,0.6457,Medium
M00889,2026-03-01,0.5039,Medium
M00889,2026-04-01,0.5547,Medium
M00889,2026-05-01,0.5763,Medium
M00889,2026-06-01,0.5695,Medium
M00890,2026-01-01,0.2576,Low
M00890,2026-02-01,0.26,Low
M00890,2026-03-01,0.2477,Low
M00890,2026-04-01,0.2432,Low
M00890,2026-05-01,0.1071,Low
M00890,2026-06-01,0.01,Low
M00891,2026-01-01,0.4561,Medium
M00891,2026-02-01,0.4261,Medium
M00891,2026-03-01,0.6228,Medium
M00891,2026-04-01,0.5199,Medium
M00891,2026-05-01,0.4045,Medium
M00891,2026-06-01,0.4482,Medium
M00892,2026-01-01,0.7552,High
M00892,2026-02-01,0.741,High
M00892,2026-03-01,0.7192,High
M00892,2026-04-01,0.7497,High
M00892,2026-05-01,0.7801,High
M00892,2026-06-01,0.6862,High
M00893,2026-01-01,0.3425,Low
M00893,2026-02-01,0.3021,Low
M00893,2026-03-01,0.2249,Low
M00893,2026-04-01,0.1367,Low
M00893,2026-05-01,0.2378,Low
M00893,2026-06-01,0.1547,Low
M00894,2026-01-01,0.1584,Low
M00894,2026-02-01,0.3092,Low
M00894,2026-03-01,0.1878,Low
M00894,2026-04-01,0.1343,Low
M00894,2026-05-01,0.1366,Low
M00894,2026-06-01,0.1714,Low
M00895,2026-01-01,0.0966,Low
M00895,2026-02-01,0.1803,Low
M00895,2026-03-01,0.1492,Low
M00895,2026-04-01,0.2814,Low
M00895,2026-05-01,0.1881,Low
M00895,2026-06-01,0.256,Low
M00896,2026-01-01,0.2224,Low
M00896,2026-02-01,0.1266,Low
M00896,2026-03-01,0.2751,Low
M00896,2026-04-01,0.3228,Low
M00896,2026-05-01,0.2131,Low
M00896,2026-06-01,0.1305,Low
M00897,2026-01-01,0.1322,Low
M00897,2026-02-01,0.1815,Low
M00897,2026-03-01,0.2056,Low
M00897,2026-04-01,0.2981,Low
M00897,2026-05-01,0.2205,Low
M00897,2026-06-01,0.2196,Low
M00898,2026-01-01,0.2507,Low
M00898,2026-02-01,0.2224,Low
M00898,2026-03-01,0.1674,Low
M00898,2026-04-01,0.2866,Low
M00898,2026-05-01,0.1522,Low
M00898,2026-06-01,0.2603,Low
M00899,2026-01-01,0.5865,Medium
M00899,2026-02-01,0.5534,Medium
M00899,2026-03-01,0.5323,Medium
M00899,2026-04-01,0.4915,Medium
M00899,2026-05-01,0.5844,Medium
M00899,2026-06-01,0.6351,Medium
M00900,2026-01-01,0.142,Low
M00900,2026-02-01,0.2254,Low
M00900,2026-03-01,0.3799,Medium
M00900,2026-04-01,0.1348,Low
M00900,2026-05-01,0.2939,Low
M00900,2026-06-01,0.1181,Low
M00901,2026-01-01,0.7959,High
M00901,2026-02-01,0.7897,High
M00901,2026-03-01,0.6595,Medium
M00901,2026-04-01,0.7813,High
M00901,2026-05-01,0.8731,High
M00901,2026-06-01,0.8032,High
M00902,2026-01-01,0.1848,Low
M00902,2026-02-01,0.1981,Low
M00902,2026-03-01,0.1903,Low
M00902,2026-04-01,0.1718,Low
M00902,2026-05-01,0.2532,Low
M00902,2026-06-01,0.1643,Low
M00903,2026-01-01,0.2609,Low
M00903,2026-02-01,0.2352,Low
M00903,2026-03-01,0.2322,Low
M00903,2026-04-01,0.2754,Low
M00903,2026-05-01,0.2434,Low
M00903,2026-06-01,0.3458,Low
M00904,2026-01-01,0.114,Low
M00904,2026-02-01,0.2566,Low
M00904,2026-03-01,0.2751,Low
M00904,2026-04-01,0.1386,Low
M00904,2026-05-01,0.1955,Low
M00904,2026-06-01,0.2105,Low
M00905,2026-01-01,0.7717,High
M00905,2026-02-01,0.6722,High
M00905,2026-03-01,0.7535,High
M00905,2026-04-01,0.7106,High
M00905,2026-05-01,0.8071,High
M00905,2026-06-01,0.8103,High
M00906,2026-01-01,0.2603,Low
M00906,2026-02-01,0.1911,Low
M00906,2026-03-01,0.1621,Low
M00906,2026-04-01,0.2957,Low
M00906,2026-05-01,0.2886,Low
M00906,2026-06-01,0.3475,Low
M00907,2026-01-01,0.3864,Medium
M00907,2026-02-01,0.1834,Low
M00907,2026-03-01,0.1327,Low
M00907,2026-04-01,0.2701,Low
M00907,2026-05-01,0.2985,Low
M00907,2026-06-01,0.1157,Low
M00908,2026-01-01,0.5369,Medium
M00908,2026-02-01,0.6091,Medium
M00908,2026-03-01,0.3944,Medium
M00908,2026-04-01,0.6664,Medium
M00908,2026-05-01,0.4696,Medium
M00908,2026-06-01,0.5214,Medium
M00909,2026-01-01,0.1589,Low
M00909,2026-02-01,0.2513,Low
M00909,2026-03-01,0.1928,Low
M00909,2026-04-01,0.2248,Low
M00909,2026-05-01,0.2513,Low
M00909,2026-06-01,0.2483,Low
M00910,2026-01-01,0.6321,Medium
M00910,2026-02-01,0.3824,Medium
M00910,2026-03-01,0.4484,Medium
M00910,2026-04-01,0.7346,High
M00910,2026-05-01,0.5691,Medium
M00910,2026-06-01,0.5374,Medium
M00911,2026-01-01,0.2231,Low
M00911,2026-02-01,0.2739,Low
M00911,2026-03-01,0.2454,Low
M00911,2026-04-01,0.1524,Low
M00911,2026-05-01,0.1546,Low
M00911,2026-06-01,0.2169,Low
M00912,2026-01-01,0.4021,Medium
M00912,2026-02-01,0.5692,Medium
M00912,2026-03-01,0.6315,Medium
M00912,2026-04-01,0.3914,Medium
M00912,2026-05-01,0.544,Medium
M00912,2026-06-01,0.645,Medium
M00913,2026-01-01,0.6811,High
M00913,2026-02-01,0.6786,High
M00913,2026-03-01,0.3757,Medium
M00913,2026-04-01,0.628,Medium
M00913,2026-05-01,0.4481,Medium
M00913,2026-06-01,0.5564,Medium
M00914,2026-01-01,0.2429,Low
M00914,2026-02-01,0.2133,Low
M00914,2026-03-01,0.168,Low
M00914,2026-04-01,0.2643,Low
M00914,2026-05-01,0.2956,Low
M00914,2026-06-01,0.4009,Medium
M00915,2026-01-01,0.0387,Low
M00915,2026-02-01,0.1004,Low
M00915,2026-03-01,0.4868,Medium
M00915,2026-04-01,0.1507,Low
M00915,2026-05-01,0.2734,Low
M00915,2026-06-01,0.2428,Low
M00916,2026-01-01,0.3008,Low
M00916,2026-02-01,0.2384,Low
M00916,2026-03-01,0.2433,Low
M00916,2026-04-01,0.3077,Low
M00916,2026-05-01,0.2192,Low
M00916,2026-06-01,0.1977,Low
M00917,2026-01-01,0.3271,Low
M00917,2026-02-01,0.2755,Low
M00917,2026-03-01,0.4842,Medium
M00917,2026-04-01,0.7149,High
M00917,2026-05-01,0.6474,Medium
M00917,2026-06-01,0.5621,Medium
M00918,2026-01-01,0.5468,Medium
M00918,2026-02-01,0.5568,Medium
M00918,2026-03-01,0.54,Medium
M00918,2026-04-01,0.5346,Medium
M00918,2026-05-01,0.6096,Medium
M00918,2026-06-01,0.5418,Medium
M00919,2026-01-01,0.6136,Medium
M00919,2026-02-01,0.5026,Medium
M00919,2026-03-01,0.514,Medium
M00919,2026-04-01,0.5259,Medium
M00919,2026-05-01,0.494,Medium
M00919,2026-06-01,0.5344,Medium
M00920,2026-01-01,0.2308,Low
M00920,2026-02-01,0.2094,Low
M00920,2026-03-01,0.1599,Low
M00920,2026-03-01,0.1636,Low
M00920,2026-04-01,0.2755,Low
M00920,2026-05-01,0.1947,Low
M00920,2026-06-01,0.3454,Low
M00921,2026-01-01,0.4189,Medium
M00921,2026-02-01,0.5823,Medium
M00921,2026-03-01,0.458,Medium
M00921,2026-04-01,0.5705,Medium
M00921,2026-05-01,0.5851,Medium
M00921,2026-06-01,0.5716,Medium
M00922,2026-01-01,0.1532,Low
M00922,2026-02-01,0.2665,Low
M00922,2026-03-01,0.2741,Low
M00922,2026-04-01,0.2173,Low
M00922,2026-05-01,0.2534,Low
M00922,2026-06-01,0.3312,Low
M00923,2026-01-01,0.2546,Low
M00923,2026-02-01,0.2516,Low
M00923,2026-03-01,0.3202,Low
M00923,2026-04-01,0.329,Low
M00923,2026-05-01,0.268,Low
M00923,2026-06-01,0.351,Medium
M00924,2026-01-01,0.2651,Low
M00924,2026-02-01,0.3654,Medium
M00924,2026-03-01,0.1412,Low
M00924,2026-04-01,0.1558,Low
M00924,2026-05-01,0.2723,Low
M00924,2026-06-01,0.2463,Low
M00925,2026-01-01,0.5289,Medium
M00925,2026-02-01,0.4927,Medium
M00925,2026-03-01,0.4968,Medium
M00925,2026-04-01,0.4235,Medium
M00925,2026-05-01,0.7415,High
M00925,2026-06-01,0.5191,Medium
M00926,2026-01-01,0.382,Medium
M00926,2026-02-01,0.1561,Low
M00926,2026-03-01,0.3592,Medium
M00926,2026-04-01,0.3446,Low
M00926,2026-05-01,0.2275,Low
M00926,2026-06-01,0.3047,Low
M00927,2026-01-01,0.1821,Low
M00927,2026-02-01,0.1037,Low
M00927,2026-03-01,0.2409,Low
M00927,2026-04-01,0.3883,Medium
M00927,2026-05-01,0.2114,Low
M00927,2026-06-01,0.1767,Low
M00928,2026-01-01,0.9088,High
M00928,2026-02-01,0.8265,High
M00928,2026-03-01,0.8077,High
M00928,2026-04-01,0.7054,High
M00928,2026-05-01,0.7526,High
M00928,2026-05-01,0.7326,High
M00928,2026-06-01,0.7393,High
M00929,2026-01-01,0.3016,Low
M00929,2026-02-01,0.1838,Low
M00929,2026-03-01,0.0654,Low
M00929,2026-04-01,0.2913,Low
M00929,2026-05-01,0.0881,Low
M00929,2026-06-01,0.2161,Low
M00930,2026-01-01,0.6792,High
M00930,2026-02-01,0.6458,Medium
M00930,2026-03-01,0.5662,Medium
M00930,2026-04-01,0.5766,Medium
M00930,2026-05-01,0.4652,Medium
M00930,2026-06-01,0.5926,Medium
M00931,2026-01-01,0.7509,High
M00931,2026-02-01,0.8008,High
M00931,2026-03-01,0.7008,High
M00931,2026-04-01,0.8657,High
M00931,2026-05-01,0.8395,High
M00931,2026-06-01,0.8046,High
M00932,2026-01-01,0.1839,Low
M00932,2026-02-01,0.0596,Low
M00932,2026-03-01,0.2557,Low
M00932,2026-04-01,0.1622,Low
M00932,2026-05-01,0.3121,Low
M00932,2026-06-01,0.2823,Low
M00933,2026-01-01,0.5645,Medium
M00933,2026-02-01,0.5335,Medium
M00933,2026-03-01,0.4832,Medium
M00933,2026-04-01,0.5758,Medium
M00933,2026-05-01,0.5477,Medium
M00933,2026-06-01,0.6157,Medium
M00934,2026-01-01,0.2078,Low
M00934,2026-02-01,0.2903,Low
M00934,2026-03-01,0.1907,Low
M00934,2026-04-01,0.3354,Low
M00934,2026-05-01,0.2136,Low
M00934,2026-06-01,0.1542,Low
M00935,2026-01-01,0.185,Low
M00935,2026-02-01,0.2211,Low
M00935,2026-03-01,0.1815,Low
M00935,2026-04-01,0.25,Low
M00935,2026-05-01,0.133,Low
M00935,2026-06-01,0.2806,Low
M00936,2026-01-01,0.547,Medium
M00936,2026-02-01,0.4994,Medium
M00936,2026-03-01,0.4631,Medium
M00936,2026-04-01,0.5978,Medium
M00936,2026-05-01,0.5788,Medium
M00936,2026-06-01,0.5222,Medium
M00937,2026-01-01,0.5864,Medium
M00937,2026-02-01,0.7732,High
M00937,2026-03-01,0.6801,High
M00937,2026-04-01,0.6703,High
M00937,2026-05-01,0.6671,Medium
M00937,2026-06-01,0.7627,High
M00938,2026-01-01,0.1745,Low
M00938,2026-02-01,0.0607,Low
M00938,2026-03-01,0.2928,Low
M00938,2026-04-01,0.245,Low
M00938,2026-05-01,0.2069,Low
M00938,2026-06-01,0.2926,Low
M00939,2026-01-01,0.2287,Low
M00939,2026-02-01,0.33,Low
M00939,2026-03-01,0.2864,Low
M00939,2026-04-01,0.3251,Low
M00939,2026-05-01,0.3023,Low
M00939,2026-06-01,0.1592,Low
M00940,2026-01-01,0.1958,Low
M00940,2026-02-01,0.1977,Low
M00940,2026-03-01,0.229,Low
M00940,2026-04-01,0.2707,Low
M00940,2026-05-01,0.2804,Low
M00940,2026-06-01,0.3445,Low
M00941,2026-01-01,0.702,High
M00941,2026-02-01,0.6849,High
M00941,2026-03-01,0.7549,High
M00941,2026-04-01,0.8913,High
M00941,2026-05-01,0.736,High
M00941,2026-06-01,0.7728,High
M00942,2026-01-01,0.6947,High
M00942,2026-02-01,0.7752,High
M00942,2026-03-01,0.7799,High
M00942,2026-04-01,0.6846,High
M00942,2026-05-01,0.8079,High
M00942,2026-06-01,0.784,High
M00943,2026-01-01,0.3816,Medium
M00943,2026-01-01,0.3856,Medium
M00943,2026-02-01,0.306,Low
M00943,2026-03-01,0.1084,Low
M00943,2026-04-01,0.2115,Low
M00943,2026-05-01,0.0686,Low
M00943,2026-06-01,0.2758,Low
M00944,2026-01-01,0.4797,Medium
M00944,2026-02-01,0.4041,Medium
M00944,2026-03-01,0.5226,Medium
M00944,2026-04-01,0.6912,High
M00944,2026-05-01,0.5902,Medium
M00944,2026-06-01,0.5544,Medium
M00945,2026-01-01,0.5259,Medium
M00945,2026-02-01,0.4815,Medium
M00945,2026-03-01,0.5388,Medium
M00945,2026-04-01,0.4953,Medium
M00945,2026-05-01,0.5455,Medium
M00945,2026-06-01,0.6327,Medium
M00946,2026-01-01,0.2637,Low
M00946,2026-02-01,0.2083,Low
M00946,2026-03-01,0.1125,Low
M00946,2026-04-01,0.4471,Medium
M00946,2026-05-01,0.2439,Low
M00946,2026-06-01,0.1194,Low
M00947,2026-01-01,0.2982,Low
M00947,2026-02-01,0.2361,Low
M00947,2026-03-01,0.1882,Low
M00947,2026-04-01,0.0934,Low
M00947,2026-05-01,0.3776,Medium
M00947,2026-06-01,0.1985,Low
M00948,2026-01-01,0.2319,Low
M00948,2026-02-01,0.2647,Low
M00948,2026-03-01,0.3003,Low
M00948,2026-04-01,0.0609,Low
M00948,2026-05-01,0.206,Low
M00948,2026-06-01,0.2573,Low
M00949,2026-01-01,0.4786,Medium
M00949,2026-02-01,0.4834,Medium
M00949,2026-03-01,0.5688,Medium
M00949,2026-04-01,0.558,Medium
M00949,2026-05-01,0.4963,Medium
M00949,2026-06-01,0.6511,Medium
M00950,2026-01-01,0.3072,Low
M00950,2026-02-01,0.3275,Low
M00950,2026-03-01,0.087,Low
M00950,2026-04-01,0.2355,Low
M00950,2026-05-01,0.1843,Low
M00950,2026-06-01,0.264,Low
M00951,2026-01-01,0.502,Medium
M00951,2026-02-01,0.5655,Medium
M00951,2026-03-01,0.424,Medium
M00951,2026-04-01,0.5926,Medium
M00951,2026-05-01,0.6022,Medium
M00951,2026-06-01,0.4711,Medium
M00952,2026-01-01,0.8491,High
M00952,2026-02-01,0.7362,High
M00952,2026-03-01,0.7336,High
M00952,2026-04-01,0.7635,High
M00952,2026-05-01,0.7152,High
M00952,2026-06-01,0.8322,High
M00953,2026-01-01,0.1094,Low
M00953,2026-02-01,0.3362,Low
M00953,2026-03-01,0.3154,Low
M00953,2026-04-01,0.3038,Low
M00953,2026-05-01,0.2536,Low
M00953,2026-06-01,0.2294,Low
M00954,2026-01-01,0.4429,Medium
M00954,2026-02-01,0.508,Medium
M00954,2026-03-01,0.4841,Medium
M00954,2026-04-01,0.6269,Medium
M00954,2026-05-01,0.5634,Medium
M00954,2026-06-01,0.6605,Medium
M00955,2026-01-01,0.329,Low
M00955,2026-02-01,0.3854,Medium
M00955,2026-03-01,0.3129,Low
M00955,2026-04-01,0.0954,Low
M00955,2026-05-01,0.3023,Low
M00955,2026-06-01,0.3111,Low
M00956,2026-01-01,0.726,High
M00956,2026-02-01,0.6813,High
M00956,2026-03-01,0.7712,High
M00956,2026-04-01,0.657,Medium
M00956,2026-05-01,0.6679,Medium
M00956,2026-06-01,0.7681,High
M00957,2026-01-01,0.4894,Medium
M00957,2026-02-01,0.5146,Medium
M00957,2026-03-01,0.5363,Medium
M00957,2026-04-01,0.6055,Medium
M00957,2026-05-01,0.4406,Medium
M00957,2026-06-01,0.5154,Medium
M00958,2026-01-01,0.4593,Medium
M00958,2026-02-01,0.6508,Medium
M00958,2026-03-01,0.64,Medium
M00958,2026-04-01,0.5666,Medium
M00958,2026-05-01,0.4246,Medium
M00958,2026-06-01,0.5674,Medium
M00959,2026-01-01,0.8299,High
M00959,2026-02-01,0.6995,High
M00959,2026-03-01,0.8435,High
M00959,2026-04-01,0.6669,Medium
M00959,2026-05-01,0.8433,High
M00959,2026-06-01,0.9562,High
M00960,2026-01-01,0.1986,Low
M00960,2026-02-01,0.2159,Low
M00960,2026-03-01,0.3094,Low
M00960,2026-04-01,0.1103,Low
M00960,2026-05-01,0.2893,Low
M00960,2026-06-01,0.1976,Low
M00961,2026-01-01,0.2103,Low
M00961,2026-02-01,0.3106,Low
M00961,2026-03-01,0.2379,Low
M00961,2026-04-01,0.3125,Low
M00961,2026-05-01,0.2829,Low
M00961,2026-06-01,0.3876,Medium
M00962,2026-01-01,0.5517,Medium
M00962,2026-02-01,0.3894,Medium
M00962,2026-03-01,0.5443,Medium
M00962,2026-04-01,0.4223,Medium
M00962,2026-05-01,0.4733,Medium
M00962,2026-06-01,0.5589,Medium
M00963,2026-01-01,0.1847,Low
M00963,2026-02-01,0.4885,Medium
M00963,2026-03-01,0.1454,Low
M00963,2026-04-01,0.3209,Low
M00963,2026-05-01,0.3253,Low
M00963,2026-06-01,0.2978,Low
M00964,2026-01-01,0.7446,High
M00964,2026-02-01,0.7869,High
M00964,2026-03-01,0.8535,High
M00964,2026-04-01,0.9229,High
M00964,2026-05-01,0.7815,High
M00964,2026-06-01,0.7084,High
M00965,2026-01-01,0.5031,Medium
M00965,2026-02-01,0.3976,Medium
M00965,2026-03-01,0.4994,Medium
M00965,2026-04-01,0.5497,Medium
M00965,2026-05-01,0.67,Medium
M00965,2026-06-01,0.5253,Medium
M00966,2026-01-01,0.068,Low
M00966,2026-02-01,0.1813,Low
M00966,2026-03-01,0.0882,Low
M00966,2026-04-01,0.351,Medium
M00966,2026-05-01,0.2351,Low
M00966,2026-06-01,0.2352,Low
M00967,2026-01-01,0.2687,Low
M00967,2026-02-01,0.1038,Low
M00967,2026-03-01,0.2679,Low
M00967,2026-04-01,0.306,Low
M00967,2026-05-01,0.2168,Low
M00967,2026-06-01,0.2357,Low
M00968,2026-01-01,0.31,Low
M00968,2026-02-01,0.4454,Medium
M00968,2026-03-01,0.22,Low
M00968,2026-04-01,0.0936,Low
M00968,2026-05-01,0.3373,Low
M00968,2026-06-01,0.1717,Low
M00969,2026-01-01,0.2936,Low
M00969,2026-02-01,0.1557,Low
M00969,2026-03-01,0.2873,Low
M00969,2026-04-01,0.2443,Low
M00969,2026-05-01,0.0558,Low
M00969,2026-06-01,0.2385,Low
M00970,2026-01-01,0.1353,Low
M00970,2026-02-01,0.1388,Low
M00970,2026-03-01,0.0611,Low
M00970,2026-04-01,0.3447,Low
M00970,2026-05-01,0.281,Low
M00970,2026-06-01,0.1612,Low
M00971,2026-01-01,0.5439,Medium
M00971,2026-02-01,0.5495,Medium
M00971,2026-03-01,0.4727,Medium
M00971,2026-04-01,0.5753,Medium
M00971,2026-05-01,0.5885,Medium
M00971,2026-06-01,0.7512,High
M00972,2026-01-01,0.1573,Low
M00972,2026-02-01,0.2948,Low
M00972,2026-03-01,0.2072,Low
M00972,2026-04-01,0.2933,Low
M00972,2026-05-01,0.3565,Medium
M00972,2026-06-01,0.221,Low
M00973,2026-01-01,0.2546,Low
M00973,2026-02-01,0.2315,Low
M00973,2026-03-01,0.1769,Low
M00973,2026-04-01,0.1763,Low
M00973,2026-05-01,0.2545,Low
M00973,2026-06-01,0.2283,Low
M00974,2026-01-01,0.2964,Low
M00974,2026-02-01,0.2123,Low
M00974,2026-03-01,0.1265,Low
M00974,2026-04-01,0.2439,Low
M00974,2026-05-01,0.1117,Low
M00974,2026-06-01,0.2882,Low
M00975,2026-01-01,0.213,Low
M00975,2026-02-01,0.0854,Low
M00975,2026-03-01,0.2511,Low
M00975,2026-04-01,0.1688,Low
M00975,2026-05-01,0.1568,Low
M00975,2026-06-01,0.3701,Medium
M00976,2026-01-01,0.7068,High
M00976,2026-02-01,0.714,High
M00976,2026-03-01,0.6114,Medium
M00976,2026-04-01,0.7324,High
M00976,2026-05-01,0.6992,High
M00976,2026-06-01,0.8303,High
M00977,2026-01-01,0.1312,Low
M00977,2026-02-01,0.1987,Low
M00977,2026-03-01,0.1677,Low
M00977,2026-04-01,0.223,Low
M00977,2026-05-01,0.1932,Low
M00977,2026-06-01,0.2159,Low
M00978,2026-01-01,0.2239,Low
M00978,2026-02-01,0.2635,Low
M00978,2026-03-01,0.2663,Low
M00978,2026-04-01,0.2195,Low
M00978,2026-05-01,0.2056,Low
M00978,2026-06-01,0.216,Low
M00979,2026-01-01,0.4441,Medium
M00979,2026-02-01,0.304,Low
M00979,2026-03-01,0.5936,Medium
M00979,2026-03-01,0.5532,Medium
M00979,2026-04-01,0.4652,Medium
M00979,2026-05-01,0.4516,Medium
M00979,2026-06-01,0.4349,Medium
M00980,2026-01-01,0.3148,Low
M00980,2026-02-01,0.3329,Low
M00980,2026-03-01,0.2866,Low
M00980,2026-04-01,0.1666,Low
M00980,2026-05-01,0.1631,Low
M00980,2026-06-01,0.2042,Low
M00981,2026-01-01,0.3792,Medium
M00981,2026-02-01,0.1951,Low
M00981,2026-03-01,0.215,Low
M00981,2026-04-01,0.1633,Low
M00981,2026-05-01,0.1043,Low
M00981,2026-06-01,0.2267,Low
M00982,2026-01-01,0.84,High
M00982,2026-02-01,0.831,High
M00982,2026-03-01,0.8529,High
M00982,2026-04-01,0.7398,High
M00982,2026-05-01,0.7902,High
M00982,2026-06-01,0.7281,High
M00983,2026-01-01,0.524,Medium
M00983,2026-02-01,0.4629,Medium
M00983,2026-03-01,0.5579,Medium
M00983,2026-04-01,0.4812,Medium
M00983,2026-05-01,0.4864,Medium
M00983,2026-06-01,0.4686,Medium
M00984,2026-01-01,0.2894,Low
M00984,2026-02-01,0.2536,Low
M00984,2026-03-01,0.1277,Low
M00984,2026-04-01,0.3578,Medium
M00984,2026-05-01,0.1803,Low
M00984,2026-06-01,0.2443,Low
M00985,2026-01-01,0.5218,Medium
M00985,2026-02-01,0.4658,Medium
M00985,2026-03-01,0.4022,Medium
M00985,2026-04-01,0.4565,Medium
M00985,2026-05-01,0.5675,Medium
M00985,2026-06-01,0.6196,Medium
M00986,2026-01-01,0.3141,Low
M00986,2026-02-01,0.111,Low
M00986,2026-03-01,0.3315,Low
M00986,2026-04-01,0.2827,Low
M00986,2026-05-01,0.1929,Low
M00986,2026-06-01,0.2497,Low
M00987,2026-01-01,0.2302,Low
M00987,2026-02-01,0.2448,Low
M00987,2026-03-01,0.2878,Low
M00987,2026-04-01,0.2203,Low
M00987,2026-05-01,0.331,Low
M00987,2026-06-01,0.3525,Medium
M00988,2026-01-01,0.4734,Medium
M00988,2026-02-01,0.4721,Medium
M00988,2026-03-01,0.571,Medium
M00988,2026-04-01,0.5349,Medium
M00988,2026-05-01,0.5434,Medium
M00988,2026-06-01,0.6756,High
M00989,2026-01-01,0.7647,High
M00989,2026-02-01,0.7104,High
M00989,2026-03-01,0.7298,High
M00989,2026-04-01,0.6847,High
M00989,2026-05-01,0.7244,High
M00989,2026-06-01,0.8392,High
M00990,2026-01-01,0.2849,Low
M00990,2026-02-01,0.1866,Low
M00990,2026-03-01,0.2732,Low
M00990,2026-04-01,0.2275,Low
M00990,2026-05-01,0.2935,Low
M00990,2026-06-01,0.2063,Low
M00991,2026-01-01,0.206,Low
M00991,2026-02-01,0.2151,Low
M00991,2026-03-01,0.2116,Low
M00991,2026-04-01,0.2739,Low
M00991,2026-05-01,0.2341,Low
M00991,2026-06-01,0.2138,Low
M00992,2026-01-01,0.4403,Medium
M00992,2026-02-01,0.5244,Medium
M00992,2026-03-01,0.5261,Medium
M00992,2026-04-01,0.6355,Medium
M00992,2026-05-01,0.5842,Medium
M00992,2026-06-01,0.4684,Medium
M00993,2026-01-01,0.742,High
M00993,2026-02-01,0.7184,High
M00993,2026-03-01,0.8442,High
M00993,2026-04-01,0.8333,High
M00993,2026-05-01,0.8203,High
M00993,2026-06-01,0.8159,High
M00994,2026-01-01,0.3962,Medium
M00994,2026-02-01,0.5908,Medium
M00994,2026-03-01,0.4659,Medium
M00994,2026-04-01,0.689,High
M00994,2026-05-01,0.4625,Medium
M00994,2026-06-01,0.5142,Medium
M00995,2026-01-01,0.5254,Medium
M00995,2026-02-01,0.5067,Medium
M00995,2026-03-01,0.6111,Medium
M00995,2026-04-01,0.5386,Medium
M00995,2026-05-01,0.4936,Medium
M00995,2026-06-01,0.835,High
M00996,2026-01-01,0.2303,Low
M00996,2026-02-01,0.3479,Low
M00996,2026-03-01,0.2576,Low
M00996,2026-04-01,0.3261,Low
M00996,2026-05-01,0.3234,Low
M00996,2026-06-01,0.3599,Medium
M00997,2026-01-01,0.5747,Medium
M00997,2026-02-01,0.4691,Medium
M00997,2026-03-01,0.5437,Medium
M00997,2026-04-01,0.5801,Medium
M00997,2026-05-01,0.561,Medium
M00997,2026-06-01,0.5485,Medium
M00998,2026-01-01,0.6708,High
M00998,2026-02-01,0.4218,Medium
M00998,2026-03-01,0.6676,Medium
M00998,2026-04-01,0.5256,Medium
M00998,2026-05-01,0.5441,Medium
M00998,2026-06-01,0.6077,Medium
M00999,2026-01-01,0.1675,Low
M00999,2026-02-01,0.1875,Low
M00999,2026-03-01,0.2188,Low
M00999,2026-04-01,0.2826,Low
M00999,2026-05-01,0.2267,Low
M00999,2026-06-01,0.2431,Low
M01000,2026-01-01,0.2189,Low
M01000,2026-02-01,0.2168,Low
M01000,2026-03-01,0.0817,Low
M01000,2026-04-01,0.3251,Low
M01000,2026-05-01,0.202,Low
M01000,2026-06-01,0.277,Low
